key,l1,l2,f,E11,am_log_likelihood,am_odds_ratio_disc,am_p1_given2,am_p2_given1,am_p1_given2_simple,am_p2_given1_simple,f1,f2,N,Fyy(O11),Fyn(O12),Fny(O21),Fnn(O22),Fy_(R1),Fn_(R2),F_y(C1),F_n(C2),E12,E21,E22,t_score,dice,mutual_information,deltaP_min,deltaP_max,deltaP_abs_max,deltaP_mean,unexpected_f,unexpected_ratio,conservative_log_ratio,conservative_log_ratio_001,conservative_log_ratio_01,conservative_log_ratio_05,conservative_log_ratio_nc,conservative_log_ratio_dv,f_sqrt,f1_sqrt,f2_sqrt
NEG~that,NEGATED,that,164768,83337.4223,214504.566,1.9590807,0.5017311,0.051316153,0.98855263,0.051917344,3173660,166676,6347364,164768.0,3008892.0,1908.0,3171796.0,3173660.0,3173704.0,166676.0,6180688.0,3090322.577699972,83338.577699971,3090365.422300028,200.60931,0.09865355,0.29603282,0.051316153,0.5017311,0.5017311,0.27652362,81430.5777,0.49421355,6.2631984,6.2538486,6.267388,6.277548,6.3394856,6.2981443,405.9162475191157,1781.4769153710638,408.2597212559672
NEG~not,NEGATED,not,5660,2829.9804,7851.5562,4.054666,0.5004497,0.00178343,1.0,0.00178343,3173660,5660,6347364,5660.0,3168000.0,0.0,3173704.0,3173660.0,3173704.0,5660.0,6341704.0,3170830.019617592,2830.019617592,3170873.980382408,37.616745,0.00356051,0.30103302,0.00178343,0.5004497,0.5004497,0.25111657,2830.0196,0.50000346,8.466629,8.327958,8.5307045,8.691438,9.882934,9.043161,75.2329714952161,1781.4769153710638,75.2329714952161
COM~increasingly,COMPLEMENT,increasingly,17147,8609.6473,22976.1027,2.370292,0.49712992,0.005380093,0.99576074,0.005403094,3173552,17220,6347364,17147.0,3156405.0,73.0,3173739.0,3173552.0,3173812.0,17220.0,6330144.0,3164942.352681838,8610.352681838,3165201.647318162,65.19723,0.010747869,0.2992028,0.005380093,0.49712992,0.49712992,0.251255,8537.3527,0.4978919,7.070489,7.029879,7.088791,7.1334486,7.414377,7.225187,130.9465539829132,1781.4466031851755,131.224997618594
NEG~necessarily,NEGATED,necessarily,42595,21442.8514,56251.145,2.1705596,0.49657312,0.013329722,0.99321455,0.013421413,3173660,42886,6347364,42595.0,3131065.0,291.0,3173413.0,3173660.0,3173704.0,42886.0,6304478.0,3152217.148643122,21443.148643122,3152260.851356878,102.48851,0.02648493,0.2980761,0.013329722,0.49657312,0.49657312,0.25495142,21152.1486,0.4965876,6.772607,6.7501473,6.7826943,6.807217,6.9585886,6.8571944,206.3855615104894,1781.4769153710638,207.08935269588343
COM~relatively,COMPLEMENT,relatively,26303,13309.9548,33565.4911,1.9205106,0.49013063,0.008187994,0.9880545,0.008288189,3173552,26621,6347364,26303.0,3147249.0,318.0,3173494.0,3173552.0,3173812.0,26621.0,6320743.0,3160242.045223182,13311.045223182,3160500.954776818,80.11398,0.016438486,0.2958287,0.008187994,0.49013063,0.49013063,0.24915932,12993.0452,0.4939758,5.9655676,5.9439154,5.975291,5.9989233,6.1446447,6.047064,162.18199653475722,1781.4466031851755,163.15943123215402
NEG~exactly,NEGATED,exactly,43813,22251.3458,54870.7198,1.8083931,0.48791984,0.013587785,0.9844954,0.013805197,3173660,44503,6347364,43813.0,3129847.0,690.0,3173014.0,3173660.0,3173704.0,44503.0,6302861.0,3151408.654247653,22251.654247653,3151452.345752347,103.010284,0.027228577,0.2942467,0.013587785,0.48791984,0.48791984,0.2507538,21561.6542,0.49212915,5.7099032,5.6947165,5.7167153,5.7332516,5.834587,5.7668486,209.3155512617254,1781.4769153710638,210.95734165939805
COM~almost,COMPLEMENT,almost,19843,10119.5855,24212.2056,1.7009864,0.48194265,0.006127529,0.98038536,0.006252615,3173552,20240,6347364,19843.0,3153709.0,397.0,3173415.0,3173552.0,3173812.0,20240.0,6327124.0,3163432.414534285,10120.414534285,3163691.585465715,69.02638,0.012425981,0.29244462,0.006127529,0.48194265,0.48194265,0.24403508,9723.4145,0.49001735,5.278233,5.2585626,5.287062,5.308513,5.440489,5.352169,140.86518377512593,1781.4466031851755,142.2673539502299
COM~mostly,COMPLEMENT,mostly,9295,4738.8059,11346.0115,1.705921,0.48143148,0.002871235,0.98069215,0.002928895,3173552,9478,6347364,9295.0,3164257.0,183.0,3173629.0,3173552.0,3173812.0,9478.0,6337886.0,3168813.194118378,4739.194118377,3169072.805881622,47.258236,0.005840347,0.2925805,0.002871235,0.48143148,0.48143148,0.24215136,4556.1941,0.4901769,5.13752,5.109664,5.150041,5.1805077,5.3694043,5.242713,96.41058033224361,1781.4466031851755,97.35502041497398
COM~seemingly,COMPLEMENT,seemingly,7411,3778.8452,9037.0701,1.7021449,0.4811438,0.002288922,0.9805504,0.002335238,3173552,7558,6347364,7411.0,3166141.0,147.0,3173665.0,3173552.0,3173812.0,7558.0,6339806.0,3169773.154794967,3779.154794967,3170032.845205033,42.191593,0.00465938,0.29251772,0.002288922,0.4811438,0.4811438,0.24171637,3632.1548,0.4901032,5.0688977,5.038244,5.0826836,5.1162443,5.3248873,5.1848454,86.08716512930368,1781.4466031851755,86.93675862372602
COM~largely,COMPLEMENT,largely,7916,4050.3341,9476.3172,1.6312842,0.4777936,0.002436076,0.9771633,0.002494366,3173552,8101,6347364,7916.0,3165636.0,185.0,3173627.0,3173552.0,3173812.0,8101.0,6339263.0,3169501.665916119,4050.665916119,3169761.334083881,43.448162,0.00497603,0.29101494,0.002436076,0.4777936,0.4777936,0.24011484,3865.6659,0.48833576,4.891736,4.8639407,4.904229,4.9346256,5.123031,4.9966803,88.9719056781409,1781.4466031851755,90.00555538409837
COM~pretty,COMPLEMENT,pretty,68498,35225.557,80502.9029,1.5534455,0.47755846,0.020967724,0.9722372,0.021584017,3173552,70454,6347364,68498.0,3105054.0,1956.0,3171856.0,3173552.0,3173812.0,70454.0,6276910.0,3138326.442964355,35228.442964355,3138583.557035645,127.129326,0.0422305,0.28882003,0.020967724,0.47755846,0.47755846,0.2492631,33272.443,0.48574328,4.961724,4.952398,4.9659023,4.9760346,5.037785,4.996573,261.721225734559,1781.4466031851755,265.43172380105585
COM~fairly,COMPLEMENT,fairly,17040,8728.1425,20307.1036,1.6131425,0.47744632,0.00523799,0.9761127,0.005369378,3173552,17457,6347364,17040.0,3156512.0,417.0,3173395.0,3173552.0,3173812.0,17457.0,6329907.0,3164823.857535822,8728.857535821,3165083.142464178,63.67417,0.010680007,0.29054776,0.00523799,0.47744632,0.47744632,0.24134216,8311.8575,0.48778507,4.995302,4.976016,5.003958,5.0249853,5.1542835,5.0677686,130.53735097664577,1781.4466031851755,132.12494087037467
COM~rather,COMPLEMENT,rather,16570,8529.1506,19253.1955,1.5318251,0.47262546,0.005067205,0.97133476,0.005221279,3173552,17059,6347364,16570.0,3156982.0,489.0,3173323.0,3173552.0,3173812.0,17059.0,6330305.0,3165022.849384406,8529.849384406,3165282.150615594,62.465565,0.010386725,0.2884167,0.005067205,0.47262546,0.47262546,0.23884635,8040.849399999999,0.4852655,4.75077,4.7327943,4.758836,4.7784243,4.8987083,4.8182564,128.7245120402482,1781.4466031851755,130.61010680647956
COM~sometimes,COMPLEMENT,sometimes,6493,3340.8631,7549.6696,1.5357689,0.47223267,0.001986423,0.97171503,0.002045972,3173552,6682,6347364,6493.0,3167059.0,189.0,3173623.0,3173552.0,3173812.0,6682.0,6340682.0,3170211.136853661,3341.136853661,3170470.863146339,39.118515,0.004083347,0.2885867,0.001986423,0.47223267,0.47223267,0.23710954,3152.1369,0.48546696,4.5785675,4.550922,4.590992,4.6212187,4.808473,4.682913,80.5791536316931,1781.4466031851755,81.74350127074322
NEG~immediately,NEGATED,immediately,56099,29019.7988,63920.5351,1.4683074,0.4708666,0.017064849,0.96655756,0.017676437,3173660,58040,6347364,56099.0,3117561.0,1941.0,3171763.0,3173660.0,3173704.0,58040.0,6289324.0,3144640.201166972,29020.201166973,3144683.798833028,114.3295,0.03471795,0.28626072,0.017064849,0.4708666,0.4708666,0.24396572,27079.2012,0.4827038,4.6834793,4.6740885,4.6876874,4.6978908,4.760071,4.718572,236.8522746354782,1781.4769153710638,240.91492274244865
COM~most,COMPLEMENT,most,325174,172181.9468,344851.7728,1.2730613,0.46974218,0.09641297,0.9442357,0.10246374,3173552,344378,6347364,325174.0,2848378.0,19204.0,3154608.0,3173552.0,3173812.0,344378.0,6002986.0,3001370.053186173,172196.053186173,3001615.946813827,268.294,0.18486667,0.2761282,0.09641297,0.46974218,0.46974218,0.28307757,152992.0532,0.47049287,4.0266914,4.02359,4.028079,4.031441,4.0518193,4.0382404,570.2403002243879,1781.4466031851755,586.8372857956454
COM~no,COMPLEMENT,no,10241,5295.2831,11623.3113,1.467067,0.46775404,0.003116706,0.9669531,0.003226984,3173552,10591,6347364,10241.0,3163311.0,350.0,3173462.0,3173552.0,3173812.0,10591.0,6336773.0,3168256.716913667,5295.716913667,3168516.283086333,48.87177,0.0064325,0.2864532,0.003116706,0.46775404,0.46775404,0.23543537,4945.7169,0.482933,4.479792,4.458766,4.489231,4.512165,4.653352,4.558851,101.19782606360673,1781.4466031851755,102.91258426451063
NEG~yet,NEGATED,yet,51867,26940.3132,57900.1214,1.4176147,0.46658552,0.01570837,0.96262133,0.01634296,3173660,53881,6347364,51867.0,3121793.0,2014.0,3171690.0,3173660.0,3173704.0,53881.0,6293483.0,3146719.686751854,26940.686751855,3146763.313248146,109.45081,0.03214026,0.2844885,0.01570837,0.46658552,0.46658552,0.24114694,24926.6868,0.48058856,4.5197535,4.5105066,4.523896,4.533942,4.5951505,4.5543027,227.7432765198569,1781.4769153710638,232.12281232140884
COM~also,COMPLEMENT,also,48143,25053.4737,53221.8139,1.3952489,0.46445262,0.014550624,0.96076554,0.015170068,3173552,50109,6347364,48143.0,3125409.0,1966.0,3171846.0,3173552.0,3173812.0,50109.0,6297255.0,3148498.52627957,25055.526279571,3148756.47372043,105.232155,0.029868525,0.2836652,0.014550624,0.46445262,0.46445262,0.23950163,23089.5263,0.479603,4.4449935,4.4356284,4.449189,4.459364,4.5213604,4.479986,219.41513165686635,1781.4466031851755,223.8503964704999
COM~probably,COMPLEMENT,probably,5724,2978.878,6291.0629,1.3883823,0.46117845,0.001729929,0.96072507,0.001803657,3173552,5958,6347364,5724.0,3167828.0,234.0,3173578.0,3173552.0,3173812.0,5958.0,6341406.0,3170573.122025458,2979.122025458,3170832.877974542,36.283722,0.003600555,0.2836469,0.001729929,0.46117845,0.46117845,0.2314542,2745.122,0.47958106,4.1361313,4.1107903,4.1475143,4.1751914,4.3461723,4.231615,75.65712127751095,1781.4466031851755,77.18808198161165
COM~now,COMPLEMENT,now,19616,10233.5808,21346.763,1.3645389,0.45987746,0.00591264,0.958374,0.006181087,3173552,20468,6347364,19616.0,3153936.0,852.0,3172960.0,3173552.0,3173812.0,20468.0,6326896.0,3163318.41920394,10234.41920394,3163577.58079606,66.989944,0.012282954,0.28258282,0.00591264,0.45987746,0.45987746,0.23289506,9382.4192,0.47830442,4.269922,4.2559443,4.2761893,4.2913985,4.3844247,4.3222737,140.05713120009278,1781.4466031851755,143.06641814206435
COM~potentially,COMPLEMENT,potentially,8708,4555.3134,9340.835,1.3352735,0.4564434,0.002616952,0.95576775,0.002743929,3173552,9111,6347364,8708.0,3164844.0,403.0,3173409.0,3173552.0,3173812.0,9111.0,6338253.0,3168996.686601871,4555.686601871,3169256.313398129,44.50102,0.005472147,0.28140014,0.002616952,0.4564434,0.4564434,0.22953019,4152.6866,0.47688177,4.065741,4.0458827,4.074653,4.0963016,4.229365,4.14034,93.31666517830564,1781.4466031851755,95.4515583948214
COM~somewhat,COMPLEMENT,somewhat,12992,6803.2213,13877.7723,1.3261976,0.45580027,0.003900062,0.9548027,0.004093836,3173552,13607,6347364,12992.0,3160560.0,615.0,3173197.0,3173552.0,3173812.0,13607.0,6333757.0,3166748.778684191,6803.778684191,3167008.221315809,54.295887,0.008152715,0.28096142,0.003900062,0.45580027,0.45580027,0.22985016,6188.7787,0.47635305,4.1011915,4.0848618,4.108516,4.126297,4.2352576,4.1624217,113.98245479020005,1781.4466031851755,116.64904628842878
COM~both,COMPLEMENT,both,6111,3214.3683,6386.1007,1.2838675,0.45101392,0.001825408,0.9505366,0.001925603,3173552,6429,6347364,6111.0,3167441.0,318.0,3173494.0,3173552.0,3173812.0,6429.0,6340935.0,3170337.631671982,3214.631671982,3170597.368328018,37.054173,0.003843419,0.27901664,0.001825408,0.45101392,0.45101392,0.22641967,2896.6317,0.4740029,3.850694,3.8284774,3.8606677,3.8849022,4.0341268,3.9342394,78.1728853247723,1781.4466031851755,80.18104514160439
COM~still,COMPLEMENT,still,35199,18581.2388,36320.1913,1.2576739,0.4497802,0.010472228,0.94712627,0.011091358,3173552,37164,6347364,35199.0,3138353.0,1965.0,3171847.0,3173552.0,3173812.0,37164.0,6310200.0,3154970.761153764,18582.761153764,3155229.238846236,88.57423,0.02192595,0.27745566,0.010472228,0.4497802,0.4497802,0.23012622,16617.7612,0.4721089,3.9926076,3.9831645,3.9968383,4.007097,4.069592,4.027887,187.61396536505484,1781.4466031851755,192.77966697761462
NEG~any,NEGATED,any,15384,8118.9437,15851.5548,1.2573708,0.4485583,0.004578314,0.9474073,0.0048474,3173660,16238,6347364,15384.0,3158276.0,854.0,3172850.0,3173660.0,3173704.0,16238.0,6331126.0,3165541.056281001,8119.056281001,3165584.943718999,58.57393,0.009645449,0.27756974,0.004578314,0.4485583,0.4485583,0.22656831,7265.0563,0.47224754,3.9145277,3.9004693,3.920831,3.9361262,4.029656,3.967173,124.03225386970922,1781.4769153710638,127.42841127472319
COM~surprisingly,COMPLEMENT,surprisingly,5288,2794.3855,5408.1293,1.2447639,0.4465579,0.001571433,0.9461442,0.001666272,3173552,5589,6347364,5288.0,3168264.0,301.0,3173511.0,3173552.0,3173812.0,5589.0,6341775.0,3170757.61446799,2794.61446799,3171017.38553201,34.29127,0.003326685,0.27700514,0.001571433,0.4465579,0.4465579,0.22406466,2493.6145,0.47156098,3.709037,3.6861863,3.719296,3.744225,3.897772,3.7949822,72.71863585079137,1781.4466031851755,74.75961476626267
COM~slightly,COMPLEMENT,slightly,17076,9035.1299,17390.0747,1.2366002,0.44623032,0.005067219,0.94493943,0.005380722,3173552,18071,6347364,17076.0,3156476.0,995.0,3172817.0,3173552.0,3173812.0,18071.0,6329293.0,3164516.87011112,9035.87011112,3164776.12988888,61.533268,0.010700512,0.27645174,0.005067219,0.44623032,0.44623032,0.22564876,8040.8701,0.4708872,3.8628497,3.8497534,3.8687205,3.8829644,3.9699905,3.9118667,130.67516979135706,1781.4466031851755,134.42841961430625
COM~highly,COMPLEMENT,highly,33581,17992.263,32384.3518,1.1492211,0.43565887,0.009823755,0.9331685,0.010581519,3173552,35986,6347364,33581.0,3139971.0,2405.0,3171407.0,3173552.0,3173812.0,35986.0,6311378.0,3155559.737027213,17993.737027213,3155818.262972787,85.06759,0.020925753,0.27100784,0.009823755,0.43565887,0.43565887,0.22274132,15588.737000000001,0.464213,3.648159,3.639523,3.6520276,3.6614065,3.7184918,3.6804066,183.25119372053214,1781.4466031851755,189.6997627831938
NEG~remotely,NEGATED,remotely,5661,3080.4786,5075.5677,1.0542403,0.41925475,0.0016262,0.91884434,0.001783745,3173660,6161,6347364,5661.0,3167999.0,500.0,3173204.0,3173660.0,3173704.0,6161.0,6341203.0,3170579.521354061,3080.521354061,3170623.478645939,34.297375,0.003560578,0.26427495,0.0016262,0.41925475,0.41925475,0.21044047,2580.5214,0.45584196,3.162318,3.143895,3.1705816,3.1906438,3.3136256,3.231409,75.23961722390672,1781.4769153710638,78.49203781276162
COM~extremely,COMPLEMENT,extremely,41289,22657.5719,35860.3774,1.0158677,0.4140919,0.011741207,0.91111505,0.013010343,3173552,45317,6347364,41289.0,3132263.0,4028.0,3169784.0,3173552.0,3173812.0,45317.0,6302047.0,3150894.428134892,22659.428134892,3151152.571865108,91.691475,0.025654353,0.260621,0.011741207,0.4140919,0.4140919,0.21291657,18631.4281,0.45124435,3.2357235,3.2289143,3.2387729,3.2461631,3.2910676,3.2611237,203.19694879598956,1781.4466031851755,212.8778992756176
COM~deeply,COMPLEMENT,deeply,7317,4028.335,6233.1679,0.99577445,0.40869364,0.00207246,0.9081544,0.002305618,3173552,8057,6347364,7317.0,3166235.0,740.0,3173072.0,3173552.0,3173812.0,8057.0,6339307.0,3169523.665014958,4028.665014957,3169783.334985042,38.44617,0.00459956,0.2592075,0.00207246,0.40869364,0.40869364,0.20538306,3288.665,0.44945538,3.0241678,3.0087368,3.0310862,3.0478737,3.1505141,3.0819473,85.53946457629952,1781.4466031851755,89.76079322287654
NEG~terribly,NEGATED,terribly,17949,9900.9314,15186.2149,0.98827535,0.40769896,0.005071755,0.90642357,0.005655615,3173660,19802,6347364,17949.0,3155711.0,1853.0,3171851.0,3173660.0,3173704.0,19802.0,6327562.0,3163759.068633846,9901.068633845,3163802.931366154,60.071922,0.011241092,0.2583642,0.005071755,0.40769896,0.40769896,0.20638536,8048.0686000000005,0.44838536,3.0964108,3.0864537,3.1008718,3.1116874,3.177551,3.1336029,133.9738780509096,1781.4769153710638,140.71957930579526
NEG~only,NEGATED,only,113502,64086.5557,88060.8101,0.9023115,0.3934797,0.031140765,0.8855306,0.035763755,3173660,128174,6347364,113502.0,3060158.0,14672.0,3159032.0,3173660.0,3173704.0,128174.0,6219190.0,3109573.444251818,64087.444251819,3109616.555748182,146.67664,0.06875088,0.24823658,0.031140765,0.3934797,0.3934797,0.21231024,49415.4443,0.43537068,2.886435,2.8827727,2.8880744,2.8920455,2.9161148,2.900076,336.9005788062704,1781.4769153710638,358.0139662080238
COM~far,COMPLEMENT,far,18392,10443.5722,13711.6361,0.86952734,0.3817824,0.005008963,0.88050556,0.005795399,3173552,20888,6347364,18392.0,3155160.0,2496.0,3171316.0,3173552.0,3173812.0,20888.0,6326476.0,3163108.427805936,10444.427805936,3163367.572194064,58.60933,0.011515007,0.24577989,0.005008963,0.3817824,0.3817824,0.19339569,7948.4277999999995,0.43216768,2.7240982,2.7153385,2.7280216,2.737532,2.7953703,2.7567914,135.6171080653175,1781.4466031851755,144.52681412111733
COM~incredibly,COMPLEMENT,incredibly,17088,9715.102,12668.3291,0.8648986,0.3806051,0.004646274,0.8794195,0.005384503,3173552,19431,6347364,17088.0,3156464.0,2343.0,3171469.0,3173552.0,3173812.0,19431.0,6327933.0,3163836.897965202,9715.897965203,3164096.102034798,56.401752,0.010703471,0.24524386,0.004646274,0.3806051,0.3806051,0.19262569,7372.897999999999,0.4314664,2.704159,2.6951196,2.7082076,2.718022,2.7777205,2.737899,130.72107710694553,1781.4466031851755,139.3951218658673
NEG~overly,NEGATED,overly,24613,14065.9025,17861.6161,0.8475979,0.37658364,0.0066466,0.8749111,0.007755399,3173660,28132,6347364,24613.0,3149047.0,3519.0,3170185.0,3173660.0,3173704.0,28132.0,6319232.0,3159594.097505674,14066.097505673,3159637.902494326,67.22807,0.015374515,0.24299695,0.0066466,0.37658364,0.37658364,0.19161512,10547.0975,0.42851734,2.6729574,2.6655216,2.6762874,2.6843572,2.7333891,2.7006934,156.8853084262513,1781.4769153710638,167.72596698186004
NEG~entirely,NEGATED,entirely,63321,36405.2476,45040.3245,0.83172023,0.3739557,0.016961847,0.8696625,0.019952044,3173660,72811,6347364,63321.0,3110339.0,9490.0,3164214.0,3173660.0,3173704.0,72811.0,6274553.0,3137254.752363344,36405.752363343,3137298.247636656,106.96277,0.039009128,0.24038377,0.016961847,0.3739557,0.3739557,0.19545877,26915.752399999998,0.42506835,2.6565363,2.651952,2.6585884,2.66356,2.693708,2.6736155,251.63664280068593,1781.4769153710638,269.8351348508937
COM~often,COMPLEMENT,often,14190,8229.6629,9635.9212,0.7975473,0.36305186,0.003756102,0.86208993,0.004471331,3173552,16460,6347364,14190.0,3159362.0,2270.0,3171542.0,3173552.0,3173812.0,16460.0,6330904.0,3165322.337116321,8230.337116321,3165581.662883679,50.03566,0.008896518,0.23660035,0.003756102,0.36305186,0.36305186,0.18340398,5960.337100000001,0.42003784,2.4774113,2.4681296,2.4815683,2.491645,2.5529308,2.5120523,119.1217864204529,1781.4466031851755,128.296531519757
NEG~as,NEGATED,as,531731,328059.2259,301508.8953,0.6931789,0.34620395,0.12835047,0.8104136,0.16754505,3173660,656123,6347364,531731.0,2641929.0,124392.0,3049312.0,3173660.0,3173704.0,656123.0,5691241.0,2845600.774126078,328063.774126078,2845640.225873922,279.30896,0.27768204,0.20973973,0.12835047,0.34620395,0.34620395,0.23727721,203671.77409999998,0.38303536,2.072348,2.071022,2.0729413,2.074378,2.0830712,2.0772812,729.1988754791109,1781.4769153710638,810.0141974064405
NEG~merely,NEGATED,merely,5918,3507.9757,3642.6203,0.73207796,0.34388414,0.001518756,0.84350055,0.001864724,3173660,7016,6347364,5918.0,3167742.0,1098.0,3172606.0,3173660.0,3173704.0,7016.0,6340348.0,3170152.024317496,3508.024317496,3170195.975682504,31.328093,0.003721222,0.22711839,0.001518756,0.34388414,0.34388414,0.17270145,2410.0243,0.40723628,2.1887305,2.1753778,2.1947136,2.2092216,2.2976394,2.2386284,76.9285382676676,1781.4769153710638,83.7615663654877
COM~longer,COMPLEMENT,longer,6512,3938.8387,3658.7237,0.6788788,0.32703212,0.001621562,0.82660574,0.002051959,3173552,7878,6347364,6512.0,3167040.0,1366.0,3172446.0,3173552.0,3173812.0,7878.0,6339486.0,3169613.161348868,3939.161348869,3169872.838651132,31.886719,0.004093757,0.21834621,0.001621562,0.32703212,0.32703212,0.16432683,2573.1613,0.39514148,2.0340283,2.02187,2.0394752,2.0526803,2.1330686,2.0794334,80.69696400732806,1781.4466031851755,88.75809822207775
NEG~always,NEGATED,always,103883,63464.0601,56744.8963,0.66523606,0.32493517,0.025471322,0.81843394,0.03273287,3173660,126929,6347364,103883.0,3069777.0,23046.0,3150658.0,3173660.0,3173704.0,126929.0,6220435.0,3110195.939936642,63464.939936641,3110239.060063358,125.40437,0.06294816,0.21401663,0.025471322,0.32493517,0.32493517,0.17520325,40418.9399,0.38908136,2.1182194,2.115168,2.1195848,2.122892,2.142922,2.1295776,322.30885808491206,1781.4769153710638,356.2709642954362
COM~equally,COMPLEMENT,equally,10290,6254.2438,5658.2844,0.6673236,0.32326528,0.002543264,0.8226077,0.003242424,3173552,12509,6347364,10290.0,3163262.0,2219.0,3171593.0,3173552.0,3173812.0,12509.0,6334855.0,3167297.756196116,6254.756196115,3167557.243803884,39.784805,0.006459387,0.21624057,0.002543264,0.32326528,0.32326528,0.16290426,4035.7562,0.39220178,2.0404541,2.030821,2.0447683,2.0552244,2.1187854,2.0763953,101.43963722332607,1781.4466031851755,111.8436408563312
NEG~directly,NEGATED,directly,8197,5067.9649,4162.9809,0.6268554,0.3091989,0.001971864,0.80870163,0.002582822,3173660,10136,6347364,8197.0,3165463.0,1939.0,3171765.0,3173660.0,3173704.0,10136.0,6337228.0,3168592.035131434,5068.035131434,3168635.964868566,34.560734,0.005149199,0.20882134,0.001971864,0.3091989,0.3091989,0.15558538,3129.0351,0.3817293,1.8932652,1.8828796,1.8979166,1.9091903,1.9777297,1.9320176,90.53728513711906,1781.4769153710638,100.67770358922576
NEG~sufficiently,NEGATED,sufficiently,5596,3496.4758,2703.0057,0.60314596,0.3005634,0.001323084,0.8002288,0.001763264,3173660,6993,6347364,5596.0,3168064.0,1397.0,3172307.0,3173660.0,3173704.0,6993.0,6340371.0,3170163.524237778,3496.524237778,3170207.475762222,28.066097,0.003518774,0.20424718,0.001323084,0.3005634,0.3005634,0.15094325,2099.5242,0.37518302,1.7814741,1.7692214,1.7869623,1.8002665,1.8812114,1.8272138,74.80641683706017,1781.4769153710638,83.62415918859813
COM~less,COMPLEMENT,less,52587,33017.1475,25036.5781,0.59759206,0.29946235,0.012332586,0.7963263,0.016570391,3173552,66037,6347364,52587.0,3120965.0,13450.0,3160362.0,3173552.0,3173812.0,66037.0,6281327.0,3140534.85250003,33019.85250003,3140792.14749997,85.33916,0.03246523,0.20213884,0.012332586,0.29946235,0.29946235,0.15589747,19569.8525,0.3721424,1.8953774,1.891336,1.8971862,1.9015673,1.928112,1.9104255,229.31855572543623,1781.4466031851755,256.9766526359934
NEG~mutually,NEGATED,mutually,5894,3736.9741,2653.9058,0.57224953,0.28894418,0.001359321,0.7886005,0.001857162,3173660,7474,6347364,5894.0,3167766.0,1580.0,3172124.0,3173660.0,3173704.0,7474.0,6339890.0,3169923.025904927,3737.025904927,3169966.974095073,28.096375,0.003705597,0.19789004,0.001359321,0.28894418,0.28894418,0.14515175,2157.0259,0.36596978,1.6901354,1.6784973,1.6953478,1.7079818,1.7848064,1.7335656,76.77239087067694,1781.4769153710638,86.45229898620394
NEG~inherently,NEGATED,inherently,6743,4306.9701,2929.1295,0.5573692,0.28318322,0.001535144,0.7827954,0.002124676,3173660,8614,6347364,6743.0,3166917.0,1871.0,3171833.0,3173660.0,3173704.0,8614.0,6338750.0,3169353.029856174,4307.029856173,3169396.970143826,29.665798,0.00423785,0.1946813,0.001535144,0.28318322,0.28318322,0.14235918,2436.0299000000005,0.36126795,1.6564348,1.645672,1.6612546,1.6729363,1.7439314,1.696586,82.11577193207161,1781.4769153710638,92.81163720137685
NEG~readily,NEGATED,readily,10242,6668.9538,4044.8635,0.52052087,0.2684488,0.002251672,0.7678812,0.003227189,3173660,13338,6347364,10242.0,3163418.0,3096.0,3170608.0,3173660.0,3173704.0,13338.0,6334026.0,3166991.046229584,6669.046229584,3167034.953770416,35.305817,0.006427365,0.18632707,0.002251672,0.2684488,0.2684488,0.13535024,3573.0461999999998,0.34886214,1.5740416,1.5655396,1.5778482,1.5870714,1.6430538,1.605734,101.20276676059801,1781.4769153710638,115.49025932952095
COM~well,COMPLEMENT,well,7713,5119.7903,2756.7773,0.48530677,0.25365233,0.001634196,0.75322264,0.0024304,3173552,10240,6347364,7713.0,3165839.0,2527.0,3171285.0,3173552.0,3173812.0,10240.0,6337124.0,3168432.209724856,5120.209724856,3168691.790275144,29.527452,0.004845166,0.17797115,0.001634196,0.25365233,0.25365233,0.12764327,2593.2097000000003,0.33621284,1.440153,1.4306602,1.4444033,1.4547021,1.5172234,1.4755423,87.82368700982668,1781.4466031851755,101.19288512538814
COM~absolutely,COMPLEMENT,absolutely,15096,10314.0775,4622.6118,0.43722495,0.23256166,0.003013486,0.73178536,0.004756815,3173552,20629,6347364,15096.0,3158456.0,5533.0,3168279.0,3173552.0,3173812.0,20629.0,6326735.0,3163237.922501372,10314.922501372,3163497.077498628,38.919888,0.009452188,0.1654315,0.003013486,0.23256166,0.23256166,0.11778757,4781.922500000001,0.3167675,1.3313824,1.3248261,1.3343171,1.341426,1.3845192,1.3558025,122.86578042726136,1781.4466031851755,143.62799170078233
NEG~particularly,NEGATED,particularly,55527,38080.736,16791.8403,0.43473196,0.23184979,0.010994337,0.72906435,0.017496202,3173660,76162,6347364,55527.0,3118133.0,20635.0,3153069.0,3173660.0,3173704.0,76162.0,6271202.0,3135579.263977928,38081.263977928,3135622.736022072,74.03726,0.034172334,0.16379887,0.010994337,0.23184979,0.23184979,0.12142207,17446.264000000003,0.31419426,1.3674082,1.3639861,1.3689395,1.3726481,1.3951015,1.3801442,235.64167712864378,1781.4769153710638,275.9746365157494
NEG~too,NEGATED,too,309669,216347.0003,89102.9296,0.42831713,0.23145324,0.058809925,0.7156717,0.097574726,3173660,432697,6347364,309669.0,2863991.0,123028.0,3050676.0,3173660.0,3173704.0,432697.0,5914667.0,2957312.999730282,216349.999730282,2957354.000269718,167.70082,0.17173508,0.15574685,0.058809925,0.23145324,0.23145324,0.14513159,93321.99969999999,0.3013605,1.3066307,1.3052106,1.3072662,1.3088048,1.3181124,1.3119136,556.4791101200475,1781.4769153710638,657.7970811732141
COM~more,COMPLEMENT,more,392003,276949.6552,107688.8633,0.4185436,0.227566,0.07250465,0.7076863,0.12352185,3173552,553922,6347364,392003.0,2781549.0,161919.0,3011893.0,3173552.0,3173812.0,553922.0,5793442.0,2896602.344844884,276972.344844884,2896839.655155116,183.7615,0.21033171,0.15088856,0.07250465,0.227566,0.227566,0.15003532,115053.34480000002,0.2935012,1.2536794,1.2524341,1.2542367,1.2555858,1.263747,1.2583119,626.1014294824761,1781.4466031851755,744.2593633942404
COM~perfectly,COMPLEMENT,perfectly,7767,5482.2754,1966.8441,0.38599685,0.20872578,0.001439794,0.70834476,0.002447415,3173552,10965,6347364,7767.0,3165785.0,3198.0,3170614.0,3173552.0,3173812.0,10965.0,6336399.0,3168069.72457354,5482.72457354,3168329.27542646,25.924309,0.004877977,0.15129246,0.001439794,0.20872578,0.20872578,0.10508279,2284.7245999999996,0.29415792,1.124292,1.115547,1.1282068,1.1376907,1.195205,1.1568733,88.13058492941029,1781.4466031851755,104.71389592599446
COM~very,COMPLEMENT,very,412871,301334.6563,93225.1924,0.37124592,0.20447859,0.07028829,0.6850425,0.13009745,3173552,602694,6347364,412871.0,2760681.0,189823.0,2983989.0,3173552.0,3173812.0,602694.0,5744670.0,2872217.343741433,301359.343741433,2872452.656258567,173.58382,0.21866743,0.1367653,0.07028829,0.20447859,0.20447859,0.13738345,111536.34370000003,0.27014816,1.1004703,1.0993009,1.1009935,1.1022605,1.1099234,1.1048201,642.5503871292897,1781.4466031851755,776.3336911406074
COM~truly,COMPLEMENT,truly,17735,12675.9807,4168.7808,0.36839968,0.20034344,0.003188107,0.69952273,0.005588375,3173552,25353,6347364,17735.0,3155817.0,7618.0,3166194.0,3173552.0,3173812.0,25353.0,6322011.0,3160876.019253346,12677.019253347,3161134.980746654,37.988377,0.011088169,0.14584962,0.003188107,0.20034344,0.20034344,0.101765774,5059.0193,0.28525624,1.1173182,1.1115851,1.119884,1.1260986,1.1637464,1.1386632,133.1728200497384,1781.4466031851755,159.2262541165872
NEG~just,NEGATED,just,54583,39691.2249,11594.0789,0.34673426,0.18996985,0.009384541,0.68759054,0.017198754,3173660,79383,6347364,54583.0,3119077.0,24800.0,3148904.0,3173660.0,3173704.0,79383.0,6267981.0,3133968.775141933,39691.775141933,3134012.224858067,63.740837,0.03355812,0.1383629,0.009384541,0.18996985,0.18996985,0.0996772,14891.775099999999,0.27282807,1.081072,1.0778528,1.0825124,1.0860008,1.1071135,1.0930505,233.63004943713898,1781.4769153710638,281.7498890860474
COM~generally,COMPLEMENT,generally,5584,4162.8295,991.3718,0.3092627,0.17091486,0.000895597,0.6706702,0.001759543,3173552,8326,6347364,5584.0,3167968.0,2742.0,3171070.0,3173552.0,3173812.0,8326.0,6339038.0,3169389.170524332,4163.170524331,3169648.829475668,19.01838,0.003509877,0.12755679,0.000895597,0.17091486,0.17091486,0.08590523,1421.1705000000002,0.2545076,0.85287094,0.8431494,0.8572225,0.86776364,0.93166715,0.8890816,74.72616676907762,1781.4466031851755,91.24691775616314
NEG~actually,NEGATED,actually,11860,8902.4383,2008.4737,0.30073234,0.16657576,0.001863805,0.66610503,0.00373701,3173660,17805,6347364,11860.0,3161800.0,5945.0,3167759.0,3173660.0,3173704.0,17805.0,6329559.0,3164757.561712232,8902.561712232,3164801.438287768,27.157606,0.007432323,0.12457572,0.001863805,0.16657576,0.16657576,0.08421978,2957.5617,0.24937283,0.8781022,0.8714487,0.88108,0.88829213,0.9319777,0.90287256,108.90362712049586,1781.4769153710638,133.4353776177817
COM~significantly,COMPLEMENT,significantly,5664,4274.3249,921.431,0.29335693,0.16277334,0.000875749,0.66253364,0.001784751,3173552,8549,6347364,5664.0,3167888.0,2885.0,3170927.0,3173552.0,3173812.0,8549.0,6338815.0,3169277.675091582,4274.675091581,3169537.324908418,18.4651,0.003559912,0.12225571,0.000875749,0.16277334,0.16277334,0.08182455,1389.6751000000004,0.24535224,0.80330044,0.79375625,0.8075725,0.8179206,0.8806423,0.83884656,75.25955088890711,1781.4466031851755,92.46080250571049
COM~already,COMPLEMENT,already,10775,8205.6639,1640.4753,0.28209147,0.15695812,0.001619152,0.6565318,0.003395249,3173552,16412,6347364,10775.0,3162777.0,5637.0,3168175.0,3173552.0,3173812.0,16412.0,6330952.0,3165346.336133236,8206.336133236,3165605.663866764,24.752113,0.006755562,0.11830356,0.001619152,0.15695812,0.15695812,0.07928864,2569.3361000000004,0.23845346,0.8124419,0.8055576,0.8155229,0.8229851,0.8681824,0.83807063,103.80269746013347,1781.4466031851755,128.10932830984635
NEG~quite,NEGATED,quite,78500,60030.5839,11770.317,0.2813291,0.1567982,0.011639109,0.65382886,0.02473485,3173660,120062,6347364,78500.0,3095160.0,41562.0,3132142.0,3173660.0,3173704.0,120062.0,6227302.0,3113629.41613558,60031.41613558,3113672.58386442,65.92017,0.047666438,0.11649709,0.011639109,0.1567982,0.1567982,0.08421865,18469.416100000002,0.23527919,0.872217,0.8696625,0.87336004,0.8761278,0.8928733,0.8817204,280.178514522438,1781.4769153710638,346.49963924945143
NEG~physically,NEGATED,physically,5211,3969.9725,790.0226,0.28122574,0.15649647,0.000782074,0.6562972,0.001641953,3173660,7940,6347364,5211.0,3168449.0,2729.0,3170975.0,3173660.0,3173704.0,7940.0,6339424.0,3169690.027520086,3970.027520086,3169733.972479914,17.191782,0.00327571,0.118133575,0.000782074,0.15649647,0.15649647,0.07863927,1241.0275000000001,0.23815535,0.7574951,0.74763393,0.761909,0.7726006,0.83740157,0.79422075,72.18725649309579,1781.4769153710638,89.10667763978185
NEG~even,NEGATED,even,78109,61195.5758,9655.7279,0.25118795,0.14090763,0.01065855,0.6381871,0.024611646,3173660,122392,6347364,78109.0,3095551.0,44283.0,3129421.0,3173660.0,3173704.0,122392.0,6224972.0,3112464.424211374,61196.424211373,3112507.575788626,60.5175,0.04739549,0.10598105,0.01065855,0.14090763,0.14090763,0.07578309,16913.4242,0.21653618,0.77439547,0.7718896,0.77551675,0.77823174,0.7946569,0.7837177,279.47987405178213,1781.4769153710638,349.8456802648848
NEG~fully,NEGATED,fully,16511,13002.9099,1924.345,0.24123877,0.13545038,0.002210738,0.6348919,0.005202511,3173660,26006,6347364,16511.0,3157149.0,9495.0,3164209.0,3173660.0,3173704.0,26006.0,6321358.0,3160657.090136945,13003.090136945,3160700.909863055,27.301346,0.010320452,0.103732824,0.002210738,0.13545038,0.13545038,0.06883056,3508.0900999999994,0.21246988,0.70223534,0.69682616,0.704656,0.710518,0.7460032,0.72236574,128.49513609471762,1781.4769153710638,161.2637591029057
NEG~all,NEGATED,all,29246,23356.8381,3024.0594,0.22544803,0.12700315,0.003711249,0.626065,0.009215228,3173660,46714,6347364,29246.0,3144414.0,17468.0,3156236.0,3173660.0,3173704.0,46714.0,6300650.0,3150303.161910992,23357.161910992,3150346.838089008,34.4366,0.018163107,0.09765243,0.003711249,0.12700315,0.12700315,0.0653572,5889.161899999999,0.20136641,0.67225266,0.6682295,0.67405295,0.6784123,0.70479196,0.6872217,171.01461925812075,1781.4769153710638,216.1342175593675
NEG~so,NEGATED,so,344146,283244.0365,28961.8111,0.2080231,0.118042275,0.038379375,0.6075037,0.10843821,3173660,566492,6347364,344146.0,2829514.0,222346.0,2951358.0,3173660.0,3173704.0,566492.0,5780872.0,2890415.963464518,283247.963464518,2890456.036535482,103.81496,0.18402782,0.08458195,0.038379375,0.118042275,0.118042275,0.07821082,60901.96350000001,0.17696549,0.60993224,0.60878396,0.61044604,0.61169,0.6192128,0.61420316,586.6395827081565,1781.4769153710638,752.6566282176753
NEG~real,NEGATED,real,5529,4571.9683,404.2165,0.18478581,0.104813255,0.000603105,0.6046588,0.001742153,3173660,9144,6347364,5529.0,3168131.0,3615.0,3170089.0,3173660.0,3173704.0,9144.0,6338220.0,3169088.031693156,4572.031693156,3169131.968306844,12.870726,0.003474295,0.08254338,0.000603105,0.104813255,0.104813255,0.05270818,957.0316999999995,0.1730931,0.4536431,0.44467175,0.45765796,0.46738097,0.5262503,0.48703375,74.35724578008521,1781.4769153710638,95.62426470305536
COM~much,COMPLEMENT,much,77716,65366.3224,4792.5359,0.16953963,0.096447825,0.007782555,0.5944408,0.024488648,3173552,130738,6347364,77716.0,3095836.0,53022.0,3120790.0,3173552.0,3173812.0,130738.0,6216626.0,3108185.67763752,65371.67763752,3108440.32236248,44.29966,0.047039457,0.07515639,0.007782555,0.096447825,0.096447825,0.05211519,12349.677600000003,0.15890779,0.5097144,0.5073392,0.51077724,0.51335055,0.528915,0.5185496,278.7758956581433,1781.4466031851755,361.57710104485324
COM~especially,COMPLEMENT,especially,15901,13391.4514,950.1008,0.16539483,0.09409285,0.001581474,0.5936753,0.005010474,3173552,26784,6347364,15901.0,3157651.0,10883.0,3162929.0,3173552.0,3173812.0,26784.0,6320580.0,3160160.548561576,13392.548561576,3160419.451438424,19.901388,0.009937082,0.074596785,0.001581474,0.09409285,0.09409285,0.047837164,2509.5486,0.15782332,0.45437232,0.4491368,0.45671502,0.4623879,0.4967135,0.47385123,126.09916732476864,1781.4466031851755,163.65818036383027
NEG~easily,NEGATED,easily,7638,6443.9553,445.9699,0.1631409,0.09283628,0.000752466,0.59264433,0.002406685,3173660,12888,6347364,7638.0,3166022.0,5250.0,3168454.0,3173660.0,3173704.0,12888.0,6334476.0,3167216.044669882,6444.044669882,3167259.955330118,13.662518,0.004793902,0.07382713,0.000752466,0.09283628,0.09283628,0.046794377,1194.0447000000004,0.1563295,0.4072177,0.3996844,0.4105888,0.41875222,0.46816134,0.4352502,87.39565206576354,1781.4769153710638,113.525327570547
COM~super,COMPLEMENT,super,13047,11028.5482,745.5595,0.16132013,0.09182567,0.001271994,0.5914861,0.004111166,3173552,22058,6347364,13047.0,3160505.0,9011.0,3164801.0,3173552.0,3173812.0,22058.0,6325306.0,3162523.45176864,11029.45176864,3162782.54823136,17.671078,0.008165577,0.07299232,0.001271994,0.09182567,0.09182567,0.046548832,2018.4518000000007,0.1547062,0.4319189,0.42615604,0.4344976,0.44074196,0.47852737,0.45336038,114.22346518995123,1781.4466031851755,148.51935900750448
NEG~currently,NEGATED,currently,7077,6123.4576,298.7543,0.13661483,0.078009784,0.000600906,0.5778558,0.002229918,3173660,12247,6347364,7077.0,3166583.0,5170.0,3168534.0,3173660.0,3173704.0,12247.0,6335117.0,3167536.542448172,6123.542448172,3167580.457551828,11.334841,0.004442691,0.06285249,0.000600906,0.078009784,0.078009784,0.039305344,953.5424000000003,0.13473822,0.31651112,0.30881655,0.31995425,0.32829177,0.3787455,0.34514034,84.12490713219242,1781.4769153710638,110.66616465749593
COM~simply,COMPLEMENT,simply,5025,4368.821,198.1214,0.13161126,0.07519839,0.000413513,0.5750744,0.001583399,3173552,8738,6347364,5025.0,3168527.0,3713.0,3170099.0,3173552.0,3173812.0,8738.0,6338626.0,3169183.17896248,4369.17896248,3169442.82103752,9.2566595,0.003158103,0.06077181,0.000413513,0.07519839,0.07519839,0.037805952,656.1790000000001,0.13058288,0.2752092,0.26611206,0.27927992,0.28913742,0.34879318,0.30905804,70.88723439378913,1781.4466031851755,93.47726996441435
NEG~completely,NEGATED,completely,33703,29342.7966,1312.7058,0.1312322,0.0749905,0.002747725,0.5742937,0.0106196,3173660,58686,6347364,33703.0,3139957.0,24983.0,3148721.0,3173660.0,3173704.0,58686.0,6288678.0,3144317.203406012,29343.203406012,3144360.796593988,23.750484,0.020853585,0.060167056,0.002747725,0.0749905,0.0749905,0.038869116,4360.2033999999985,0.12937137,0.3696555,0.36613587,0.37123033,0.37504345,0.39810795,0.38274765,183.58376834567918,1781.4769153710638,242.25193497679228
NEG~ever,NEGATED,ever,5932,5434.9623,91.1925,0.07978497,0.04580408,0.000313225,0.5457222,0.001869135,3173660,10870,6347364,5932.0,3167728.0,4938.0,3168766.0,3173660.0,3173704.0,10870.0,6336494.0,3168225.037675482,5435.037675482,3168268.962324518,6.4534025,0.003725511,0.038004603,0.000313225,0.04580408,0.04580408,0.023058651,497.03769999999986,0.08378923,0.12076078,0.112642825,0.12439305,0.13318786,0.18638597,0.15095723,77.01947805587882,1781.4769153710638,104.25929215182693
NEG~totally,NEGATED,totally,16449,15249.8943,189.6763,0.0687658,0.039504766,0.000755656,0.53931147,0.005182975,3173660,30500,6347364,16449.0,3157211.0,14051.0,3159653.0,3173660.0,3173704.0,30500.0,6316864.0,3158410.105713174,15250.105713175,3158453.894286826,9.349485,0.010267278,0.032872666,0.000755656,0.039504766,0.039504766,0.020130211,1199.1057,0.072898395,0.14157729,0.13673086,0.14374569,0.14899588,0.18074757,0.1596028,128.25365491868058,1781.4769153710638,174.64249196572982
NEG~really,NEGATED,really,97510,90923.3697,983.267,0.06488736,0.03728883,0.004150782,0.53621703,0.030724779,3173660,181848,6347364,97510.0,3076150.0,84338.0,3089366.0,3173660.0,3173704.0,181848.0,6165516.0,3082736.63028621,90924.63028621,3082779.36971379,21.093018,0.058119368,0.030373635,0.004150782,0.03728883,0.03728883,0.020719806,6586.630300000004,0.06754825,0.17428625,0.17230077,0.17517458,0.17732537,0.19033082,0.18167032,312.26591232473646,1781.4769153710638,426.43639619525914
COM~usually,COMPLEMENT,usually,5624,5268.2842,48.1504,0.05882606,0.03381487,0.000224166,0.53373826,0.001772147,3173552,10537,6347364,5624.0,3167928.0,4913.0,3168899.0,3173552.0,3173812.0,10537.0,6336827.0,3168283.715807696,5268.715807696,3168543.284192304,4.743299,0.003532565,0.028376117,0.000224166,0.03381487,0.03381487,0.017019518,355.71579999999994,0.06324961,0.049225546,0.04098945,0.052910555,0.061832756,0.11579213,0.07985816,74.9933330370107,1781.4466031851755,102.6498904042279
NEG~nearly,NEGATED,nearly,8627,8194.9432,45.6969,0.04595199,0.026429245,0.000272275,0.52635753,0.002718313,3173660,16390,6347364,8627.0,3165033.0,7763.0,3165941.0,3173660.0,3173704.0,16390.0,6330974.0,3165465.056807834,8195.056807834,3165508.943192166,4.651692,0.005408693,0.022313852,0.000272275,0.026429245,0.026429245,0.013350761,432.0568000000003,0.050081927,0.035401054,0.028798934,0.038354937,0.0455068,0.08875511,0.05995502,92.88164511893618,1781.4769153710638,128.0234353546256
NEG~politically,NEGATED,politically,5611,5348.9629,25.727,0.0426524,0.024535378,0.000165131,0.52449054,0.00176799,3173660,10698,6347364,5611.0,3168049.0,5087.0,3168617.0,3173660.0,3173704.0,10698.0,6336666.0,3168311.037079329,5349.037079329,3168354.962920671,3.4981837,0.003524101,0.02077068,0.000165131,0.024535378,0.024535378,0.012350255,262.03709999999955,0.046700604,0.0,0.0,0.0004498813,0.009300386,0.06281898,0.027179914,74.90660852021001,1781.4769153710638,103.4311365112073
COM~politically,COMPLEMENT,politically,5087,5348.7809,-25.6767,-0.04261073,-0.02451139,-0.00016497,0.47550943,0.001602936,3173552,10698,6347364,5087.0,3168465.0,5611.0,3168201.0,3173552.0,3173812.0,10698.0,6336666.0,3168203.219105128,5349.219105128,3168462.780894872,-3.6703465,0.003195101,-0.02179307,-0.02451139,-0.00016497,0.02451139,-0.01233818,-261.78089999999975,-0.05146076,0.0,0.0,-0.00031168872,-0.009162193,-0.06268079,-0.02704172,71.32320800412724,1781.4466031851755,103.4311365112073
COM~nearly,COMPLEMENT,nearly,7763,8194.6643,-45.6139,-0.04591028,-0.026405238,-0.000272027,0.47364247,0.002446155,3173552,16390,6347364,7763.0,3165789.0,8627.0,3165185.0,3173552.0,3173812.0,16390.0,6330974.0,3165357.335682655,8195.335682655,3165616.664317345,-4.8992696,0.004867173,-0.023501582,-0.026405238,-0.000272027,0.026405238,-0.013338632,-431.66430000000037,-0.055605344,-0.03526286,-0.028660743,-0.038216744,-0.045368608,-0.088616915,-0.05981683,88.10788840960836,1781.4466031851755,128.0234353546256
COM~really,COMPLEMENT,really,84338,90920.2756,-981.9684,-0.06484454,-0.037264176,-0.004148037,0.46378294,0.02657527,3173552,181848,6347364,84338.0,3089214.0,97510.0,3076302.0,3173552.0,3173812.0,181848.0,6165516.0,3082631.724418514,90927.724418515,3082884.275581486,-22.665453,0.050270014,-0.032637447,-0.037264176,-0.004148037,0.037264176,-0.020706106,-6582.275599999994,-0.07804638,-0.17414805,-0.17216258,-0.17503639,-0.17718717,-0.19019262,-0.18153213,290.410054922346,1781.4466031851755,426.43639619525914
COM~totally,COMPLEMENT,totally,14051,15249.3753,-189.4455,-0.068724,-0.039480705,-0.000755196,0.46068853,0.004427531,3173552,30500,6347364,14051.0,3159501.0,16449.0,3157363.0,3173552.0,3173812.0,30500.0,6316864.0,3158302.62466876,15250.62466876,3158561.37533124,-10.109723,0.008770769,-0.03554482,-0.039480705,-0.000755196,0.039480705,-0.02011795,-1198.3752999999997,-0.08528755,-0.1414391,-0.13659267,-0.1436075,-0.1488577,-0.18060938,-0.15946461,118.536914081648,1781.4466031851755,174.64249196572982
COM~completely,COMPLEMENT,completely,24983,29341.7981,-1311.8628,-0.13119021,-0.074966334,-0.00274684,0.4257063,0.007872252,3173552,58686,6347364,24983.0,3148569.0,33703.0,3140109.0,3173552.0,3173812.0,58686.0,6288678.0,3144210.201944618,29344.201944618,3144467.798055382,-27.576838,0.015458639,-0.06984214,-0.074966334,-0.00274684,0.074966334,-0.03885659,-4358.7981,-0.17447056,-0.3695173,-0.36599767,-0.37109214,-0.37490526,-0.39796975,-0.38260946,158.0601151461051,1781.4466031851755,242.25193497679228
COM~currently,COMPLEMENT,currently,5170,6123.2492,-298.5713,-0.13657315,-0.07798579,-0.000600721,0.4221442,0.001629089,3173552,12247,6347364,5170.0,3168382.0,7077.0,3166735.0,3173552.0,3173812.0,12247.0,6335117.0,3167428.750830108,6123.750830108,3167688.249169892,-13.257485,0.003245654,-0.07349139,-0.07798579,-0.000600721,0.07798579,-0.039293256,-953.2492000000002,-0.18438089,-0.31637293,-0.30867836,-0.31981605,-0.32815358,-0.3786073,-0.34500214,71.9027120489902,1781.4466031851755,110.66616465749593
NEG~super,NEGATED,super,9011,11028.9235,-745.1715,-0.1612784,-0.09180164,-0.001271661,0.4085139,0.002839309,3173660,22058,6347364,9011.0,3164649.0,13047.0,3160657.0,3173660.0,3173704.0,22058.0,6325306.0,3162631.076453154,11029.076453154,3162674.923546846,-21.257795,0.005639421,-0.087760136,-0.09180164,-0.001271661,0.09180164,-0.04653665,-2017.9235000000008,-0.22394001,-0.4317807,-0.42601785,-0.4343594,-0.44060376,-0.47838917,-0.4532222,94.92628719169417,1781.4769153710638,148.51935900750448
COM~easily,COMPLEMENT,easily,5250,6443.736,-445.7407,-0.16309921,-0.09281229,-0.000752272,0.40735567,0.001654298,3173552,12888,6347364,5250.0,3168302.0,7638.0,3166174.0,3173552.0,3173812.0,12888.0,6334476.0,3167108.263958392,6444.263958393,3167367.736041608,-16.475122,0.003295213,-0.08897844,-0.09281229,-0.000752272,0.09281229,-0.04678228,-1193.7359999999999,-0.22737828,-0.40707952,-0.3995462,-0.4104506,-0.41861403,-0.46802315,-0.435112,72.4568837309472,1781.4466031851755,113.525327570547
NEG~especially,NEGATED,especially,10883,13391.9072,-949.6181,-0.16535304,-0.0940688,-0.00158107,0.40632468,0.003429164,3173660,26784,6347364,10883.0,3162777.0,15901.0,3157803.0,3173660.0,3173704.0,26784.0,6320580.0,3160268.092833498,13392.092833497,3160311.907166502,-24.049734,0.006800931,-0.0900938,-0.0940688,-0.00158107,0.0940688,-0.047824938,-2508.9071999999996,-0.23053452,-0.45423412,-0.4489986,-0.45657682,-0.4622497,-0.4965753,-0.47371304,104.32161808561061,1781.4769153710638,163.65818036383027
NEG~much,NEGATED,much,53022,65368.5469,-4790.1205,-0.16949716,-0.09642338,-0.007780582,0.4055592,0.016706893,3173660,130738,6347364,53022.0,3120638.0,77716.0,3095988.0,3173660.0,3173704.0,130738.0,6216626.0,3108291.453138658,65369.453138657,3108334.546861342,-53.618847,0.032091778,-0.09091272,-0.09642338,-0.007780582,0.09642338,-0.05210198,-12346.546900000001,-0.23285706,-0.50957626,-0.50720096,-0.510639,-0.5132123,-0.52877676,-0.51841146,230.2650646537594,1781.4769153710638,361.57710104485324
COM~so,COMPLEMENT,so,222346,283234.3977,-28949.0,-0.20797741,-0.11801598,-0.038370825,0.3924963,0.07006219,3173552,566492,6347364,222346.0,2951206.0,344146.0,2829666.0,3173552.0,3173812.0,566492.0,5780872.0,2890317.602290336,283257.602290337,2890554.397709664,-129.12784,0.1189002,-0.10511667,-0.11801598,-0.038370825,0.11801598,-0.078193404,-60888.39769999997,-0.27384526,-0.6097941,-0.60864574,-0.6103079,-0.6115518,-0.61907464,-0.61406493,471.535788673564,1781.4466031851755,752.6566282176753
COM~all,COMPLEMENT,all,17468,23356.0433,-3022.9229,-0.22540613,-0.12697902,-0.003710544,0.373935,0.005504243,3173552,46714,6347364,17468.0,3156084.0,29246.0,3144566.0,3173552.0,3173812.0,46714.0,6300650.0,3150195.956746769,23357.956746769,3150454.043253231,-44.550175,0.010848793,-0.12615609,-0.12697902,-0.003710544,0.12697902,-0.06534478,-5888.043300000001,-0.33707598,-0.6721145,-0.6680913,-0.67391473,-0.6782741,-0.7046538,-0.68708354,132.16656158045424,1781.4466031851755,216.1342175593675
COM~fully,COMPLEMENT,fully,9495,13002.4674,-1923.6702,-0.241197,-0.13542633,-0.002210346,0.36510804,0.002991916,3173552,26006,6347364,9495.0,3164057.0,16511.0,3157301.0,3173552.0,3173812.0,26006.0,6321358.0,3160549.532627402,13003.532627402,3160808.467372598,-35.99533,0.005935195,-0.1365308,-0.13542633,-0.002210346,0.13542633,-0.06881834,-3507.4673999999995,-0.3694015,-0.7020972,-0.69668794,-0.7045178,-0.71037984,-0.745865,-0.7222276,97.44229061347029,1781.4466031851755,161.2637591029057
COM~even,COMPLEMENT,even,44283,61193.4933,-9652.4242,-0.25114554,-0.1408832,-0.010656703,0.36181286,0.013953765,3173552,122392,6347364,44283.0,3129269.0,78109.0,3095703.0,3173552.0,3173812.0,122392.0,6224972.0,3112358.50670357,61198.50670357,3112613.49329643,-80.3596,0.026871208,-0.14046821,-0.1408832,-0.010656703,0.1408832,-0.07576996,-16910.493300000002,-0.38187325,-0.7742573,-0.7717514,-0.7753785,-0.7780936,-0.79451865,-0.78357947,210.43526320462547,1781.4466031851755,349.8456802648848
COM~quite,COMPLEMENT,quite,41562,60028.541,-11766.7107,-0.2812867,-0.15677379,-0.011637298,0.34617114,0.013096366,3173552,120062,6347364,41562.0,3131990.0,78500.0,3095312.0,3173552.0,3173812.0,120062.0,6227302.0,3113523.458982973,60033.458982973,3113778.541017027,-90.58105,0.02523793,-0.15966135,-0.15677379,-0.011637298,0.15677379,-0.084205545,-18466.540999999997,-0.4443131,-0.87207884,-0.86952436,-0.8732218,-0.87598956,-0.8927351,-0.88158226,203.86760409638407,1781.4466031851755,346.49963924945143
NEG~already,NEGATED,already,5637,8205.9431,-1639.9818,-0.28204975,-0.15693411,-0.001618904,0.3434682,0.001776183,3173660,16412,6347364,5637.0,3168023.0,10775.0,3162929.0,3173660.0,3173704.0,16412.0,6330952.0,3165454.056884086,8206.056884086,3165497.943115914,-34.2161,0.00353409,-0.16308047,-0.15693411,-0.001618904,0.15693411,-0.07927651,-2568.9431000000004,-0.45572877,-0.81230366,-0.8054194,-0.81538475,-0.82284695,-0.8680442,-0.8379324,75.07995737878386,1781.4769153710638,128.10932830984635
COM~actually,COMPLEMENT,actually,5945,8902.1353,-2007.9056,-0.30069065,-0.16655174,-0.001863536,0.33389497,0.001873295,3173552,17805,6347364,5945.0,3167607.0,11860.0,3161952.0,3173552.0,3173812.0,17805.0,6329559.0,3164649.86466319,8902.864663189,3164909.13533681,-38.352642,0.003725688,-0.17534234,-0.16655174,-0.001863536,0.16655174,-0.08420764,-2957.1353,-0.4974155,-0.87796396,-0.87131053,-0.8809418,-0.8881539,-0.93183947,-0.90273434,77.10382610480494,1781.4466031851755,133.4353776177817
COM~just,COMPLEMENT,just,24800,39689.8742,-11591.19,-0.34669214,-0.18994561,-0.009383344,0.31240946,0.007814588,3173552,79383,6347364,24800.0,3148752.0,54583.0,3119229.0,3173552.0,3173812.0,79383.0,6267981.0,3133862.125838694,39693.125838695,3134118.874161306,-94.5508,0.015247769,-0.20422804,-0.18994561,-0.009383344,0.18994561,-0.09966447,-14889.874199999998,-0.6003982,-1.0809337,-1.0777147,-1.0823742,-1.0858625,-1.1069753,-1.0929123,157.48015748023622,1781.4466031851755,281.7498890860474
NEG~truly,NEGATED,truly,7618,12676.4121,-4167.8078,-0.3683579,-0.2003194,-0.003187725,0.30047727,0.002400383,3173660,25353,6347364,7618.0,3166042.0,17735.0,3155969.0,3173660.0,3173704.0,25353.0,6322011.0,3160983.587873644,12676.587873643,3161027.412126356,-57.955376,0.004762719,-0.22115538,-0.2003194,-0.003187725,0.2003194,-0.10175356,-5058.4121,-0.6640079,-1.11718,-1.111447,-1.1197459,-1.1259605,-1.1636082,-1.138525,87.28115489611719,1781.4769153710638,159.2262541165872
NEG~very,NEGATED,very,189823,301344.9111,-93201.5726,-0.37119988,-0.20445214,-0.070279196,0.3149575,0.059812017,3173660,602694,6347364,189823.0,2983837.0,412871.0,2760833.0,3173660.0,3173704.0,602694.0,5744670.0,2872315.088940858,301349.088940858,2872354.911059142,-255.96806,0.10053242,-0.20071504,-0.20445214,-0.070279196,0.20445214,-0.13736567,-111521.91110000003,-0.58750474,-1.1003321,-1.0991627,-1.1008554,-1.1021223,-1.1097852,-1.104682,435.6868141222546,1781.4769153710638,776.3336911406074
NEG~more,NEGATED,more,161916,276959.0801,-107670.485,-0.41851023,-0.2275457,-0.07249818,0.2923083,0.051018696,3173660,553922,6347364,161916.0,3011744.0,392006.0,2781698.0,3173660.0,3173704.0,553922.0,5793442.0,2896700.919896826,276962.919896826,2896741.080103174,-285.90097,0.086874545,-0.23312584,-0.2275457,-0.07249818,0.2275457,-0.15002194,-115043.08010000002,-0.7105109,-1.2535789,-1.2523335,-1.2541361,-1.2554853,-1.2636465,-1.2582114,402.3878725806731,1781.4769153710638,744.2593633942404
COM~too,COMPLEMENT,too,123028,216339.638,-89083.7382,-0.42827246,-0.23142754,-0.058803394,0.28432828,0.038766656,3173552,432697,6347364,123028.0,3050524.0,309669.0,2864143.0,3173552.0,3173812.0,432697.0,5914667.0,2957212.362042574,216357.362042574,2957454.637957426,-266.03198,0.06823045,-0.24513213,-0.23142754,-0.058803394,0.23142754,-0.14511546,-93311.638,-0.75845855,-1.3064926,-1.3050724,-1.307128,-1.3086666,-1.3179742,-1.3117753,350.7534746798669,1781.4466031851755,657.7970811732141
COM~particularly,COMPLEMENT,particularly,20635,38079.4401,-16788.4576,-0.43468985,-0.23182556,-0.010993187,0.27093562,0.006502178,3173552,76162,6347364,20635.0,3152917.0,55527.0,3118285.0,3173552.0,3173812.0,76162.0,6271202.0,3135472.559869577,38082.559869577,3135729.440130423,-121.43806,0.012699579,-0.26608607,-0.23182556,-0.010993187,0.23182556,-0.12140937,-17444.4401,-0.84538114,-1.3672699,-1.363848,-1.3688014,-1.37251,-1.3949633,-1.380006,143.64887747560022,1781.4466031851755,275.9746365157494
NEG~absolutely,NEGATED,absolutely,5533,10314.4285,-4621.6928,-0.4371832,-0.23253763,-0.003013174,0.26821464,0.001743413,3173660,20629,6347364,5533.0,3168127.0,15096.0,3158608.0,3173660.0,3173704.0,20629.0,6326735.0,3163345.571500232,10314.571500232,3163389.428499768,-64.28022,0.003464308,-0.2704845,-0.23253763,-0.003013174,0.23253763,-0.1177754,-4781.4285,-0.86416566,-1.3312442,-1.3246878,-1.3341789,-1.3412879,-1.384381,-1.3556644,74.38413809408563,1781.4769153710638,143.62799170078233
NEG~less,NEGATED,less,13450,33018.2711,-25032.7897,-0.59755,-0.29943815,-0.012331589,0.20367369,0.004238009,3173660,66037,6347364,13450.0,3160210.0,52587.0,3121117.0,3173660.0,3173704.0,66037.0,6281327.0,3140641.72888462,33018.72888462,3140685.27111538,-168.72961,0.008303246,-0.39003205,-0.29943815,-0.012331589,0.29943815,-0.15588486,-19568.271099999998,-1.45489,-1.8952391,-1.8911978,-1.897048,-1.9014292,-1.9279739,-1.9102874,115.97413504743201,1781.4769153710638,256.9766526359934
COM~always,COMPLEMENT,always,23046,63461.9004,-56736.9949,-0.66519356,-0.32491073,-0.025469407,0.18156607,0.007261895,3173552,126929,6347364,23046.0,3150506.0,103883.0,3069929.0,3173552.0,3173812.0,126929.0,6220435.0,3110090.099625608,63467.099625608,3110344.900374392,-266.22845,0.013965237,-0.4399175,-0.32491073,-0.025469407,0.32491073,-0.17519006,-40415.9004,-1.7537056,-2.118081,-2.11503,-2.1194465,-2.1227539,-2.1427836,-2.1294394,151.8090906368917,1781.4466031851755,356.2709642954362
COM~as,COMPLEMENT,as,124392,328048.062,-301465.3056,-0.6931323,-0.34617725,-0.12834056,0.1895864,0.039196458,3173552,656123,6347364,124392.0,3049160.0,531731.0,2642081.0,3173552.0,3173812.0,656123.0,5691241.0,2845503.938017735,328074.938017735,2845737.061982265,-577.4324,0.06496217,-0.42114502,-0.34617725,-0.12834056,0.34617725,-0.2372589,-203656.06199999998,-1.6372119,-2.0722098,-2.0708838,-2.0728033,-2.07424,-2.082933,-2.0771432,352.69250062908907,1781.4466031851755,810.0141974064405
COM~entirely,COMPLEMENT,entirely,9490,36404.0088,-45035.1084,-0.83167815,-0.37393147,-0.016960748,0.13033745,0.00299034,3173552,72811,6347364,9490.0,3164062.0,63321.0,3110491.0,3173552.0,3173812.0,72811.0,6274553.0,3137147.991237938,36406.991237938,3137405.008762062,-276.27734,0.005846543,-0.583883,-0.37393147,-0.016960748,0.37393147,-0.1954461,-26914.008800000003,-2.8360388,-2.656398,-2.6518137,-2.6584501,-2.6634216,-2.6935697,-2.6734772,97.41663102366043,1781.4466031851755,269.8351348508937
COM~only,COMPLEMENT,only,14672,64084.3749,-88051.1477,-0.902269,-0.39345527,-0.031138832,0.114469394,0.004623211,3173552,128174,6347364,14672.0,3158880.0,113502.0,3060310.0,3173552.0,3173812.0,128174.0,6219190.0,3109467.625124382,64089.625124382,3109722.374875618,-407.9351,0.008887473,-0.64026284,-0.39345527,-0.031138832,0.39345527,-0.21229705,-49412.3749,-3.367801,-2.886297,-2.8826346,-2.8879364,-2.8919072,-2.9159765,-2.8999376,121.12803143781376,1781.4466031851755,358.0139662080238
NEG~most,NEGATED,most,19204,172187.8064,-344820.7558,-1.2730172,-0.46971685,-0.09640777,0.055764306,0.006051058,3173660,344378,6347364,19204.0,3154456.0,325174.0,2848530.0,3173660.0,3173704.0,344378.0,6002986.0,3001472.193616122,172190.193616122,3001513.806383878,-1103.9506,0.010917449,-0.9526107,-0.46971685,-0.09640777,0.46971685,-0.2830623,-152983.8064,-7.966247,-4.026553,-4.0234523,-4.027941,-4.0313034,-4.051681,-4.038102,138.57849761056005,1781.4769153710638,586.8372857956454
