adv_lemma,count,mean,std,min,25%,50%,75%,max,total,var_coeff,range,IQ_range,upper_fence,lower_fence,plus1_geo_mean,plus1_har_mean
very,1632,5860.07,24992.36,0,263,913.5,2817.5,644398,9563637,4.264855553377855,644398,2554.5,6649.25,-3568.75,838.4134198771419,62.960073478751596
more,1632,5361.44,19171.89,0,511,1355.0,3795.0,498300,8749868,3.5758848597725432,498300,3284.0,8721.0,-4415.0,1371.998134775848,242.52381570938337
most,1632,4406.31,25717.95,0,184,652.0,2140.0,746782,7191090,5.836624121804503,746782,1956.0,5074.0,-2750.0,627.8717121250324,68.20689141996071
so,1632,3374.25,34008.95,0,173,464.0,1380.0,1191059,5506777,10.078965071880623,1191059,1207.0,3190.5,-1637.5,486.4952452186049,75.19252973396529
not,1632,3266.15,18654.45,0,121,343.5,1168.5,548852,5330354,5.711451969656961,548852,1047.5,2739.75,-1450.25,391.77171045049914,61.62328452651235
as,1632,2180.86,16234.15,0,150,365.0,1030.25,434207,3559159,7.443931251569596,434207,880.25,2350.625,-1170.375,391.8023371142954,71.6637078065712
too,1632,2099.67,19389.21,0,37,139.5,527.25,579790,3426666,9.234396415427007,579790,490.25,1262.625,-698.375,148.54694569965423,21.81599788090528
really,1632,1243.13,7940.56,0,46,123.5,436.25,259683,2028790,6.387549867401723,259683,390.25,1021.625,-539.375,159.2737269686619,44.57496221331579
much,1632,1184.61,12575.56,0,12,33.0,113.25,353963,1933281,10.615796098596567,353963,101.25,265.125,-139.875,45.596600418344444,14.109847765187558
pretty,1632,938.47,6933.36,0,37,110.5,399.0,241515,1531590,7.387905826511427,241515,362.0,942.0,-506.0,123.18210464100827,21.91192116714318
less,1632,715.27,4022.85,0,57,159.0,443.25,139529,1167325,5.624214324247729,139529,386.25,1022.625,-522.375,157.19807420833015,31.87910558849394
even,1632,655.7,6620.74,0,20,54.0,141.25,199340,1070104,10.097199039950182,199340,121.25,323.125,-161.875,61.50152772473979,20.970107948410504
also,1632,650.23,3796.93,0,36,90.0,267.25,111940,1061182,5.839321955609421,111940,231.25,614.125,-310.875,109.0714640806713,36.21945998656896
quite,1632,621.05,2203.39,0,54,137.0,407.5,43101,1013546,3.5478715781649814,43101,353.5,937.75,-476.25,145.57253484015786,33.853091039015204
extremely,1632,573.5,2282.01,0,27,94.5,326.5,51804,935953,3.9790817320173972,51804,299.5,775.75,-422.25,90.92610657330137,14.244190890971241
how,1632,524.13,9236.67,0,11,28.0,88.25,267009,855377,17.62293301452443,267009,77.25,204.125,-104.875,33.7970799642656,10.406062703951095
still,1632,473.2,2107.28,0,20,67.0,234.25,59429,772257,4.453277022377586,59429,214.25,555.625,-301.375,76.74495246339171,22.041616560321124
highly,1632,428.88,1954.87,0,4,22.0,141.0,35433,699934,4.558073424089223,35433,137.0,346.5,-201.5,30.333473640200268,5.703526687633976
always,1632,375.34,1996.34,0,15,44.0,145.0,52227,612556,5.318745135731555,52227,130.0,340.0,-180.0,53.06633273645242,16.62450489433585
just,1632,370.35,2268.13,0,15,45.0,152.5,66624,604406,6.124328523435455,66624,137.5,358.75,-191.25,53.77937259670351,16.303930366829427
relatively,1632,358.46,2473.54,0,3,11.0,62.0,56893,584999,6.900563174745314,56893,59.0,150.5,-85.5,18.10127238596336,4.90136402705868
completely,1632,340.98,2923.53,0,9,30.0,131.25,105447,556485,8.57381196233475,105447,122.25,314.625,-174.375,36.795298763023276,8.445756734337804
particularly,1632,326.42,1281.15,0,16,55.0,176.25,26237,532717,3.9248413569241323,26237,160.25,416.625,-224.375,56.55836092480618,13.440868468043977
far,1632,259.87,3199.45,0,0,1.0,6.0,103094,424104,12.311851268697959,103094,6.0,15.0,-9.0,4.213290710318997,1.9761229271896215
only,1632,255.42,1658.24,0,14,39.0,115.25,52689,416852,6.4921244636453785,52689,101.25,267.125,-137.875,44.27215776449925,15.567388702739525
all,1632,252.94,1291.46,0,11,32.0,113.25,34808,412800,5.105758392352847,34808,102.25,266.625,-142.375,40.24993004081388,13.442057056202389
now,1632,251.94,2970.05,0,5,17.0,67.25,113460,411169,11.78863811573955,113460,62.25,160.625,-88.375,22.436011191103574,7.093049258641404
incredibly,1632,237.28,808.33,0,11,42.0,149.0,16476,387233,3.406715060058211,16476,138.0,356.0,-196.0,42.30852037996104,9.051383002512432
truly,1632,232.41,822.82,0,13,42.0,158.25,18442,379293,3.5403932592799827,18442,145.25,376.125,-204.875,48.61462931829991,14.19454582256217
fairly,1632,227.2,953.98,0,10,33.0,102.0,18037,370788,4.198870554538608,18037,92.0,240.0,-128.0,36.500133808909986,10.390936081419804
especially,1632,224.11,1478.38,0,8,26.0,90.5,39839,365741,6.596810063731162,39839,82.5,214.25,-115.75,29.533587705444006,8.344955383777911
increasingly,1632,219.66,1094.22,0,8,28.0,107.0,22310,358491,4.981358818331072,22310,99.0,255.5,-140.5,32.81655196858725,8.722042331866463
almost,1632,213.52,1516.48,0,5,22.0,84.25,51155,348470,7.102184439102249,51155,79.25,203.125,-113.875,25.277733183316442,6.773317941034165
rather,1632,205.97,531.69,0,19,60.0,180.75,10644,336149,2.5813461430525235,10644,161.75,423.375,-223.625,59.348992850287566,16.12493778052387
slightly,1632,199.32,1667.33,0,2,12.0,59.0,54565,325284,8.365234567994975,54565,57.0,144.5,-83.5,16.11193535385263,4.459065442300588
absolutely,1632,198.86,999.37,0,4,14.0,56.25,18745,324532,5.025619450031383,18745,52.25,134.625,-74.375,19.165082207518772,5.934063768645852
totally,1632,190.03,1398.69,0,7,23.0,93.25,47688,310122,7.360522043570995,47688,86.25,222.625,-122.375,28.066676815365707,8.004015657766184
super,1632,182.5,923.66,0,3,13.0,68.0,22961,297842,5.061132090959698,22961,65.0,165.5,-94.5,17.48820678175796,4.45408953597612
often,1632,167.8,492.84,0,18,47.0,134.0,11740,273851,2.93704991321635,11740,116.0,308.0,-156.0,50.466130416569506,16.467504334754025
entirely,1632,165.88,1700.0,0,3,11.0,50.0,45558,270720,10.248239051233844,45558,47.0,120.5,-67.5,15.574138868868252,4.898127654277943
well,1632,155.11,2320.6,0,2,5.0,17.0,68835,253134,14.961350683970709,68835,15.0,39.5,-20.5,7.9080367947390044,3.573108768883264
that,1632,154.68,1210.38,0,2,7.0,28.0,24306,252433,7.825226634402153,24306,26.0,67.0,-37.0,11.03354280690537,3.8910146935622554
somewhat,1632,149.32,442.23,0,14,47.0,132.0,10862,243692,2.9616058766723885,10862,118.0,309.0,-163.0,45.42656569268555,14.383715317337925
already,1632,147.37,674.79,0,5,19.0,76.5,15719,240511,4.578807086360275,15719,71.5,183.75,-102.25,23.63218086602673,7.29504565844216
no,1632,144.83,2562.23,0,0,0.0,2.0,91759,236361,17.691438629912376,91759,2.0,5.0,-3.0,2.22178634162808,1.4173137628687031
equally,1632,136.4,793.93,0,14,37.0,102.25,29768,222606,5.820592051756642,29768,88.25,234.625,-118.375,39.356765503450504,13.586823672861287
fully,1632,125.55,891.52,0,1,3.0,18.0,24951,204891,7.101141985596957,24951,17.0,43.5,-24.5,6.940180379244418,2.630649537000864
long,1632,122.99,1040.99,0,3,9.0,33.0,25154,200717,8.464128278753037,25154,30.0,78.0,-42.0,12.915017485258838,4.923207427491275
potentially,1632,114.92,675.27,0,2,7.0,36.0,19385,187550,5.875977779572499,19385,34.0,87.0,-49.0,11.695815030864576,3.9848821098054525
perfectly,1632,108.08,682.04,0,1,5.0,22.0,14603,176394,6.310281553731862,14603,21.0,53.5,-30.5,8.191645389817891,3.053388003004251
mostly,1632,97.98,357.8,0,4,14.5,53.0,6208,159907,3.6517277699520947,6208,49.0,126.5,-69.5,18.210747559033315,6.163847893085909
nearly,1632,94.94,1064.9,0,0,2.0,10.0,37460,154949,11.216058253340583,37460,10.0,25.0,-15.0,5.397625486962968,2.406030971113685
deeply,1632,94.85,580.59,0,1,5.0,28.0,14867,154798,6.121007156064701,14867,27.0,68.5,-39.5,8.635461971377103,2.9238789210547447
actually,1632,90.2,372.64,0,5,15.0,48.0,9921,147211,4.131170451732361,9921,43.0,112.5,-59.5,18.316649524172607,6.68028673325633
significantly,1632,82.92,928.95,0,0,1.0,4.0,23377,135321,11.203323128847657,23377,4.0,10.0,-6.0,3.063310036107418,1.792611628640033
seemingly,1632,82.02,502.02,0,4,13.0,40.0,16257,133860,6.1205806915077385,16257,36.0,94.0,-50.0,14.984098850627161,5.654238182427386
both,1632,79.41,172.02,0,10,26.0,70.0,2890,129601,2.166153871951953,2890,60.0,160.0,-80.0,28.47339746794835,10.998573631729665
largely,1632,79.39,384.22,0,1,5.0,24.0,7602,129561,4.839837365139938,7602,23.0,58.5,-33.5,8.590670594123564,3.116249650704335
probably,1632,77.59,547.37,0,2,7.0,28.0,17196,126623,7.054897273388597,17196,26.0,67.0,-37.0,9.748876740444965,3.72323087477832
never,1632,74.92,486.12,0,2,7.0,25.0,12243,122272,6.488319641112593,12243,23.0,59.5,-32.5,9.657360958758836,3.7640692059064356
sometimes,1632,74.78,262.36,0,6,19.0,60.0,5999,122038,3.508466000870818,5999,54.0,141.0,-75.0,21.21871334962108,7.417604125507091
politically,1632,73.46,683.3,0,0,2.0,12.0,21885,119882,9.302048219595223,21885,12.0,30.0,-18.0,5.117376942192262,2.2766436323952814
least,1632,72.36,486.33,0,3,9.0,29.0,11874,118084,6.7214401775515284,11874,26.0,68.0,-36.0,11.584157860978365,4.456485223608695
generally,1632,72.04,290.45,0,5,13.0,41.0,6811,117563,4.032003465446385,6811,36.0,95.0,-49.0,16.973023974406807,6.718970055556922
usually,1632,70.38,238.39,0,7,18.0,46.0,5828,114868,3.387008243900385,5828,39.0,104.5,-51.5,20.299895011112703,8.474085923092776
surprisingly,1632,68.85,318.23,0,2,10.0,37.0,7767,112369,4.621848271582479,7767,35.0,89.5,-50.5,12.447890956789177,4.443816844039033
ever,1632,66.98,377.49,0,2,8.0,31.0,7639,109306,5.636157691066866,7639,29.0,74.5,-41.5,11.21152882020887,4.368408730891122
currently,1632,66.33,1064.32,0,0,2.0,10.0,41561,108250,16.045885718269126,41561,10.0,25.0,-15.0,4.7648544915919295,2.2725820585911727
overly,1632,64.44,293.03,0,1,6.0,26.25,5135,105167,4.547316766410033,5135,25.25,64.125,-36.875,8.481640155693553,3.001695038097759
simply,1632,63.53,254.03,0,3,10.0,37.0,5444,103676,3.9987246622637724,5444,34.0,88.0,-48.0,13.628560149516897,5.3511549338624365
definitely,1632,61.62,695.23,0,3,8.0,25.0,27032,100556,11.2834637441816,27032,22.0,58.0,-30.0,10.57594887294762,4.601657142621499
easily,1632,61.23,1022.95,0,0,0.0,2.0,38353,99926,16.70682936047419,38353,2.0,5.0,-3.0,2.3958615246379797,1.5301447593960342
certainly,1632,60.81,350.8,0,3,10.0,29.0,8838,99241,5.768883612255014,8838,26.0,68.0,-36.0,12.812818703933278,5.619704338408485
any,1632,58.94,975.99,0,0,0.0,0.0,35498,96182,16.56036161952111,35498,0.0,0.0,0.0,1.5399597141919927,1.1523975355368532
immediately,1632,58.08,968.84,0,0,1.0,6.0,27616,94785,16.68137343688643,27616,6.0,15.0,-9.0,3.412239361870326,1.921429730602273
real,1632,55.67,456.65,0,1,4.0,16.0,16440,90850,8.203055276604323,16440,15.0,38.5,-21.5,6.638946113703705,2.77410641256071
once,1632,55.44,428.93,0,4,12.0,33.0,16333,90471,7.737404477351569,16333,29.0,76.5,-39.5,14.170476415096193,6.2279746303562815
yet,1632,54.64,430.19,0,2,7.0,21.0,10699,89180,7.872536662095656,10699,19.0,49.5,-26.5,9.29626357369828,4.274605918667489
readily,1632,51.85,1637.82,0,0,0.0,0.0,65625,84612,31.59039212241543,65625,0.0,0.0,0.0,1.3609098449637198,1.1470441090582029
otherwise,1632,49.93,155.26,0,4,12.0,38.0,4247,81488,3.1093769622060687,4247,34.0,89.0,-47.0,15.095795194375292,6.297645028843662
environmentally,1632,49.92,1074.0,0,0,0.0,1.0,41730,81475,21.512864748277593,41730,1.0,2.5,-1.5,1.8108042317133735,1.2930384523164966
hugely,1632,47.21,511.93,0,0,2.0,10.0,15341,77040,10.844711178004678,15341,10.0,25.0,-15.0,4.67351112049058,2.279731739496943
clearly,1632,47.16,313.83,0,2,7.0,23.0,11438,76971,6.654081232435385,11438,21.0,54.5,-29.5,9.453751952005687,3.959373547324432
mentally,1632,46.16,979.24,0,0,0.0,2.0,38528,75327,21.21565971386898,38528,2.0,5.0,-3.0,2.034967495778966,1.3976158845873732
virtually,1632,45.16,486.54,0,0,0.0,2.0,17006,73700,10.77392712854895,17006,2.0,5.0,-3.0,2.3760551334841766,1.4545914243532791
exceptionally,1632,45.09,212.96,0,2,6.0,24.0,5047,73594,4.72251316749146,5047,22.0,57.0,-31.0,8.773803961034519,3.512989463835621
unusually,1632,44.35,333.65,0,1,4.0,16.0,10282,72381,7.523014347730288,10282,15.0,38.5,-21.5,6.6484423941677955,2.9202767000735133
about,1632,42.67,481.18,0,1,3.0,10.0,17174,69640,11.276310578356465,17174,9.0,23.5,-12.5,4.985112123716188,2.567845006616894
utterly,1632,42.61,116.47,0,2,7.0,30.0,1770,69534,2.733668317053907,1770,28.0,72.0,-40.0,9.682087876225442,3.5857944236593484
physically,1632,42.02,313.96,0,0,1.0,7.0,9368,68583,7.471076822758094,9368,7.0,17.5,-10.5,3.789138286179264,1.9411453142135278
remarkably,1632,40.81,201.36,0,2,6.0,21.0,5967,66598,4.934371508799014,5967,19.0,49.5,-26.5,8.504664746036603,3.5299688156420066
socially,1632,39.89,406.97,0,0,1.0,5.0,10329,65101,10.202267563836198,10329,5.0,12.5,-7.5,3.1438411241220208,1.7552439820903265
terribly,1632,39.09,209.93,0,2,6.0,22.0,7220,63787,5.3709823316324155,7220,20.0,52.0,-28.0,8.69287309633717,3.6197109622922503
partly,1632,37.24,987.13,0,0,1.0,3.0,39342,60774,26.508005010656277,39342,3.0,7.5,-4.5,2.4825329645171297,1.6741525588581716
genuinely,1632,37.13,181.91,0,1,5.0,19.0,5149,60596,4.89930558706867,5149,18.0,46.0,-26.0,7.6720440256235785,3.302955266839274
seriously,1632,36.81,332.29,0,1,4.0,14.0,12144,60068,9.027936847624346,12144,13.0,33.5,-18.5,6.622239221010063,3.07039967066726
however,1632,36.14,179.9,0,3,8.0,26.0,4266,58983,4.977785373318383,4266,23.0,60.5,-31.5,10.35161157943263,4.600962930506372
reasonably,1632,35.69,183.59,0,0,2.0,12.0,5219,58238,5.14465353093719,5219,12.0,30.0,-18.0,5.23643874117833,2.362919092498292
damn,1632,34.23,438.85,0,0,2.0,8.0,17022,55865,12.820158755702217,17022,8.0,20.0,-12.0,4.184614294364514,2.1699246992503856
exactly,1632,33.92,301.36,0,1,4.0,13.0,9253,55365,8.883117986514689,9253,12.0,31.0,-17.0,5.951299860668006,2.912744444245485
wildly,1632,33.71,417.81,0,0,1.0,8.0,13596,55021,12.392756955055411,13596,8.0,20.0,-12.0,3.6687121415210067,1.9617240347242155
financially,1632,32.65,227.29,0,0,0.0,3.0,3773,53281,6.961999098591199,3773,3.0,7.5,-4.5,2.707271039826099,1.550858122059451
previously,1632,32.61,339.77,0,1,3.0,9.0,11496,53219,10.419153068772966,11496,8.0,21.0,-11.0,4.845867053579933,2.5650725598699746
way,1632,31.95,449.52,0,0,0.0,2.0,12437,52136,14.071153712933391,12437,2.0,5.0,-3.0,2.032706802657231,1.4014022219354836
then,1632,31.89,189.98,0,2,5.0,14.0,6395,52049,5.956683619944957,6395,12.0,32.0,-16.0,7.294580848995407,3.6885165067712333
little,1632,31.48,704.55,0,0,2.0,5.25,28272,51383,22.37741720562527,28272,5.25,13.125,-7.875,3.4397733772482937,2.01477334754744
perhaps,1632,31.23,219.83,0,2,6.0,16.0,7306,50965,7.039492296166865,7306,14.0,37.0,-19.0,7.603923755803776,3.709582575498593
hardly,1632,31.2,255.45,0,1,4.0,13.0,9006,50926,8.186401112840615,9006,12.0,31.0,-17.0,5.9994212194423255,3.0037550817611574
purely,1632,30.9,141.89,0,0,1.0,5.0,2780,50422,4.592642712512505,2780,5.0,12.5,-7.5,3.6076179370044335,1.8788978574323667
historically,1632,30.88,294.42,0,0,2.0,9.0,6459,50398,9.533862730264532,6459,9.0,22.5,-13.5,4.327341833614024,2.3103407405881886
considerably,1632,30.62,305.56,0,0,1.0,2.0,7820,49975,9.978619577218653,7820,2.0,5.0,-3.0,2.4043804325130367,1.5869065728889815
obviously,1632,30.49,96.31,0,2,6.0,20.0,1596,49767,3.1584118772603587,1596,18.0,47.0,-25.0,8.995920789759744,4.159985904109403
sexually,1632,30.43,447.57,0,0,0.0,2.0,12996,49654,14.710545423083094,12996,2.0,5.0,-3.0,2.2839298500659715,1.4813747276820632
directly,1632,30.26,550.55,0,0,0.0,1.0,20288,49385,18.19359071016617,20288,1.0,2.5,-1.5,1.8582145717322314,1.3551417113178614
necessarily,1632,30.09,161.11,0,2,6.0,18.0,3831,49115,5.353387060395472,3831,16.0,42.0,-22.0,8.014388398244098,3.7955428494100705
brand,1632,28.91,1150.67,0,0,0.0,0.0,46484,47174,39.80763458228715,46484,0.0,0.0,0.0,1.0735985772021115,1.0352611464484889
economically,1632,28.72,224.9,0,0,0.0,3.0,6808,46863,7.832174605241165,6808,3.0,7.5,-4.5,2.621825612558683,1.5170330604095996
therefore,1632,28.58,135.68,0,1,4.0,14.0,3676,46650,4.746645331245317,3676,13.0,33.5,-18.5,6.377081311414908,3.116385486192187
barely,1632,28.07,259.42,0,0,0.0,3.0,6634,45815,9.241039258876093,6634,3.0,7.5,-4.5,2.519875943169867,1.5476782893949894
inherently,1632,27.79,134.39,0,1,3.0,14.0,2728,45357,4.835411368501582,2728,13.0,33.5,-18.5,5.660533368699562,2.6211883342168423
extraordinarily,1632,27.17,118.74,0,1,5.0,16.0,2674,44338,4.370494049582051,2674,15.0,38.5,-21.5,6.64000368250704,3.0705708833376626
apparently,1632,27.11,71.81,0,2,7.0,21.0,1299,44245,2.64871768743072,1299,19.0,49.5,-26.5,9.14127624298634,4.333290223952556
consistently,1632,26.97,191.63,0,1,3.0,10.0,5756,44008,7.106405801236157,5756,9.0,23.5,-12.5,5.242498225891872,2.721397941674249
widely,1632,26.67,628.48,0,0,0.0,1.0,24789,43520,23.56795192192775,24789,1.0,2.5,-1.5,1.7120946588811008,1.30334065569853
emotionally,1632,26.63,117.11,0,0,1.0,7.0,1506,43467,4.397155892863727,1506,7.0,17.5,-10.5,3.698412531551079,1.907401927761757
amazingly,1632,26.31,102.81,0,1,3.0,14.0,1892,42935,3.9078765850729367,1892,13.0,33.5,-18.5,5.665707964441324,2.645838757014609
mutually,1632,26.05,511.92,0,0,0.0,1.0,16386,42509,19.65355968724582,16386,1.0,2.5,-1.5,1.688779899681839,1.296921851575612
typically,1632,25.6,77.11,0,3,8.0,20.0,1341,41779,3.012065377331685,1341,17.0,45.5,-22.5,9.673665335164225,4.81200899577188
wonderfully,1632,25.44,67.82,0,1,4.0,19.0,795,41522,2.6654477099421756,795,18.0,46.0,-26.0,6.71826170166015,2.842646608490199
naturally,1632,25.36,104.4,0,1,4.0,15.0,1902,41381,4.1172756908944965,1902,14.0,36.0,-20.0,6.147184039829219,2.910860767889867
visually,1632,25.22,276.86,0,0,1.0,5.0,7965,41164,10.976315757535062,7965,5.0,12.5,-7.5,3.0634109002970793,1.7560073142598884
downright,1632,25.19,88.03,0,0,4.0,15.0,1730,41104,3.4952146458679505,1730,15.0,37.5,-22.5,5.748658396358804,2.5749744136748642
technically,1632,24.91,144.71,0,0,1.0,5.0,2273,40647,5.810208754540856,2273,5.0,12.5,-7.5,3.219603218529149,1.8167790985859833
finally,1632,24.15,386.34,0,0,1.0,2.0,13550,39416,15.996364703982191,13550,2.0,5.0,-3.0,2.302870380633719,1.5489676742231286
immensely,1632,23.83,204.66,0,0,1.0,6.0,6667,38896,8.587121084389322,6667,6.0,15.0,-9.0,3.457917583466008,1.9670801121116201
morally,1632,23.75,189.09,0,0,0.0,4.0,5420,38759,7.961881957360637,5420,4.0,10.0,-6.0,2.6443784702714925,1.5910706848247116
vastly,1632,23.64,517.68,0,0,0.0,2.0,20462,38578,21.89975661420189,20462,2.0,5.0,-3.0,2.0346609744099284,1.4349454545595608
sufficiently,1632,23.56,97.1,0,1,4.0,14.0,2200,38443,4.1220394717927125,2200,13.0,33.5,-18.5,6.394329895064463,3.0573974482759962
similarly,1632,23.38,47.81,0,4,10.0,24.0,831,38161,2.0448521452883095,831,20.0,54.0,-26.0,11.365559026251788,5.736516174574667
indeed,1632,23.27,72.75,0,2,7.0,17.0,1651,37976,3.1264477599499365,1651,15.0,39.5,-20.5,8.477262593715542,4.287629142391037
predominantly,1632,23.03,294.3,0,0,0.0,2.0,8049,37584,12.779115548412456,8049,2.0,5.0,-3.0,2.1316057333953866,1.449364654653281
ridiculously,1632,22.97,125.33,0,0,2.0,9.0,2301,37495,5.455281415398744,2301,9.0,22.5,-13.5,4.377146441640417,2.264328784983971
fundamentally,1632,22.79,270.28,0,0,2.0,6.0,9634,37200,11.857644983011143,9634,6.0,15.0,-9.0,3.5700693459863984,2.0539288722072344
uniquely,1632,22.79,145.07,0,1,4.0,13.0,4299,37186,6.366599777480672,4299,12.0,31.0,-17.0,5.552352348987364,2.7542920212185336
wholly,1632,22.59,105.0,0,0,3.0,12.0,2347,36872,4.6475766261751135,2347,12.0,30.0,-18.0,5.022638848439938,2.4488639616856878
substantially,1632,22.56,217.19,0,0,0.0,1.0,4480,36813,9.628376483792364,4480,1.0,2.5,-1.5,2.047695931839604,1.414657908701205
critically,1632,22.44,505.29,0,0,0.0,1.0,17445,36620,22.518832397765767,17445,1.0,2.5,-1.5,1.460437740665161,1.214249242432131
wide,1632,22.14,813.62,0,0,0.0,0.0,32807,36139,36.74241103797134,32807,0.0,0.0,0.0,1.1776469452895297,1.0929197902430772
second,1632,21.91,496.53,0,0,0.0,1.0,19283,35757,22.662548361292252,19283,1.0,2.5,-1.5,1.6454739763588164,1.3003920477700428
kinda,1632,20.7,100.62,0,0,2.0,7.0,2053,33790,4.859991202379745,2053,7.0,17.5,-10.5,4.006983016824637,2.0950401302227166
personally,1632,20.66,313.5,0,0,1.0,4.0,11685,33724,15.171290939113906,11685,4.0,10.0,-6.0,2.7063885046064446,1.6815127403119863
thoroughly,1632,20.52,129.07,0,1,3.0,11.0,2988,33482,6.29132426530788,2988,10.0,26.0,-14.0,5.197645032787812,2.7226909489643876
openly,1632,20.51,569.46,0,0,0.0,1.0,22852,33475,27.762782105256655,22852,1.0,2.5,-1.5,1.8243414886777456,1.3654308569876474
culturally,1632,20.47,187.33,0,0,1.0,4.0,5041,33409,9.151094503968784,5041,4.0,10.0,-6.0,2.6259518016122194,1.6365896925241517
notoriously,1632,20.41,170.77,0,0,1.0,7.0,5964,33309,8.366877110608549,5964,7.0,17.5,-10.5,3.51907611085009,1.9242280184574871
exceedingly,1632,20.15,108.93,0,1,4.0,12.0,2749,32882,5.406172647189998,2749,11.0,28.5,-15.5,5.425053664008396,2.739942965494308
commercially,1632,20.05,386.31,0,0,0.0,1.0,13413,32719,19.26873574097313,13413,1.0,2.5,-1.5,1.5899550256463222,1.2450154513804117
heavily,1632,20.02,290.49,0,0,0.0,2.0,8557,32678,14.507383133691123,8557,2.0,5.0,-3.0,2.008275354940589,1.4190758313589509
likely,1632,19.97,83.43,0,1,3.0,10.0,1339,32587,4.178222010639281,1339,9.0,23.5,-12.5,4.813228269055741,2.479331087716597
publicly,1632,19.95,562.32,0,0,0.0,1.0,22216,32562,28.183462632514328,22216,1.0,2.5,-1.5,1.653393890872381,1.3040824175585666
plain,1632,19.83,141.12,0,0,1.0,5.0,4348,32366,7.115977232124135,4348,5.0,12.5,-7.5,3.214088775624889,1.8194122718097427
essentially,1632,19.81,97.58,0,0,2.0,11.0,2416,32327,4.92602637177476,2416,11.0,27.5,-16.5,4.587065918302741,2.3079239075885036
ultimately,1632,19.73,139.49,0,1,3.0,10.0,4714,32197,7.070693649036789,4714,9.0,23.5,-12.5,4.779944881424913,2.5434782799001154
comparatively,1632,19.55,138.32,0,0,1.0,4.0,3191,31909,7.07445296800267,3191,4.0,10.0,-6.0,2.8760690739652177,1.7110377635463414
painfully,1632,19.22,171.5,0,0,1.0,5.0,4224,31375,8.920833924142894,4224,5.0,12.5,-7.5,3.1611420527489527,1.8622711227849318
half,1632,19.03,206.15,0,0,1.0,3.0,6245,31062,10.830999253304633,6245,3.0,7.5,-4.5,2.3808582318353846,1.5943765390561144
possibly,1632,18.79,78.89,0,1,4.0,13.0,2029,30671,4.197869398952193,2029,12.0,31.0,-17.0,5.831044952316439,2.953885584026015
mainly,1632,18.02,101.95,0,0,1.0,5.0,2053,29415,5.656204253432579,2053,5.0,12.5,-7.5,3.4534804762960363,1.9669780410722106
closely,1632,18.01,672.14,0,0,0.0,0.0,27148,29385,37.3298375055652,27148,0.0,0.0,0.0,1.216005499266426,1.105330897907528
legally,1632,18.0,137.86,0,0,0.0,2.0,3323,29384,7.65681825575165,3323,2.0,5.0,-3.0,2.2226381587151227,1.449848175447985
overwhelmingly,1632,17.75,187.68,0,0,2.0,5.0,6757,28966,10.574339346562587,6757,5.0,12.5,-7.5,3.245875321455195,1.9636793803586128
profoundly,1632,17.67,70.35,0,0,3.0,10.0,1357,28840,3.9809524196993054,1357,10.0,25.0,-15.0,4.698824704195228,2.4003656719325184
intensely,1632,17.2,110.13,0,0,2.0,7.0,3643,28064,6.404357948599119,3643,7.0,17.5,-10.5,3.9715575939917374,2.159488487337037
primarily,1632,17.09,167.29,0,0,1.0,4.0,5054,27889,9.789679072539911,5054,4.0,10.0,-6.0,2.7374715713672186,1.6726378868860283
dangerously,1632,16.83,213.02,0,0,1.0,4.0,7407,27472,12.654779898361769,7407,4.0,10.0,-6.0,2.893897014333959,1.770815201514702
practically,1632,16.34,132.77,0,0,1.0,3.0,4582,26668,8.12494392463554,4582,3.0,7.5,-4.5,2.6918402746751116,1.6593138513773575
statistically,1632,16.24,420.23,0,0,0.0,1.0,16885,26501,25.878787283333157,16885,1.0,2.5,-1.5,1.7192863385776027,1.2988781800771794
enormously,1632,16.01,112.07,0,0,1.0,4.0,2986,26122,7.001621107151285,2986,4.0,10.0,-6.0,2.8694619024533443,1.7592155691123008
insanely,1632,15.94,73.2,0,0,1.0,6.0,1212,26007,4.593175271212812,1212,6.0,15.0,-9.0,3.3962323932053735,1.921152492757302
somehow,1632,15.75,74.39,0,1,3.0,10.0,1501,25702,4.723573956461894,1501,9.0,23.5,-12.5,5.066644571680888,2.752559133248736
moderately,1632,15.73,81.09,0,0,1.0,5.0,1982,25671,5.154992734275558,1982,5.0,12.5,-7.5,3.4754695169174568,1.9745133943110655
awfully,1632,15.61,89.09,0,0,2.0,6.0,1983,25473,5.70768450166778,1983,6.0,15.0,-9.0,3.616795908048409,2.0489145884350575
merely,1632,15.41,42.68,0,1,5.0,14.0,821,25156,2.768631755638846,821,13.0,33.5,-18.5,6.2390702946628736,3.2639863107314655
normally,1632,15.12,52.11,0,1,3.0,11.0,1109,24674,3.446404848371973,1109,10.0,26.0,-14.0,5.043202088676138,2.689389110216598
tremendously,1632,15.05,75.19,0,0,2.0,6.0,1647,24565,4.9953031618093995,1647,6.0,15.0,-9.0,3.562976650106518,2.046140430918319
extra,1632,15.0,124.53,0,0,1.0,6.0,4411,24482,8.301531378143522,4411,6.0,15.0,-9.0,3.4014771306430425,1.903592560958929
newly,1632,14.76,122.84,0,0,1.0,4.0,3541,24081,8.32517676117467,3541,4.0,10.0,-6.0,2.864227101371989,1.8180449997284258
strictly,1632,14.66,100.29,0,0,0.0,3.0,2568,23927,6.8402056096624,2568,3.0,7.5,-4.5,2.525221275409327,1.5434511189200335
radically,1632,14.64,389.76,0,0,0.0,2.0,15522,23892,26.623355635616154,15522,2.0,5.0,-3.0,1.917077204087571,1.4212205210409214
instantly,1632,14.48,165.29,0,0,1.0,3.0,5764,23636,11.412883330961492,5764,3.0,7.5,-4.5,2.5516977979167663,1.640960819059413
darn,1632,14.43,197.43,0,0,1.0,3.0,7657,23542,13.686424963041807,7657,3.0,7.5,-4.5,2.6358644550253527,1.6957214610498212
unbelievably,1632,14.39,49.1,0,0,2.0,9.0,1068,23491,3.4112351544314827,1068,9.0,22.5,-13.5,4.3741081904154715,2.337872143522352
basically,1632,14.36,59.23,0,0,2.0,8.0,1151,23440,4.123953799127059,1151,8.0,20.0,-12.0,4.105329250160066,2.2643399038705936
over,1632,14.19,170.82,0,0,0.0,2.0,4574,23152,12.041368859968056,4574,2.0,5.0,-3.0,1.9654949736909217,1.4002341572611479
supposedly,1632,13.7,36.37,0,1,4.0,12.0,593,22363,2.6542007552931084,593,11.0,28.5,-15.5,5.619478282943212,3.054229610477024
again,1632,13.64,45.18,0,1,3.0,8.0,904,22265,3.3113561491121852,904,7.0,18.5,-9.5,4.728726881572405,2.6395561866611392
decidedly,1632,13.32,73.39,0,1,3.0,9.0,2673,21744,5.50854004324782,2673,8.0,21.0,-11.0,4.52023538303587,2.4959262192901717
distinctly,1632,13.23,159.2,0,0,1.0,5.0,6165,21584,12.037429320484042,6165,5.0,12.5,-7.5,3.2338900482369075,1.9969680679705846
pleasantly,1632,13.12,361.01,0,0,0.0,2.0,14553,21420,27.5051993756199,14553,2.0,5.0,-3.0,2.0417429309494572,1.4957093405585011
initially,1632,13.11,62.79,0,0,2.0,6.0,1506,21398,4.788892165839305,1506,6.0,15.0,-9.0,3.6045030248200254,2.087952980202404
technologically,1632,12.92,301.45,0,0,0.0,1.0,12002,21093,23.323444991719796,12002,1.0,2.5,-1.5,1.6459816652613424,1.279044025199764
mildly,1632,12.92,57.83,0,0,1.0,6.0,1104,21085,4.475934924652765,1104,6.0,15.0,-9.0,3.354459460083761,1.9332421658170056
thus,1632,12.91,60.33,0,0,2.0,7.0,1643,21062,4.674547898309337,1643,7.0,17.5,-10.5,3.960105884908814,2.3013402607503743
infinitely,1632,12.59,86.22,0,0,1.0,3.0,2555,20542,6.849794803412856,2555,3.0,7.5,-4.5,2.523236560870237,1.6175402659937954
beautifully,1632,12.53,58.81,0,0,1.0,8.0,1588,20457,4.691518342727172,1588,8.0,20.0,-12.0,3.557396785843127,1.978821180112317
minimally,1632,12.48,413.27,0,0,0.0,1.0,16685,20361,33.125311605422674,16685,1.0,2.5,-1.5,1.4915701064694347,1.2417664442598233
traditionally,1632,12.38,59.27,0,0,1.0,5.0,999,20210,4.786445411340928,999,5.0,12.5,-7.5,3.3340906511571577,2.0031486287996585
strangely,1632,12.28,57.57,0,1,3.0,8.0,1294,20042,4.688132916287326,1294,7.0,18.5,-9.5,4.260449776480605,2.432877816965575
remotely,1632,12.17,84.38,0,0,1.0,5.0,2556,19866,6.931862959478396,2556,5.0,12.5,-7.5,3.118840958309446,1.9029534135848685
aesthetically,1632,11.94,326.47,0,0,0.0,1.0,13081,19492,27.33455377472136,13081,1.0,2.5,-1.5,1.7375664485447824,1.351936458602179
rarely,1632,11.8,51.73,0,0,2.0,6.0,1197,19253,4.384710344909897,1197,6.0,15.0,-9.0,3.5330697385470065,2.0801317781862454
maybe,1632,11.75,84.5,0,0,2.0,6.25,2782,19168,7.1945316563941715,2782,6.25,15.625,-9.375,3.6972797871352996,2.2606747589130727
fiercely,1632,11.68,152.19,0,0,0.0,2.0,3690,19067,13.026434470219096,3690,2.0,5.0,-3.0,1.8936750382824938,1.3986620805855197
vitally,1632,11.58,425.88,0,0,0.0,0.0,17199,18892,36.79007461239519,17199,0.0,0.0,0.0,1.1914927124774464,1.0984127188186774
of,1632,11.48,48.18,0,0,2.0,7.0,1152,18738,4.196634632596835,1152,7.0,17.5,-10.5,3.662483687539514,2.1479034889272257
dramatically,1632,11.43,176.06,0,0,0.0,2.0,6747,18653,15.403630623097653,6747,2.0,5.0,-3.0,2.117608543271853,1.5082144897535417
partially,1632,11.42,100.92,0,0,1.0,3.0,2963,18641,8.835047521022794,2963,3.0,7.5,-4.5,2.3670383336415908,1.5846856376098286
horribly,1632,11.39,185.98,0,0,1.0,4.0,7474,18591,16.325993956234967,7474,4.0,10.0,-6.0,2.6475358897761456,1.6599860821382197
enough,1632,11.38,51.68,0,0,2.0,7.0,1581,18580,4.539095104370137,1581,7.0,17.5,-10.5,3.883704132753037,2.264223833934912
strikingly,1632,11.37,136.01,0,0,1.0,3.0,4642,18563,11.95727902835652,4642,3.0,7.5,-4.5,2.5102541936950304,1.6793041380894114
constantly,1632,11.16,58.14,0,0,1.0,4.0,1511,18220,5.207981573635213,1511,4.0,10.0,-6.0,2.8413247743220986,1.7517678129875818
oddly,1632,11.16,77.04,0,0,2.0,7.0,2783,18217,6.901899308383781,2783,7.0,17.5,-10.5,3.8609733092966483,2.3013854696413745
altogether,1632,11.06,129.86,0,0,2.0,6.0,5064,18051,11.740441505536232,5064,6.0,15.0,-9.0,3.2978589043438906,2.045743759919689
further,1632,10.94,45.35,0,0,2.0,7.0,1059,17861,4.143739953944643,1059,7.0,17.5,-10.5,3.9456930752880597,2.3087336053934653
medically,1632,10.87,158.7,0,0,0.0,1.0,6030,17733,14.60557284298237,6030,1.0,2.5,-1.5,1.6529066868858062,1.2561744212920702
kind,1632,10.85,387.62,0,0,0.0,1.0,15659,17705,35.730143287217444,15659,1.0,2.5,-1.5,1.486945930169604,1.2700508230289371
suddenly,1632,10.74,34.97,0,0,2.0,7.0,774,17535,3.255153915779515,774,7.0,17.5,-10.5,3.8057752592367247,2.197188451684319
terminally,1632,10.59,395.34,0,0,0.0,0.0,15971,17287,37.32283834321866,15971,0.0,0.0,0.0,1.2898337905059447,1.1584299239936775
unexpectedly,1632,10.41,68.56,0,0,1.0,5.0,1811,16983,6.588241447954458,1811,5.0,12.5,-7.5,3.1173182709656855,1.9268084585716365
noticeably,1632,10.25,84.21,0,0,0.0,2.0,2638,16726,8.216905911711113,2638,2.0,5.0,-3.0,2.259850223118245,1.546792377064094
massively,1632,10.25,77.49,0,0,1.0,4.0,2129,16722,7.5624829042087836,2129,4.0,10.0,-6.0,2.6646779230005513,1.7264873182513956
roughly,1632,10.19,176.01,0,0,0.0,0.0,5401,16638,17.264402743808677,5401,0.0,0.0,0.0,1.3914437495182712,1.1771367901682424
freely,1632,9.93,339.96,0,0,0.0,0.0,13634,16201,34.245573205678895,13634,0.0,0.0,0.0,1.1441148356410276,1.073131599261328
forever,1632,9.83,162.72,0,0,1.0,3.0,6271,16049,16.54628251694596,6271,3.0,7.5,-4.5,2.3600702747624767,1.638752675198213
occasionally,1632,9.79,22.48,0,1,3.0,9.0,367,15970,2.2970645113140273,367,8.0,21.0,-11.0,4.519989915550085,2.5780294963015087
acutely,1632,9.74,279.36,0,0,0.0,1.0,11238,15903,28.668042143080125,11238,1.0,2.5,-1.5,1.5669064354294537,1.2914311643057124
excessively,1632,9.69,54.96,0,0,1.0,5.0,1737,15808,5.673613141266636,1737,5.0,12.5,-7.5,3.1539709177388104,1.9208174013254489
brutally,1632,9.66,167.76,0,0,0.0,2.0,6645,15769,17.36266671879454,6645,2.0,5.0,-3.0,1.9418145044075064,1.4224658863971071
impossibly,1632,9.66,49.37,0,0,1.0,4.0,1350,15763,5.111705763978046,1350,4.0,10.0,-6.0,2.7090064131029647,1.7217653238421835
sharply,1632,9.51,136.94,0,0,0.0,0.0,2962,15526,14.394183106969361,2962,0.0,0.0,0.0,1.4076076812104714,1.1879046060637772
undeniably,1632,9.36,31.91,0,0,2.0,6.25,583,15275,3.4094120864450077,583,6.25,15.625,-9.375,3.515878595222371,2.097251350404219
frequently,1632,9.35,25.27,0,1,3.0,8.0,350,15256,2.7029732310914185,350,7.0,18.5,-9.5,4.314785866858213,2.5722649731202494
abundantly,1632,9.33,311.75,0,0,0.0,0.0,12581,15225,33.41714458222546,12581,0.0,0.0,0.0,1.354255021278172,1.1837238086814224
intellectually,1632,9.28,71.63,0,0,0.0,2.0,1406,15143,7.719914432262718,1406,2.0,5.0,-3.0,2.2086387545121546,1.5230016557906445
vaguely,1632,9.25,76.67,0,0,1.0,4.0,2308,15099,8.286895600797486,2308,4.0,10.0,-6.0,2.7960099769015945,1.797245118115578
fiscally,1632,9.14,178.77,0,0,0.0,0.0,5672,14909,19.568465279285537,5672,0.0,0.0,0.0,1.4052587416625009,1.1847929335252398
eerily,1632,9.02,139.08,0,0,0.0,1.0,4962,14726,15.413583065564204,4962,1.0,2.5,-1.5,1.7088457114405546,1.3323082351732403
visibly,1632,8.87,66.9,0,0,0.0,2.0,2132,14477,7.541125313370027,2132,2.0,5.0,-3.0,2.1567093904875576,1.4976225843554336
near,1632,8.86,142.26,0,0,0.0,1.0,4514,14464,16.051318169906153,4514,1.0,2.5,-1.5,1.6476947784015958,1.2948040075902614
supremely,1632,8.84,55.63,0,0,1.0,5.0,1535,14432,6.290294717636651,1535,5.0,12.5,-7.5,3.095412737779083,1.9253320246595658
deceptively,1632,8.71,148.12,0,0,0.0,2.0,5915,14215,17.0048355796537,5915,2.0,5.0,-3.0,2.0302847898417284,1.4612299774383646
stunningly,1632,8.69,115.03,0,0,1.0,3.0,4562,14176,13.242670322808928,4562,3.0,7.5,-4.5,2.4590820381035496,1.6429261999887874
severely,1632,8.64,70.39,0,0,0.0,2.0,2003,14105,8.14404140320552,2003,2.0,5.0,-3.0,1.9252726174469699,1.3989206361381128
notably,1632,8.47,71.95,0,0,2.0,4.0,2604,13820,8.496490037752888,2604,4.0,10.0,-6.0,3.099105242574405,2.0494978042308025
broadly,1632,8.45,56.97,0,0,0.0,2.0,1402,13791,6.7418277404669515,1402,2.0,5.0,-3.0,2.0180513963780236,1.4329236684791102
shockingly,1632,8.42,40.27,0,0,1.0,5.0,888,13749,4.780578314733993,888,5.0,12.5,-7.5,2.959838250924,1.8624028566165336
beyond,1632,8.41,78.26,0,0,0.0,2.0,2722,13720,9.309509566635713,2722,2.0,5.0,-3.0,2.0702782597581812,1.4248981143000923
strongly,1632,8.41,54.94,0,0,0.0,2.0,1253,13717,6.536867039268677,1253,2.0,5.0,-3.0,2.1328101904534655,1.4793460260415996
non,1632,8.39,50.27,0,0,1.0,3.0,1374,13700,5.988141206121442,1374,3.0,7.5,-4.5,2.4520863495793823,1.6273742347222586
universally,1632,8.34,58.16,0,0,1.0,3.0,1245,13606,6.976697316330097,1245,3.0,7.5,-4.5,2.3045585429854873,1.6140748071377118
reportedly,1632,8.29,60.26,0,0,1.0,3.0,1529,13536,7.265715984401607,1529,3.0,7.5,-4.5,2.289100968792763,1.5658962745919454
chronically,1632,8.28,126.42,0,0,0.0,1.0,4552,13511,15.269956322750243,4552,1.0,2.5,-1.5,1.5469406936640424,1.2308827080333884
solely,1632,8.25,197.79,0,0,0.0,1.0,7939,13460,23.982052752298546,7939,1.0,2.5,-1.5,1.7750829137411548,1.3690579273835113
literally,1632,8.19,55.86,0,0,1.0,3.0,1765,13358,6.82518433046536,1765,3.0,7.5,-4.5,2.6090309487582424,1.7080512005062778
than,1632,8.17,67.22,0,0,0.0,3.0,1743,13337,8.226020016552507,1743,3.0,7.5,-4.5,2.2163882413020173,1.5390470370061256
albeit,1632,8.16,30.94,0,0,2.0,6.0,858,13309,3.7933994829289666,858,6.0,15.0,-9.0,3.6433262051815754,2.2698334969829297
clinically,1632,8.05,83.98,0,0,0.0,1.0,2070,13142,10.429100448929878,2070,1.0,2.5,-1.5,1.6106103115615797,1.2546840863301134
racially,1632,7.88,93.77,0,0,0.0,0.0,2562,12861,11.899343112462713,2562,0.0,0.0,0.0,1.4044795302944226,1.1625960160039392
deliciously,1632,7.75,31.54,0,0,1.0,4.0,712,12652,4.067765732852692,712,4.0,10.0,-6.0,2.6184997447360865,1.6843739426602815
formerly,1632,7.61,38.23,0,0,1.0,5.0,1341,12420,5.023989952237773,1341,5.0,12.5,-7.5,3.121336053671771,1.974339698292866
marginally,1632,7.61,69.53,0,0,0.0,2.0,2325,12416,9.138732445124395,2325,2.0,5.0,-3.0,1.92049058495921,1.3997928748883102
up,1632,7.49,128.61,0,0,0.0,1.0,4912,12229,17.163864920533292,4912,1.0,2.5,-1.5,1.8033387744268465,1.3811668302104538
exclusively,1632,7.48,67.98,0,0,0.0,2.0,2405,12213,9.084519921516584,2405,2.0,5.0,-3.0,1.9766785981574562,1.4049434403095449
grossly,1632,7.43,69.27,0,0,0.0,1.0,1764,12128,9.320632623319709,1764,1.0,2.5,-1.5,1.6329946087690737,1.261804535061261
progressively,1632,7.41,63.08,0,0,0.0,2.0,2130,12093,8.512800599721565,2130,2.0,5.0,-3.0,2.0274651552532785,1.4703097147425503
keenly,1632,7.41,220.89,0,0,0.0,0.0,8683,12089,29.81925623333496,8683,0.0,0.0,0.0,1.2068751872162242,1.1049292758358806
globally,1632,7.34,85.99,0,0,0.0,1.0,3182,11974,11.719835059429458,3182,1.0,2.5,-1.5,1.685447584910071,1.293060758540324
first,1632,7.3,33.91,0,0,1.0,4.0,733,11912,4.645887117448664,733,4.0,10.0,-6.0,2.69293395869755,1.7719938684959202
officially,1632,7.24,63.2,0,0,0.0,1.0,1694,11810,8.733743702110232,1694,1.0,2.5,-1.5,1.8644933297150899,1.3710620788384573
woefully,1632,7.21,101.59,0,0,0.0,1.0,3538,11765,14.092273784414196,3538,1.0,2.5,-1.5,1.5114868760363283,1.2155995078284445
back,1632,7.2,55.7,0,0,0.0,1.0,993,11756,7.732063270168009,993,1.0,2.5,-1.5,1.83284549339412,1.3734843147145641
though,1632,7.17,27.07,0,0,1.0,4.25,610,11694,3.7780942043267496,610,4.25,10.625,-6.375,2.985897781549402,1.909023792895014
allegedly,1632,7.13,35.63,0,0,1.0,4.0,938,11631,4.999085099285223,938,4.0,10.0,-6.0,2.9639942556980494,1.9482483116171332
longer,1632,7.12,40.46,0,0,0.0,2.0,781,11627,5.679422894551674,781,2.0,5.0,-3.0,2.1252659139352343,1.4893508173681997
doubly,1632,7.05,38.03,0,0,1.0,3.0,858,11511,5.391386755590343,858,3.0,7.5,-4.5,2.387887434136903,1.595480773023892
desperately,1632,7.01,76.31,0,0,0.0,1.0,2723,11446,10.879849902475712,2723,1.0,2.5,-1.5,1.8243611575307475,1.3735714302903526
understandably,1632,7.01,40.91,0,0,0.0,1.0,800,11445,5.833151170896564,800,1.0,2.5,-1.5,1.9457637397584495,1.3946497135766744
delightfully,1632,7.01,20.17,0,0,1.0,5.0,244,11439,2.8770362575904103,244,5.0,12.5,-7.5,2.9805558618222343,1.864562746025522
overtly,1632,6.99,64.56,0,0,1.0,3.0,2074,11402,9.241052244867642,2074,3.0,7.5,-4.5,2.2109582267481063,1.559472206280923
specifically,1632,6.94,53.6,0,0,1.0,3.0,1814,11324,7.725238076737673,1814,3.0,7.5,-4.5,2.3770388941708864,1.6380522551213883
undoubtedly,1632,6.93,33.63,0,0,1.0,5.0,1013,11316,4.849661305189121,1013,5.0,12.5,-7.5,2.978276303121716,1.9381526391283894
surely,1632,6.85,32.94,0,0,1.0,4.0,630,11174,4.811015432078879,630,4.0,10.0,-6.0,2.760652015855985,1.8499043726889968
disproportionately,1632,6.84,95.23,0,0,0.0,1.0,2981,11162,13.922885496553018,2981,1.0,2.5,-1.5,1.5513532419146159,1.2396013971139064
admittedly,1632,6.79,19.63,0,0,1.5,6.0,379,11081,2.891025832526612,379,6.0,15.0,-9.0,3.1699954147001073,1.978011203793045
abnormally,1632,6.78,93.87,0,0,0.0,1.0,3197,11071,13.836922938953116,3197,1.0,2.5,-1.5,1.5114666156089218,1.2366152938529782
famously,1632,6.78,17.16,0,0,2.0,6.0,280,11071,2.530306870856387,280,6.0,15.0,-9.0,3.3557540948402393,2.06278182847298
cautiously,1632,6.75,232.47,0,0,0.0,0.0,9383,11024,34.415314378318286,9383,0.0,0.0,0.0,1.185008813987985,1.0900338133246956
markedly,1632,6.66,134.14,0,0,0.0,1.0,5289,10873,20.134438138766164,5289,1.0,2.5,-1.5,1.6124428962591881,1.3036009628056222
greatly,1632,6.56,40.61,0,0,1.0,2.0,1088,10701,6.192820503309803,1088,2.0,5.0,-3.0,2.19463617080282,1.5590805627029667
refreshingly,1632,6.54,39.98,0,0,0.0,2.0,935,10671,6.114458952318998,935,2.0,5.0,-3.0,2.183460756922943,1.5216333570714098
blatantly,1632,6.38,60.81,0,0,0.0,1.0,1899,10413,9.53045535344598,1899,1.0,2.5,-1.5,1.723861099656339,1.3307503502281601
overall,1632,6.38,56.39,0,0,0.0,2.0,1973,10411,8.839120145137953,1973,2.0,5.0,-3.0,2.157181034158222,1.5373727796098176
scientifically,1632,6.36,47.48,0,0,0.0,1.0,1192,10387,7.459958241505187,1192,1.0,2.5,-1.5,1.7415548629894249,1.3153924211581094
patently,1632,6.28,74.66,0,0,0.0,1.0,2281,10245,11.892423031169603,2281,1.0,2.5,-1.5,1.5164780060329286,1.2460927514476514
eternally,1632,6.19,116.4,0,0,0.0,2.0,4663,10104,18.801142647444472,4663,2.0,5.0,-3.0,1.9593534498246852,1.4807330410299644
spiritually,1632,6.17,30.45,0,0,0.0,2.0,653,10062,4.939390895887297,653,2.0,5.0,-3.0,2.135704506943657,1.4935594897406985
genetically,1632,6.07,58.02,0,0,0.0,1.0,1540,9913,9.551878645050497,1540,1.0,2.5,-1.5,1.5024948900454809,1.2163975969587124
endlessly,1632,6.06,46.88,0,0,0.0,2.0,1659,9882,7.742906069459771,1659,2.0,5.0,-3.0,2.1634207297608175,1.5241530098573743
positively,1632,6.05,23.63,0,0,1.0,5.0,733,9866,3.9093258410745664,733,5.0,12.5,-7.5,3.0358894217281445,1.970424659429177
astonishingly,1632,6.01,27.24,0,0,1.0,4.0,534,9805,4.534198264271383,534,4.0,10.0,-6.0,2.5062415430279463,1.6860655293551239
criminally,1632,5.98,86.09,0,0,0.0,0.0,1925,9766,14.386871158290385,1925,0.0,0.0,0.0,1.3891808488855135,1.185836012757909
crystal,1632,5.94,237.86,0,0,0.0,0.0,9609,9694,40.04393226173028,9609,0.0,0.0,0.0,1.0201725397555566,1.0084849489387373
ecologically,1632,5.93,54.55,0,0,0.0,0.0,1188,9684,9.193606292046907,1188,0.0,0.0,0.0,1.4776063201252683,1.1939161829626965
strategically,1632,5.93,129.83,0,0,0.0,1.0,5177,9684,21.879457220632727,5177,1.0,2.5,-1.5,1.5616936390280989,1.266943295323714
deliberately,1632,5.91,31.64,0,0,1.0,3.0,708,9641,5.355266183487843,708,3.0,7.5,-4.5,2.3791443979186653,1.6310610616531078
drastically,1632,5.9,151.05,0,0,0.0,0.0,6024,9627,25.606753274210828,6024,0.0,0.0,0.0,1.310361203983526,1.1490456853791469
bad,1632,5.87,205.26,0,0,0.0,0.0,8291,9582,34.960467656855926,8291,0.0,0.0,0.0,1.277367602453271,1.1526864724941082
unnecessarily,1632,5.81,34.39,0,0,0.0,2.0,622,9488,5.915994527695724,622,2.0,5.0,-3.0,1.9677009288035512,1.4232810566119303
psychologically,1632,5.79,34.68,0,0,0.0,2.0,1027,9446,5.991010018176613,1027,2.0,5.0,-3.0,2.003261801765383,1.4225766455401572
right,1632,5.78,38.78,0,0,1.0,3.0,1370,9435,6.7087107959771775,1370,3.0,7.5,-4.5,2.361053149904713,1.6434257610128424
biologically,1632,5.75,54.12,0,0,0.0,1.0,1607,9381,9.414815565798541,1607,1.0,2.5,-1.5,1.5978159857646004,1.2490009764551737
soon,1632,5.73,59.94,0,0,0.0,1.0,2118,9349,10.464139686860245,2118,1.0,2.5,-1.5,1.8181211431397724,1.3931593118498808
nationally,1632,5.71,105.67,0,0,0.0,0.0,4044,9322,18.50047937314361,4044,0.0,0.0,0.0,1.3034379038972177,1.1332371030260115
eminently,1632,5.7,39.75,0,0,0.0,1.0,908,9296,6.977807437414455,908,1.0,2.5,-1.5,1.8344521215985927,1.3779873434204306
out,1632,5.65,89.12,0,0,0.0,1.0,3316,9224,15.767479911125134,3316,1.0,2.5,-1.5,1.567896675534317,1.2787477796164421
sadly,1632,5.64,41.5,0,0,0.0,2.0,1292,9202,7.359312316935218,1292,2.0,5.0,-3.0,1.97646512869014,1.4507136823794335
tad,1632,5.6,20.36,0,0,0.0,3.0,430,9135,3.63751158360056,430,3.0,7.5,-4.5,2.1624539271183982,1.4602399819113374
absurdly,1632,5.57,30.1,0,0,1.0,3.0,771,9085,5.407433241336932,771,3.0,7.5,-4.5,2.3619406336081408,1.6487099001632541
humanly,1632,5.56,196.13,0,0,0.0,0.0,7911,9081,35.24761349998746,7911,0.0,0.0,0.0,1.2102972422450475,1.1184555381557204
recently,1632,5.54,33.89,0,0,0.0,2.0,800,9034,6.122379196434598,800,2.0,5.0,-3.0,2.1066263537941468,1.5276078464841318
quietly,1632,5.53,33.6,0,0,0.0,3.0,1186,9025,6.075844511834722,1186,3.0,7.5,-4.5,2.3220426731248605,1.5798424429098639
dead,1632,5.45,73.35,0,0,0.0,0.0,1984,8892,13.462126322703119,1984,0.0,0.0,0.0,1.315997671125215,1.1385562984992372
artificially,1632,5.44,102.4,0,0,0.0,0.0,2998,8882,18.815363731055584,2998,0.0,0.0,0.0,1.2948324478784037,1.1524865360807666
appropriately,1632,5.39,25.22,0,0,1.0,5.0,785,8804,4.674297084959418,785,5.0,12.5,-7.5,2.89607409508692,1.9303823946270293
locally,1632,5.39,59.58,0,0,0.0,1.0,1841,8790,11.062406455003863,1841,1.0,2.5,-1.5,1.511160718507966,1.2260704194878382
structurally,1632,5.34,63.24,0,0,0.0,1.0,1762,8722,11.833718529823143,1762,1.0,2.5,-1.5,1.6155896262985758,1.2832281984724418
suitably,1632,5.32,43.53,0,0,1.0,4.0,1614,8681,8.184363504403972,1614,4.0,10.0,-6.0,2.6214509498089127,1.8126387169140994
frankly,1632,5.31,18.12,0,0,1.0,3.0,338,8666,3.4128620878914413,338,3.0,7.5,-4.5,2.3287505845222625,1.5854132767193136
internationally,1632,5.31,60.14,0,0,0.0,0.0,1821,8658,11.335744979497104,1821,0.0,0.0,0.0,1.4172779747554554,1.1811473737414535
simultaneously,1632,5.3,10.15,0,0,2.0,6.0,108,8644,1.9164420222824565,108,6.0,15.0,-9.0,3.3297951753727286,2.1766231040516217
around,1632,5.29,47.08,0,0,0.0,1.0,1384,8633,8.900980132773308,1384,1.0,2.5,-1.5,1.750525144953292,1.3421803903756941
nonetheless,1632,5.29,16.37,0,0,1.0,4.0,358,8629,3.0964491359671444,358,4.0,10.0,-6.0,2.835184641145307,1.9015481230875848
arguably,1632,5.28,37.6,0,0,1.0,3.0,1258,8625,7.113749970410757,1258,3.0,7.5,-4.5,2.3524874001794482,1.6728092280542726
fantastically,1632,5.22,17.25,0,0,1.0,4.0,251,8517,3.306207997946541,251,4.0,10.0,-6.0,2.4709101727958247,1.6752974431535537
spectacularly,1632,5.21,31.2,0,0,1.0,3.0,623,8506,5.987018981454043,623,3.0,7.5,-4.5,2.306738472732381,1.6209612990159994
bit,1632,5.15,24.91,0,0,0.0,2.0,604,8398,4.840567156891643,604,2.0,5.0,-3.0,1.9660689909456655,1.3893773775519016
effectively,1632,5.14,24.1,0,0,1.0,2.0,585,8391,4.686954508078703,585,2.0,5.0,-3.0,2.20066200141677,1.569081970295623
darkly,1632,5.13,59.61,0,0,0.0,1.0,1609,8368,11.6264481927923,1609,1.0,2.5,-1.5,1.5691345150722031,1.2541159970467917
intrinsically,1632,5.08,30.81,0,0,0.0,2.0,717,8297,6.060912235302219,717,2.0,5.0,-3.0,2.11619552008972,1.5298719772702467
brilliantly,1632,4.97,23.57,0,0,0.0,3.0,522,8114,4.740496999433144,522,3.0,7.5,-4.5,2.1973450858910235,1.5483474984179932
impressively,1632,4.97,22.6,0,0,1.0,3.0,599,8104,4.550852924890512,599,3.0,7.5,-4.5,2.275411262032723,1.5879056860553338
bitterly,1632,4.96,103.89,0,0,0.0,0.0,3818,8088,20.963061654110575,3818,0.0,0.0,0.0,1.2704722922603824,1.129742002986902
richly,1632,4.91,57.46,0,0,0.0,1.0,2102,8005,11.713635744835678,2102,1.0,2.5,-1.5,1.5906685570543004,1.262850618599695
prohibitively,1632,4.86,152.05,0,0,0.0,0.0,6085,7927,31.30419813211076,6085,0.0,0.0,0.0,1.1254985624426295,1.061116908352221
intimately,1632,4.83,104.96,0,0,0.0,0.0,3831,7889,21.712955190823756,3831,0.0,0.0,0.0,1.2083806465893343,1.1068698646345176
intentionally,1632,4.81,23.85,0,0,0.0,3.0,659,7847,4.961017466630781,659,3.0,7.5,-4.5,2.1615923204975904,1.5352260322272704
outrageously,1632,4.76,33.0,0,0,0.0,2.0,952,7771,6.929935953013016,952,2.0,5.0,-3.0,2.0521506856968657,1.493944390958447
ethnically,1632,4.7,117.77,0,0,0.0,0.0,4710,7667,25.06757605511039,4710,0.0,0.0,0.0,1.2291679347171753,1.0977400628437493
when,1632,4.69,55.68,0,0,0.0,1.0,1867,7651,11.876331043394108,1867,1.0,2.5,-1.5,1.4551354345917522,1.2085077415199834
neither,1632,4.55,17.47,0,0,1.0,3.0,488,7431,3.835778537832417,488,3.0,7.5,-4.5,2.444301015358417,1.7097532976866678
quickly,1632,4.52,35.51,0,0,0.0,1.0,841,7379,7.854024461871349,841,1.0,2.5,-1.5,1.7702818261586446,1.375440494463924
commonly,1632,4.49,75.23,0,0,0.0,2.0,2968,7329,16.752119653894017,2968,2.0,5.0,-3.0,1.818498031295288,1.4431824072039479
hopelessly,1632,4.49,22.56,0,0,0.0,2.0,480,7325,5.025835989404329,480,2.0,5.0,-3.0,1.9423819671217817,1.4154398228730665
uncomfortably,1632,4.47,47.46,0,0,0.0,1.0,1640,7299,10.611932193505838,1640,1.0,2.5,-1.5,1.6469228633277986,1.3171966041791603
uniformly,1632,4.37,24.21,0,0,0.0,2.0,613,7131,5.540622412941231,613,2.0,5.0,-3.0,2.0245324089549706,1.4989420040810424
mighty,1632,4.36,22.81,0,0,0.0,1.0,458,7113,5.232716512252515,458,1.0,2.5,-1.5,1.849478014231085,1.3749999537054396
hilariously,1632,4.33,25.58,0,0,0.0,2.0,758,7065,5.907861530984854,758,2.0,5.0,-3.0,2.0810417279579667,1.5087359468627979
blissfully,1632,4.33,82.75,0,0,0.0,1.0,3112,7061,19.126536881312237,3112,1.0,2.5,-1.5,1.437167580816745,1.2224118469397791
gravely,1632,4.22,85.55,0,0,0.0,0.0,2891,6890,20.264704701586005,2891,0.0,0.0,0.0,1.2511893899724982,1.1256880613189875
geographically,1632,4.17,42.54,0,0,0.0,1.0,1339,6808,10.197378589719575,1339,1.0,2.5,-1.5,1.4920058477013785,1.2173428228841099
theoretically,1632,4.13,63.33,0,0,0.0,1.0,2522,6744,15.3243266153399,2522,1.0,2.5,-1.5,1.7099452936157853,1.3454668401131293
hopefully,1632,4.13,21.94,0,0,0.0,2.0,519,6737,5.315240512172685,519,2.0,5.0,-3.0,1.960221531857255,1.4550978386596178
fabulously,1632,4.12,41.2,0,0,0.0,2.0,1458,6717,10.010498532838792,1458,2.0,5.0,-3.0,1.8308801185165324,1.4012214018977545
late,1632,4.11,18.63,0,0,1.0,3.0,528,6715,4.528737787759599,528,3.0,7.5,-4.5,2.2822382799507404,1.6472919567475892
startlingly,1632,4.06,19.34,0,0,0.0,2.0,335,6630,4.76126133004101,335,2.0,5.0,-3.0,1.9284002622570664,1.4400473361806685
likewise,1632,4.06,12.97,0,0,1.0,3.0,233,6626,3.193645047581788,233,3.0,7.5,-4.5,2.45140635154296,1.7554902149815894
factually,1632,4.04,57.71,0,0,0.0,0.0,1619,6588,14.29683293855755,1619,0.0,0.0,0.0,1.225276864731632,1.1061353118264572
actively,1632,4.02,65.43,0,0,0.0,1.0,2547,6555,16.28992419119341,2547,1.0,2.5,-1.5,1.5282631087416507,1.2590616720094676
fast,1632,4.01,75.46,0,0,0.0,0.0,2184,6548,18.80661855283709,2184,0.0,0.0,0.0,1.3805263491552031,1.1906953513194458
properly,1632,3.98,15.33,0,0,1.0,3.0,486,6488,3.8557635503735552,486,3.0,7.5,-4.5,2.3819808426690026,1.6965979768288157
outright,1632,3.97,17.85,0,0,0.0,2.0,322,6471,4.501131071347079,322,2.0,5.0,-3.0,1.9830453907062495,1.4648213463265594
academically,1632,3.95,31.18,0,0,0.0,0.0,806,6448,7.8905182775403055,806,0.0,0.0,0.0,1.4634306059911304,1.2017836208767374
nevertheless,1632,3.95,12.68,0,0,1.0,3.0,251,6447,3.2104329593183727,251,3.0,7.5,-4.5,2.4419820078713426,1.744316562366053
conspicuously,1632,3.93,92.56,0,0,0.0,1.0,3705,6415,23.547791827244158,3705,1.0,2.5,-1.5,1.5306063693762821,1.294812832535707
better,1632,3.89,63.56,0,0,0.0,0.0,1975,6344,16.349966084458362,1975,0.0,0.0,0.0,1.3347692343940254,1.1635860486528817
temporarily,1632,3.87,41.28,0,0,0.0,1.0,1493,6317,10.663923364427053,1493,1.0,2.5,-1.5,1.6234291257732085,1.2954561665129716
additionally,1632,3.85,13.58,0,0,1.0,3.0,204,6291,3.5225095358088256,204,3.0,7.5,-4.5,2.183714622835191,1.5798103812904785
presumably,1632,3.83,11.76,0,0,1.0,3.0,175,6253,3.0682995162963174,175,3.0,7.5,-4.5,2.381093979409169,1.7170801549365013
early,1632,3.81,41.85,0,0,1.0,2.0,1629,6213,10.99425880899993,1629,2.0,5.0,-3.0,2.063394215458527,1.5740310558471982
breathtakingly,1632,3.78,63.25,0,0,0.0,1.0,2536,6165,16.743119690207568,2536,1.0,2.5,-1.5,1.6886697985296735,1.3344179523014297
effortlessly,1632,3.74,35.92,0,0,0.0,1.0,981,6098,9.612997481046227,981,1.0,2.5,-1.5,1.6032487402219588,1.2867656126374705
alarmingly,1632,3.72,45.19,0,0,0.0,1.0,1717,6071,12.148292485890675,1717,1.0,2.5,-1.5,1.770885863734849,1.4044829779517152
eventually,1632,3.72,55.15,0,0,0.0,2.0,2185,6066,14.837347288552017,2185,2.0,5.0,-3.0,1.8200380841401516,1.4387885226504689
powerfully,1632,3.7,13.74,0,0,0.0,2.0,292,6044,3.7112647782648236,292,2.0,5.0,-3.0,2.024853326249031,1.47146040596127
subtly,1632,3.7,38.12,0,0,0.0,2.0,1418,6034,10.310303018492165,1418,2.0,5.0,-3.0,1.8688308470270967,1.4337046100657613
ethically,1632,3.69,27.25,0,0,0.0,1.0,722,6023,7.384638601145591,722,1.0,2.5,-1.5,1.531456327079341,1.2400871715028121
lightly,1632,3.65,46.85,0,0,0.0,0.0,1366,5949,12.852034683895047,1366,0.0,0.0,0.0,1.3603339677865152,1.1769394160058202
perpetually,1632,3.64,11.19,0,0,0.0,2.0,152,5946,3.0712090250301807,152,2.0,5.0,-3.0,2.123228796405015,1.54167620225645
starkly,1632,3.62,73.44,0,0,0.0,1.0,2914,5916,20.25795414037512,2914,1.0,2.5,-1.5,1.424464206975348,1.2161081339130055
why,1632,3.61,22.51,0,0,1.0,2.0,717,5888,6.239460927018999,717,2.0,5.0,-3.0,2.070928331469469,1.551499927792507
plainly,1632,3.59,30.74,0,0,0.0,2.0,986,5862,8.558140776527202,986,2.0,5.0,-3.0,1.8358662621380994,1.4320309935569646
relentlessly,1632,3.58,16.59,0,0,0.0,2.0,357,5849,4.629107204515068,357,2.0,5.0,-3.0,2.0327202534450715,1.5115849369746055
originally,1632,3.55,19.95,0,0,0.0,2.0,552,5796,5.617545331188173,552,2.0,5.0,-3.0,1.9506252332357765,1.4693979169202815
permanently,1632,3.5,16.27,0,0,0.0,1.0,331,5709,4.652248852711947,331,1.0,2.5,-1.5,1.8620147712737107,1.4082451396863944
reliably,1632,3.47,24.97,0,0,0.0,1.0,675,5669,7.189025269193098,675,1.0,2.5,-1.5,1.7507130744558372,1.3798634270975851
explicitly,1632,3.47,28.99,0,0,0.0,1.0,685,5665,8.350441370217391,685,1.0,2.5,-1.5,1.587451903065446,1.2840264138704482
frighteningly,1632,3.47,15.23,0,0,0.0,2.0,232,5662,4.389352057455994,232,2.0,5.0,-3.0,1.9246443399950266,1.4615582545779096
either,1632,3.45,13.3,0,0,0.0,2.0,316,5635,3.8528517751342988,316,2.0,5.0,-3.0,1.9483854867646955,1.4425152419999296
weirdly,1632,3.41,9.87,0,0,1.0,3.0,181,5558,2.8976663346098497,181,3.0,7.5,-4.5,2.314113751269637,1.6848428868448357
unfortunately,1632,3.4,19.95,0,0,0.0,2.0,435,5553,5.86429479439784,435,2.0,5.0,-3.0,1.8745566233817779,1.4391884572478992
musically,1632,3.37,22.09,0,0,0.0,1.0,630,5492,6.565417835253396,630,1.0,2.5,-1.5,1.7850416075276927,1.380620871942994
functionally,1632,3.36,25.51,0,0,0.0,1.0,636,5483,7.591737593876834,636,1.0,2.5,-1.5,1.5668735014800412,1.2639258921114138
online,1632,3.35,59.52,0,0,0.0,1.0,2348,5474,17.74598240591024,2348,1.0,2.5,-1.5,1.4353146973074618,1.2178121719750623
exquisitely,1632,3.35,28.7,0,0,0.0,2.0,796,5463,8.57344951455381,796,2.0,5.0,-3.0,1.7947712292136397,1.4046164822975793
uncharacteristically,1632,3.34,15.92,0,0,0.0,2.0,420,5445,4.772810276669225,420,2.0,5.0,-3.0,1.8751775013467338,1.4195737207351589
materially,1632,3.33,49.31,0,0,0.0,0.0,1731,5429,14.822631674453234,1731,0.0,0.0,0.0,1.3373773455574458,1.1511262085796905
scantily,1632,3.3,132.8,0,0,0.0,0.0,5365,5391,40.20312360267499,5365,0.0,0.0,0.0,1.0138115712546405,1.0060669041826948
objectively,1632,3.28,26.69,0,0,0.0,1.0,635,5353,8.136420724649566,635,1.0,2.5,-1.5,1.5664272993390629,1.27718718273713
excruciatingly,1632,3.28,34.1,0,0,0.0,1.0,1012,5353,10.395512535917476,1012,1.0,2.5,-1.5,1.474104658190969,1.2293378814056104
constitutionally,1632,3.26,22.15,0,0,0.0,0.0,458,5313,6.802441464255256,458,0.0,0.0,0.0,1.4382487484398694,1.1926770475729653
disturbingly,1632,3.25,15.64,0,0,0.0,2.0,372,5305,4.8124390636304,372,2.0,5.0,-3.0,1.920394668798951,1.4631383490670853
singularly,1632,3.24,11.04,0,0,1.0,3.0,219,5291,3.404811123473737,219,3.0,7.5,-4.5,2.2141979065185406,1.6454528008334064
ultra,1632,3.24,14.97,0,0,0.0,1.0,279,5289,4.6207574956025885,279,1.0,2.5,-1.5,1.6527350547496078,1.2879551555999076
legitimately,1632,3.22,15.6,0,0,0.0,2.0,358,5258,4.841111966795915,358,2.0,5.0,-3.0,1.8447488319440066,1.4104349622714778
gloriously,1632,3.21,10.54,0,0,1.0,2.0,277,5244,3.2790911930732616,277,2.0,5.0,-3.0,2.1106104193578146,1.5499421305875383
predictably,1632,3.2,13.22,0,0,1.0,3.0,398,5224,4.128845842214974,398,3.0,7.5,-4.5,2.1446211102571646,1.5893158657670952
stubbornly,1632,3.16,58.49,0,0,0.0,1.0,2322,5156,18.512610077665784,2322,1.0,2.5,-1.5,1.4733218490394684,1.2456084705722645
demonstrably,1632,3.15,39.27,0,0,0.0,1.0,1483,5147,12.453004974575796,1483,1.0,2.5,-1.5,1.5677525941784012,1.285907385806775
exponentially,1632,3.15,33.96,0,0,0.0,0.0,798,5134,10.796221740759908,798,0.0,0.0,0.0,1.2668593814732236,1.1186051899770337
tragically,1632,3.11,20.59,0,0,0.0,1.0,547,5074,6.6220890940358546,547,1.0,2.5,-1.5,1.6836024699249346,1.3321417923982315
curiously,1632,3.1,12.37,0,0,1.0,2.0,311,5063,3.98580437427409,311,2.0,5.0,-3.0,2.124299259088343,1.5958376577931055
phenomenally,1632,3.09,36.53,0,0,0.0,1.0,1321,5049,11.80718184420359,1321,1.0,2.5,-1.5,1.555803022873631,1.2818852419905866
automatically,1632,3.09,20.29,0,0,0.0,1.0,609,5046,6.562378021254456,609,1.0,2.5,-1.5,1.724555008202506,1.36233337176569
unduly,1632,3.06,24.66,0,0,0.0,1.0,682,4990,8.065479734993282,682,1.0,2.5,-1.5,1.5276760889592926,1.248046977089816
religiously,1632,3.01,30.58,0,0,0.0,0.0,704,4920,10.142040677185431,704,0.0,0.0,0.0,1.4074459121586835,1.1960859591957735
solidly,1632,2.96,33.25,0,0,0.0,1.0,975,4832,11.229357203427615,975,1.0,2.5,-1.5,1.4226238999201204,1.2162664920574158
persistently,1632,2.96,40.79,0,0,0.0,1.0,1428,4826,13.794106507399942,1428,1.0,2.5,-1.5,1.5540759388252636,1.2998718592095242
embarrassingly,1632,2.94,17.11,0,0,0.0,1.0,395,4796,5.823222402001358,395,1.0,2.5,-1.5,1.6802870176343652,1.336433474294832
honestly,1632,2.94,14.16,0,0,0.0,1.0,360,4795,4.818639948996334,360,1.0,2.5,-1.5,1.7691776388760905,1.38158814847101
modestly,1632,2.9,27.13,0,0,0.0,1.0,615,4735,9.349403856392586,615,1.0,2.5,-1.5,1.4697519077391807,1.2351718397648117
continuously,1632,2.89,35.87,0,0,0.0,1.0,1392,4711,12.425612204545626,1392,1.0,2.5,-1.5,1.6383174680621404,1.3329604577709726
hauntingly,1632,2.88,57.76,0,0,0.0,0.0,2305,4693,20.08712621225524,2305,0.0,0.0,0.0,1.4043441129969072,1.200230073976643
comfortably,1632,2.85,21.01,0,0,0.0,1.0,531,4657,7.362011254603916,531,1.0,2.5,-1.5,1.5932309869963033,1.2881797213146668
frustratingly,1632,2.84,21.41,0,0,0.0,1.0,652,4631,7.544165382408925,652,1.0,2.5,-1.5,1.5994777691282902,1.2910804114503154
nicely,1632,2.83,16.16,0,0,0.0,2.0,572,4623,5.7034427639735075,572,2.0,5.0,-3.0,1.8316912312223383,1.4138449265512905
unbearably,1632,2.83,23.53,0,0,0.0,1.0,837,4616,8.319794454511028,837,1.0,2.5,-1.5,1.5778923631813044,1.2792245864067142
nowhere,1632,2.82,70.78,0,0,0.0,0.0,2816,4596,25.133413289267985,2816,0.0,0.0,0.0,1.2101121958250525,1.106494236050686
unreasonably,1632,2.79,30.47,0,0,0.0,1.0,1031,4553,10.921582086858814,1031,1.0,2.5,-1.5,1.4582156224337155,1.2267497483693366
conveniently,1632,2.79,43.56,0,0,0.0,1.0,1566,4550,15.622616345161845,1566,1.0,2.5,-1.5,1.4028517619187293,1.2115184471325544
achingly,1632,2.78,26.2,0,0,0.0,1.0,955,4541,9.416572534692882,955,1.0,2.5,-1.5,1.506905311586558,1.2432486150803328
ostensibly,1632,2.78,8.52,0,0,1.0,2.0,143,4533,3.066380180755933,143,2.0,5.0,-3.0,2.049203939115601,1.5602691242743012
staggeringly,1632,2.76,20.28,0,0,0.0,1.0,613,4511,7.3352448146082825,613,1.0,2.5,-1.5,1.612044028400424,1.3069204317520093
somewhere,1632,2.76,19.33,0,0,0.0,0.0,389,4497,7.015956218138932,389,0.0,0.0,0.0,1.4423277880054481,1.2013633116565101
distinctively,1632,2.75,21.46,0,0,0.0,1.0,688,4493,7.795162007911257,688,1.0,2.5,-1.5,1.6410267292630083,1.3232307665019276
perilously,1632,2.75,77.77,0,0,0.0,0.0,3122,4491,28.261590893738433,3122,0.0,0.0,0.0,1.1928115448841043,1.1008130654708803
down,1632,2.73,37.84,0,0,0.0,0.0,1398,4454,13.865790652725371,1398,0.0,0.0,0.0,1.3433135052739855,1.1690658526535511
presently,1632,2.72,28.3,0,0,0.0,1.0,1090,4443,10.395009775047367,1090,1.0,2.5,-1.5,1.6238816079612266,1.3153770717521642
mathematically,1632,2.72,25.37,0,0,0.0,0.0,816,4440,9.325459249657822,816,0.0,0.0,0.0,1.407989363383063,1.1851020447061742
wickedly,1632,2.72,28.17,0,0,0.0,1.0,1066,4437,10.362186437552333,1066,1.0,2.5,-1.5,1.491493183593336,1.2332114746108906
badly,1632,2.69,43.74,0,0,0.0,0.0,1668,4384,16.282341645806227,1668,0.0,0.0,0.0,1.3378808546933905,1.1751932100034828
