adv_form_lower,SUM,or,something,all,some,often,always,sometimes,both,many,everything,everyone,someone,everybody,either,somebody,every,somethings,somethin,everythings,everyones,alls,someones,everybodys,somebodies,somes,oftens,everbody,someon,someing,ors,oftenleft,manies,everythiing,eather
SUM,1675501,437042,358364,266945,119040,98030,86187,77974,51302,49714,42547,36615,34688,8629,4739,3088,327,165,27,17,16,13,11,5,3,2,2,2,1,1,1,1,1,1,1
more,235139,44421,72404,52189,16482,16252,10448,7760,3090,2756,2286,1295,4738,349,242,366,14,35,5,0,2,0,2,0,2,0,1,0,0,0,0,0,0,0,0
very,189186,23801,41289,42127,12188,12676,20816,7198,9785,4031,3625,6187,3082,1496,469,384,19,5,0,0,1,2,2,2,0,1,0,0,0,0,0,0,0,0,0
too,140198,55030,2666,49615,4514,7782,3787,7684,1670,2687,1125,1211,815,245,1270,71,10,12,1,0,1,1,0,0,0,1,0,0,0,0,0,0,0,0,0
so,118563,10049,28844,19489,6799,3884,13015,6409,3031,2354,7128,9562,5333,2090,148,352,53,6,2,3,5,1,2,2,0,0,0,0,0,1,0,0,0,1,0
as,94706,22960,37367,4241,6959,4595,1597,5184,927,1292,1625,1918,5251,320,101,323,31,10,1,0,0,1,1,0,0,0,0,0,1,0,0,1,0,0,0
even,72792,59216,4405,263,2771,629,33,4570,56,415,103,49,232,9,13,23,3,2,0,0,0,0,0,0,0,0,0,0,0,0,0,0,0,0,0
not,70667,29836,7080,4091,4609,8517,412,7074,589,4792,1230,405,1563,107,185,155,5,12,1,0,1,3,0,0,0,0,0,0,0,0,0,0,0,0,0
really,52399,5280,21786,6694,4049,613,3103,2461,1917,502,1183,2474,1038,803,226,249,15,3,1,0,2,0,0,0,0,0,0,0,0,0,0,0,0,0,0
quite,36925,1400,8829,5398,7149,5250,1449,2496,1467,2162,493,391,266,95,52,24,2,2,0,0,0,0,0,0,0,0,0,0,0,0,0,0,0,0,0
just,30182,16730,602,2183,2155,467,411,2737,251,355,3192,590,144,277,46,28,3,8,0,3,0,0,0,0,0,0,0,0,0,0,0,0,0,0,0
completely,27085,4228,13650,2962,912,693,701,481,635,554,1060,313,640,72,100,78,5,1,0,0,0,0,0,0,0,0,0,0,0,0,0,0,0,0,0
pretty,26237,1309,3486,8054,4319,763,2341,926,1839,427,1130,928,175,439,44,45,5,4,0,1,0,0,0,1,1,0,0,0,0,0,0,0,0,0,0
n't,25558,7628,4887,1798,2243,1714,60,3846,130,1639,526,171,626,48,147,70,2,12,8,0,0,2,1,0,0,0,0,0,0,0,0,0,0,0,0
much,24669,2867,9863,2349,1170,2424,1624,846,494,494,1153,344,840,91,46,54,7,1,1,0,1,0,0,0,0,0,0,0,0,0,0,0,0,0,0
less,24312,9246,5285,633,1864,3028,841,896,494,591,157,91,1036,12,55,72,4,6,0,0,0,0,0,0,0,0,1,0,0,0,0,0,0,0,0
most,19494,8666,355,822,859,3860,2759,1097,206,305,105,218,156,31,28,22,1,3,0,0,0,0,1,0,0,0,0,0,0,0,0,0,0,0,0
extremely,18588,3341,2063,3636,1401,1330,2023,551,1796,804,277,881,216,157,82,26,2,1,0,0,0,0,1,0,0,0,0,0,0,0,0,0,0,0,0
still,14420,1991,505,2494,2787,452,91,387,804,2862,1032,532,291,111,42,32,2,4,0,0,1,0,0,0,0,0,0,0,0,0,0,0,0,0,0
truly,11459,698,8145,566,837,75,82,124,111,216,110,129,314,15,15,15,7,0,0,0,0,0,0,0,0,0,0,0,0,0,0,0,0,0,0
totally,10903,1790,5045,1248,534,247,242,222,331,177,463,184,286,45,49,36,3,0,1,0,0,0,0,0,0,0,0,0,0,0,0,0,0,0,0
highly,9715,1984,616,1592,846,1441,686,217,1309,672,96,78,127,16,26,7,1,0,0,0,0,0,0,0,0,0,0,0,0,0,1,0,0,0,0
incredibly,9595,920,2352,2234,623,413,817,269,910,220,201,406,108,57,53,11,1,0,0,0,0,0,0,0,0,0,0,0,0,0,0,0,0,0,0
entirely,9139,1196,6026,577,223,185,114,101,176,151,137,50,158,8,24,13,0,0,0,0,0,0,0,0,0,0,0,0,0,0,0,0,0,0,0
rather,8850,938,2697,1746,1101,742,487,432,251,213,104,57,62,5,9,2,2,2,0,0,0,0,0,0,0,0,0,0,0,0,0,0,0,0,0
otherwise,8575,8390,54,18,22,27,0,6,6,23,5,4,17,0,1,2,0,0,0,0,0,0,0,0,0,0,0,0,0,0,0,0,0,0,0
equally,8442,553,1784,2515,169,205,93,96,2099,189,144,362,142,53,25,10,2,1,0,0,0,0,0,0,0,0,0,0,0,0,0,0,0,0,0
simply,8408,5834,165,325,734,238,29,363,55,356,199,46,40,10,6,6,2,0,0,0,0,0,0,0,0,0,0,0,0,0,0,0,0,0,0
slightly,7670,3489,1880,443,364,232,555,282,149,36,89,49,75,7,11,4,5,0,0,0,0,0,0,0,0,0,0,0,0,0,0,0,0,0,0
also,7117,882,236,821,1521,369,55,508,381,1863,195,143,101,15,15,8,3,1,0,0,0,0,0,0,0,0,0,0,0,0,0,0,0,0,0
super,6925,1127,1009,1412,268,79,977,126,518,58,362,738,75,141,27,6,2,0,0,0,0,0,0,0,0,0,0,0,0,0,0,0,0,0,0
all,6066,1157,145,516,142,53,95,119,60,72,3204,292,37,137,21,5,1,1,0,9,0,0,0,0,0,0,0,0,0,0,0,0,0,0,0
far,6055,594,3205,226,277,669,365,184,149,151,41,22,138,2,18,13,1,0,0,0,0,0,0,0,0,0,0,0,0,0,0,0,0,0,0
fairly,6054,631,915,1447,920,374,449,139,492,328,162,86,74,18,9,7,3,0,0,0,0,0,0,0,0,0,0,0,0,0,0,0,0,0,0
plain,5880,4389,63,69,631,148,17,409,7,100,21,9,9,1,5,2,0,0,0,0,0,0,0,0,0,0,0,0,0,0,0,0,0,0,0
absolutely,5696,622,1163,1098,606,96,216,177,410,145,822,182,69,54,18,17,1,0,0,0,0,0,0,0,0,0,0,0,0,0,0,0,0,0,0
relatively,5642,1103,882,1042,676,298,251,126,475,424,141,46,137,22,9,8,1,0,0,0,1,0,0,0,0,0,0,0,0,0,0,0,0,0,0
particularly,5533,2314,1436,283,434,219,320,58,124,185,18,26,91,9,12,3,0,1,0,0,0,0,0,0,0,0,0,0,0,0,0,0,0,0,0
now,5482,374,139,1551,1042,38,4,11,400,1102,416,282,64,43,5,6,5,0,0,0,0,0,0,0,0,0,0,0,0,0,0,0,0,0,0
deeply,5345,464,1974,661,291,355,363,127,371,455,36,109,100,21,12,5,0,1,0,0,0,0,0,0,0,0,0,0,0,0,0,0,0,0,0
almost,5251,1480,1879,154,500,171,56,561,85,146,118,27,54,12,4,1,3,0,0,0,0,0,0,0,0,0,0,0,0,0,0,0,0,0,0
downright,5240,2061,137,52,1378,306,6,1117,9,131,22,6,12,0,3,0,0,0,0,0,0,0,0,0,0,0,0,0,0,0,0,0,0,0,0
already,4862,1219,224,347,944,128,112,53,110,1031,181,252,178,45,25,13,0,0,0,0,0,0,0,0,0,0,0,0,0,0,0,0,0,0,0
only,4831,1575,272,460,808,610,86,283,82,424,96,48,67,9,5,2,2,2,0,0,0,0,0,0,0,0,0,0,0,0,0,0,0,0,0
somewhat,4734,1981,359,480,281,263,777,142,178,130,45,53,22,6,12,3,2,0,0,0,0,0,0,0,0,0,0,0,0,0,0,0,0,0,0
always,4347,1026,462,309,115,51,535,81,110,37,446,569,434,112,14,44,2,0,0,0,0,0,0,0,0,0,0,0,0,0,0,0,0,0,0
overly,4242,2895,125,79,162,277,97,349,53,71,15,33,49,3,24,9,1,0,0,0,0,0,0,0,0,0,0,0,0,0,0,0,0,0,0
actually,4031,903,527,320,820,114,13,307,74,527,132,75,176,14,11,16,0,0,0,0,0,0,1,0,0,0,0,0,0,0,0,0,1,0,0
well,3969,311,189,1684,162,127,231,53,295,227,45,479,64,82,12,6,2,0,0,0,0,0,0,0,0,0,0,0,0,0,0,0,0,0,0
perfectly,3924,415,250,1484,194,108,281,103,237,148,491,99,59,31,20,4,0,0,0,0,0,0,0,0,0,0,0,0,0,0,0,0,0,0,0
seriously,3922,410,2836,101,150,40,24,26,47,82,16,20,146,4,7,13,0,0,0,0,0,0,0,0,0,0,0,0,0,0,0,0,0,0,0
perhaps,3649,3151,135,28,174,1,0,9,29,87,2,1,28,0,0,4,0,0,0,0,0,0,0,0,0,0,0,0,0,0,0,0,0,0,0
terribly,3562,333,2331,436,67,60,73,51,52,34,28,47,19,16,9,4,0,0,1,1,0,0,0,0,0,0,0,0,0,0,0,0,0,0,0
potentially,3331,1894,559,254,260,21,75,18,67,71,60,23,22,3,2,2,0,0,0,0,0,0,0,0,0,0,0,0,0,0,0,0,0,0,0
fully,3227,806,56,1090,102,35,210,32,302,104,154,213,61,42,12,4,3,0,0,0,1,0,0,0,0,0,0,0,0,0,0,0,0,0,0
that,3123,579,105,1852,19,27,147,69,15,36,52,39,117,15,11,39,0,1,0,0,0,0,0,0,0,0,0,0,0,0,0,0,0,0,0
longer,3087,1800,104,111,325,134,6,52,37,398,40,7,50,4,14,5,0,0,0,0,0,0,0,0,0,0,0,0,0,0,0,0,0,0,0
nearly,2921,1776,187,154,189,150,48,176,67,94,48,13,14,1,4,0,0,0,0,0,0,0,0,0,0,0,0,0,0,0,0,0,0,0,0
easily,2873,609,170,970,183,117,146,28,211,159,230,17,24,1,6,0,1,1,0,0,0,0,0,0,0,0,0,0,0,0,0,0,0,0,0
maybe,2777,2520,69,7,96,4,2,26,2,30,1,1,16,0,1,2,0,0,0,0,0,0,0,0,0,0,0,0,0,0,0,0,0,0,0
especially,2766,756,797,235,267,145,227,53,66,103,17,30,58,4,6,2,0,0,0,0,0,0,0,0,0,0,0,0,0,0,0,0,0,0,0
politically,2665,1190,207,168,137,204,236,93,147,126,38,39,45,11,16,7,1,0,0,0,0,0,0,0,0,0,0,0,0,0,0,0,0,0,0
inherently,2653,358,1729,147,55,44,79,9,48,82,38,26,23,3,10,0,1,1,0,0,0,0,0,0,0,0,0,0,0,0,0,0,0,0,0
utterly,2336,366,942,289,141,63,88,70,124,67,97,30,43,3,11,2,0,0,0,0,0,0,0,0,0,0,0,0,0,0,0,0,0,0,0
physically,2197,1015,241,100,86,183,126,94,118,56,12,44,94,3,17,7,1,0,0,0,0,0,0,0,0,0,0,0,0,0,0,0,0,0,0
probably,2169,307,190,360,447,14,8,13,159,357,89,117,64,21,12,10,0,1,0,0,0,0,0,0,0,0,0,0,0,0,0,0,0,0,0
genuinely,2162,347,788,130,277,86,71,79,62,83,11,98,104,11,10,5,0,0,0,0,0,0,0,0,0,0,0,0,0,0,0,0,0,0,0
seemingly,2149,616,697,134,142,138,24,200,28,61,34,27,44,3,0,1,0,0,0,0,0,0,0,0,0,0,0,0,0,0,0,0,0,0,0
mentally,2148,1256,71,87,114,67,48,33,64,110,0,27,225,8,16,21,0,1,0,0,0,0,0,0,0,0,0,0,0,0,0,0,0,0,0
readily,2133,408,90,589,106,135,420,21,137,94,97,5,25,1,1,4,0,0,0,0,0,0,0,0,0,0,0,0,0,0,0,0,0,0,0
clearly,2116,275,477,282,451,51,89,45,133,132,47,44,71,7,4,7,1,0,0,0,0,0,0,0,0,0,0,0,0,0,0,0,0,0,0
fundamentally,2110,148,1639,100,22,16,51,4,45,21,33,11,16,0,0,4,0,0,0,0,0,0,0,0,0,0,0,0,0,0,0,0,0,0,0
no,1985,593,79,103,236,497,36,156,21,167,34,14,31,4,9,4,0,1,0,0,0,0,0,0,0,0,0,0,0,0,0,0,0,0,0
merely,1789,1265,73,50,200,72,8,51,6,38,11,5,10,0,0,0,0,0,0,0,0,0,0,0,0,0,0,0,0,0,0,0,0,0,0
altogether,1660,174,1412,7,13,6,3,15,5,3,5,0,17,0,0,0,0,0,0,0,0,0,0,0,0,0,0,0,0,0,0,0,0,0,0
possibly,1614,1295,139,20,103,1,3,7,4,11,8,1,18,1,2,1,0,0,0,0,0,0,0,0,0,0,0,0,0,0,0,0,0,0,0
definitely,1610,100,754,255,242,11,15,34,74,29,36,17,22,8,4,8,0,1,0,0,0,0,0,0,0,0,0,0,0,0,0,0,0,0,0
real,1609,130,479,152,175,6,176,57,39,7,82,126,16,135,16,11,0,0,2,0,0,0,0,0,0,0,0,0,0,0,0,0,0,0,0
significantly,1587,437,199,198,61,287,98,63,131,52,7,1,42,3,7,1,0,0,0,0,0,0,0,0,0,0,0,0,0,0,0,0,0,0,0
often,1565,390,135,457,81,82,18,68,72,192,8,2,32,4,5,4,15,0,0,0,0,0,0,0,0,0,0,0,0,0,0,0,0,0,0
directly,1555,345,113,271,185,179,76,44,47,172,39,10,46,1,23,4,0,0,0,0,0,0,0,0,0,0,0,0,0,0,0,0,0,0,0
morally,1541,752,273,84,34,54,109,51,94,21,26,15,17,2,7,1,1,0,0,0,0,0,0,0,0,0,0,0,0,0,0,0,0,0,0
surprisingly,1532,96,176,128,281,370,62,181,76,114,23,14,4,1,4,1,0,1,0,0,0,0,0,0,0,0,0,0,0,0,0,0,0,0,0
about,1510,170,32,783,25,40,291,47,36,7,52,15,5,4,1,2,0,0,0,0,0,0,0,0,0,0,0,0,0,0,0,0,0,0,0
mostly,1400,767,39,242,65,26,46,12,43,63,47,22,13,5,7,2,0,0,0,0,0,0,0,0,0,0,0,0,0,0,0,0,0,0,1
emotionally,1363,651,112,63,46,151,80,64,80,26,6,19,50,7,4,4,0,0,0,0,0,0,0,0,0,0,0,0,0,0,0,0,0,0,0
socially,1355,773,131,52,37,94,76,32,69,43,10,8,25,2,1,1,1,0,0,0,0,0,0,0,0,0,0,0,0,0,0,0,0,0,0
purely,1347,554,183,142,196,49,29,63,18,44,55,5,3,1,3,1,1,0,0,0,0,0,0,0,0,0,0,0,0,0,0,0,0,0,0
sometimes,1332,1008,29,35,30,35,17,137,12,16,2,5,5,1,0,0,0,0,0,0,0,0,0,0,0,0,0,0,0,0,0,0,0,0,0
generally,1320,697,60,184,53,17,30,5,54,36,109,41,25,4,2,2,0,1,0,0,0,0,0,0,0,0,0,0,0,0,0,0,0,0,0
sexually,1314,755,49,56,95,80,69,39,47,66,3,14,32,3,6,0,0,0,0,0,0,0,0,0,0,0,0,0,0,0,0,0,0,0,0
obviously,1281,217,404,137,217,18,18,25,59,52,23,32,61,11,3,2,1,1,0,0,0,0,0,0,0,0,0,0,0,0,0,0,0,0,0
profoundly,1266,109,731,102,36,65,61,28,60,38,4,15,13,1,3,0,0,0,0,0,0,0,0,0,0,0,0,0,0,0,0,0,0,0,0
wholly,1189,324,559,51,44,44,25,22,34,29,12,9,23,1,10,2,0,0,0,0,0,0,0,0,0,0,0,0,0,0,0,0,0,0,0
somehow,1181,740,62,150,14,7,60,2,12,12,66,24,24,4,0,2,2,0,0,0,0,0,0,0,0,0,0,0,0,0,0,0,0,0,0
wildly,1179,208,200,148,103,188,56,76,104,42,22,9,10,6,6,1,0,0,0,0,0,0,0,0,0,0,0,0,0,0,0,0,0,0,0
painfully,1165,129,87,233,81,185,89,194,49,41,21,34,9,8,5,0,0,0,0,0,0,0,0,0,0,0,0,0,0,0,0,0,0,0,0
barely,1152,349,74,42,215,160,20,140,13,110,6,2,20,0,1,0,0,0,0,0,0,0,0,0,0,0,0,0,0,0,0,0,0,0,0
half,1148,573,41,34,38,37,297,24,27,27,13,11,14,3,8,1,0,0,0,0,0,0,0,0,0,0,0,0,0,0,0,0,0,0,0
reasonably,1140,528,159,135,57,28,43,8,58,22,31,40,24,4,0,2,0,1,0,0,0,0,0,0,0,0,0,0,0,0,0,0,0,0,0
outright,1137,712,19,3,165,47,1,114,2,20,4,1,2,1,46,0,0,0,0,0,0,0,0,0,0,0,0,0,0,0,0,0,0,0,0
currently,1136,318,41,343,100,4,2,0,99,136,41,25,20,2,5,0,0,0,0,0,0,0,0,0,0,0,0,0,0,0,0,0,0,0,0
vaguely,1112,185,641,50,53,18,70,11,13,18,12,15,23,1,2,0,0,0,0,0,0,0,0,0,0,0,0,0,0,0,0,0,0,0,0
indeed,1110,443,99,89,221,5,2,44,25,111,53,11,4,1,1,0,1,0,0,0,0,0,0,0,0,0,0,0,0,0,0,0,0,0,0
exceptionally,1099,284,133,168,86,58,103,25,119,33,23,31,19,4,9,3,1,0,0,0,0,0,0,0,0,0,0,0,0,0,0,0,0,0,0
damn,1094,214,112,261,122,21,75,61,52,18,71,55,13,10,4,3,2,0,0,0,0,0,0,0,0,0,0,0,0,0,0,0,0,0,0
uniquely,1077,85,695,136,13,20,30,2,28,15,11,11,22,2,1,2,4,0,0,0,0,0,0,0,0,0,0,0,0,0,0,0,0,0,0
around,1065,14,3,1014,2,1,9,0,1,0,2,1,17,0,0,0,1,0,0,0,0,0,0,0,0,0,0,0,0,0,0,0,0,0,0
technically,1063,284,105,146,52,68,72,19,168,36,62,12,30,7,1,1,0,0,0,0,0,0,0,0,0,0,0,0,0,0,0,0,0,0,0
wonderfully,1038,58,450,186,55,50,63,29,70,12,39,20,2,3,0,0,1,0,0,0,0,0,0,0,0,0,0,0,0,0,0,0,0,0,0
remarkably,1035,83,233,162,121,138,71,39,80,55,22,11,9,4,4,2,0,0,0,0,0,1,0,0,0,0,0,0,0,0,0,0,0,0,0
visually,1032,172,277,104,33,90,77,21,222,10,19,1,5,0,1,0,0,0,0,0,0,0,0,0,0,0,0,0,0,0,0,0,0,0,0
both,1000,154,48,139,104,152,129,53,20,88,42,45,14,9,2,1,0,0,0,0,0,0,0,0,0,0,0,0,0,0,0,0,0,0,0
immediately,999,196,150,180,104,50,90,23,62,25,63,31,15,5,3,2,0,0,0,0,0,0,0,0,0,0,0,0,0,0,0,0,0,0,0
long,986,351,190,92,80,34,6,19,72,70,7,19,39,1,6,0,0,0,0,0,0,0,0,0,0,0,0,0,0,0,0,0,0,0,0
radically,967,67,677,35,19,67,17,25,23,6,17,1,12,1,0,0,0,0,0,0,0,0,0,0,0,0,0,0,0,0,0,0,0,0,0
financially,961,462,31,56,35,102,51,20,73,56,4,23,32,4,5,3,3,1,0,0,0,0,0,0,0,0,0,0,0,0,0,0,0,0,0
largely,959,242,54,169,78,91,32,10,91,147,18,3,16,1,5,1,0,1,0,0,0,0,0,0,0,0,0,0,0,0,0,0,0,0,0
partially,948,668,11,48,58,38,27,21,34,24,2,7,4,0,5,1,0,0,0,0,0,0,0,0,0,0,0,0,0,0,0,0,0,0,0
hugely,946,97,156,218,44,59,114,22,143,40,7,23,15,5,2,1,0,0,0,0,0,0,0,0,0,0,0,0,0,0,0,0,0,0,0
else,934,245,258,265,2,0,1,0,0,0,71,17,60,6,0,8,0,0,0,0,0,0,0,0,0,0,0,1,0,0,0,0,0,0,0
certainly,931,149,106,243,209,7,7,10,76,50,16,19,20,9,9,0,0,0,1,0,0,0,0,0,0,0,0,0,0,0,0,0,0,0,0
mildly,928,385,234,53,86,24,49,39,18,12,4,5,12,2,4,1,0,0,0,0,0,0,0,0,0,0,0,0,0,0,0,0,0,0,0
ridiculously,926,187,169,129,95,64,63,49,75,21,45,16,5,4,4,0,0,0,0,0,0,0,0,0,0,0,0,0,0,0,0,0,0,0,0
naturally,909,252,78,158,135,28,61,11,52,40,10,41,27,3,9,4,0,0,0,0,0,0,0,0,0,0,0,0,0,0,0,0,0,0,0
horribly,899,139,503,91,31,26,11,32,22,11,23,5,3,1,1,0,0,0,0,0,0,0,0,0,0,0,0,0,0,0,0,0,0,0,0
closely,881,287,101,173,54,87,44,12,50,41,11,2,16,1,0,2,0,0,0,0,0,0,0,0,0,0,0,0,0,0,0,0,0,0,0
virtually,878,266,133,101,104,69,9,30,45,83,23,3,12,0,0,0,0,0,0,0,0,0,0,0,0,0,0,0,0,0,0,0,0,0,0
environmentally,871,375,63,127,21,48,53,9,114,31,20,7,1,1,0,0,1,0,0,0,0,0,0,0,0,0,0,0,0,0,0,0,0,0,0
remotely,851,415,271,18,8,3,2,0,2,8,67,30,20,2,3,0,2,0,0,0,0,0,0,0,0,0,0,0,0,0,0,0,0,0,0
likely,850,152,35,107,318,2,0,2,29,140,17,24,18,2,4,0,0,0,0,0,0,0,0,0,0,0,0,0,0,0,0,0,0,0,0
however,802,459,144,56,26,4,6,8,8,15,30,18,20,4,1,3,0,0,0,0,0,0,0,0,0,0,0,0,0,0,0,0,0,0,0
way,790,84,199,92,70,58,90,61,46,8,47,10,14,2,6,3,0,0,0,0,0,0,0,0,0,0,0,0,0,0,0,0,0,0,0
usually,789,148,117,97,60,42,22,17,69,32,74,39,55,9,2,4,1,1,0,0,0,0,0,0,0,0,0,0,0,0,0,0,0,0,0
previously,788,167,172,93,115,16,3,1,18,177,6,3,15,0,1,1,0,0,0,0,0,0,0,0,0,0,0,0,0,0,0,0,0,0,0
substantially,774,418,105,54,17,71,17,15,35,18,5,2,12,1,2,1,1,0,0,0,0,0,0,0,0,0,0,0,0,0,0,0,0,0,0
intensely,773,103,169,77,49,80,96,29,102,28,13,11,14,1,0,1,0,0,0,0,0,0,0,0,0,0,0,0,0,0,0,0,0,0,0
immensely,766,28,223,188,32,22,86,10,105,18,7,24,18,2,2,1,0,0,0,0,0,0,0,0,0,0,0,0,0,0,0,0,0,0,0
oddly,754,61,502,31,30,31,24,29,21,15,5,2,1,0,2,0,0,0,0,0,0,0,0,0,0,0,0,0,0,0,0,0,0,0,0
never,752,324,42,64,65,30,61,28,22,49,30,2,26,0,5,2,1,1,0,0,0,0,0,0,0,0,0,0,0,0,0,0,0,0,0
extraordinarily,752,99,205,99,71,59,58,26,56,27,9,22,8,4,5,3,0,0,1,0,0,0,0,0,0,0,0,0,0,0,0,0,0,0,0
strangely,732,58,432,65,33,45,27,21,22,7,13,4,3,1,1,0,0,0,0,0,0,0,0,0,0,0,0,0,0,0,0,0,0,0,0
openly,731,188,14,40,151,67,26,40,41,109,7,9,35,1,3,0,0,0,0,0,0,0,0,0,0,0,0,0,0,0,0,0,0,0,0
increasingly,730,129,139,107,55,25,8,8,64,151,19,15,5,1,1,1,2,0,0,0,0,0,0,0,0,0,0,0,0,0,0,0,0,0,0
exceedingly,729,127,126,93,67,53,56,39,74,41,10,31,8,1,3,0,0,0,0,0,0,0,0,0,0,0,0,0,0,0,0,0,0,0,0
similarly,727,109,362,76,25,24,9,8,32,46,9,9,15,0,2,0,1,0,0,0,0,0,0,0,0,0,0,0,0,0,0,0,0,0,0
kinda,722,95,138,108,131,6,86,50,36,5,31,17,6,7,3,1,1,0,1,0,0,0,0,0,0,0,0,0,0,0,0,0,0,0,0
legally,716,330,33,58,26,17,23,11,43,23,40,32,61,4,10,5,0,0,0,0,0,0,0,0,0,0,0,0,0,0,0,0,0,0,0
amazingly,706,80,149,136,78,40,41,25,63,17,38,23,7,6,1,2,0,0,0,0,0,0,0,0,0,0,0,0,0,0,0,0,0,0,0
better,698,183,30,55,52,116,69,30,27,21,8,14,85,2,2,4,0,0,0,0,0,0,0,0,0,0,0,0,0,0,0,0,0,0,0
basically,692,140,89,191,27,5,8,2,36,22,91,55,11,9,2,4,0,0,0,0,0,0,0,0,0,0,0,0,0,0,0,0,0,0,0
essentially,691,113,188,148,30,15,30,5,53,40,38,23,5,1,1,1,0,0,0,0,0,0,0,0,0,0,0,0,0,0,0,0,0,0,0
necessarily,681,312,55,136,6,16,27,11,5,3,65,25,9,2,7,1,0,0,0,0,0,0,0,0,0,0,0,1,0,0,0,0,0,0,0
mutually,677,182,32,95,56,146,42,53,34,29,4,1,2,0,0,0,0,1,0,0,0,0,0,0,0,0,0,0,0,0,0,0,0,0,0
critically,677,261,83,97,38,31,27,12,65,40,5,1,12,1,3,0,1,0,0,0,0,0,0,0,0,0,0,0,0,0,0,0,0,0,0
apparently,674,155,126,110,108,19,4,24,29,49,14,11,19,4,0,2,0,0,0,0,0,0,0,0,0,0,0,0,0,0,0,0,0,0,0
economically,671,352,30,46,21,52,22,7,81,37,4,8,6,1,4,0,0,0,0,0,0,0,0,0,0,0,0,0,0,0,0,0,0,0,0
considerably,670,97,100,79,60,143,29,33,57,34,10,3,21,0,3,1,0,0,0,0,0,0,0,0,0,0,0,0,0,0,0,0,0,0,0
excessively,668,497,14,8,20,46,21,27,9,8,3,1,9,1,4,0,0,0,0,0,0,0,0,0,0,0,0,0,0,0,0,0,0,0,0
undeniably,652,10,458,58,41,9,10,5,28,23,4,1,5,0,0,0,0,0,0,0,0,0,0,0,0,0,0,0,0,0,0,0,0,0,0
once,645,80,87,312,33,6,5,4,23,42,25,8,16,2,2,0,0,0,0,0,0,0,0,0,0,0,0,0,0,0,0,0,0,0,0
grossly,635,378,50,32,22,58,9,12,14,25,2,5,13,0,11,4,0,0,0,0,0,0,0,0,0,0,0,0,0,0,0,0,0,0,0
aesthetically,633,243,137,28,14,23,13,4,144,6,15,0,5,0,0,0,1,0,0,0,0,0,0,0,0,0,0,0,0,0,0,0,0,0,0
distinctly,630,37,364,61,57,27,15,5,20,28,5,4,4,1,2,0,0,0,0,0,0,0,0,0,0,0,0,0,0,0,0,0,0,0,0
personally,621,246,113,44,21,32,49,10,44,24,4,7,20,1,3,2,1,0,0,0,0,0,0,0,0,0,0,0,0,0,0,0,0,0,0
sufficiently,620,280,81,47,39,15,21,13,44,19,6,15,32,2,3,3,0,0,0,0,0,0,0,0,0,0,0,0,0,0,0,0,0,0,0
unusually,615,304,75,33,45,38,19,15,41,17,7,3,11,2,5,0,0,0,0,0,0,0,0,0,0,0,0,0,0,0,0,0,0,0,0
vastly,612,74,154,111,31,80,23,23,53,28,10,5,11,0,8,1,0,0,0,0,0,0,0,0,0,0,0,0,0,0,0,0,0,0,0
brand,583,81,56,84,74,8,14,3,9,18,220,10,3,2,0,1,0,0,0,0,0,0,0,0,0,0,0,0,0,0,0,0,0,0,0
pleasantly,576,56,52,108,15,56,137,30,63,28,3,22,1,3,2,0,0,0,0,0,0,0,0,0,0,0,0,0,0,0,0,0,0,0,0
little,574,31,95,38,95,118,39,54,7,74,5,8,6,3,1,0,0,0,0,0,0,0,0,0,0,0,0,0,0,0,0,0,0,0,0
moderately,551,323,70,37,54,9,9,6,23,4,3,3,9,0,1,0,0,0,0,0,0,0,0,0,0,0,0,0,0,0,0,0,0,0,0
deliberately,547,268,43,15,52,72,16,38,5,18,6,0,7,0,6,1,0,0,0,0,0,0,0,0,0,0,0,0,0,0,0,0,0,0,0
yet,542,86,318,32,33,3,1,5,5,25,12,9,10,1,0,2,0,0,0,0,0,0,0,0,0,0,0,0,0,0,0,0,0,0,0
severely,537,255,76,40,20,36,11,16,17,40,2,3,17,0,4,0,0,0,0,0,0,0,0,0,0,0,0,0,0,0,0,0,0,0,0
medically,532,258,83,23,16,41,8,33,18,28,13,3,7,0,1,0,0,0,0,0,0,0,0,0,0,0,0,0,0,0,0,0,0,0,0
decidedly,532,36,257,24,108,17,9,16,15,34,8,4,4,0,0,0,0,0,0,0,0,0,0,0,0,0,0,0,0,0,0,0,0,0,0
instantly,529,40,71,126,37,14,54,6,68,34,56,12,6,3,2,0,0,0,0,0,0,0,0,0,0,0,0,0,0,0,0,0,0,0,0
intrinsically,528,58,344,37,10,7,29,1,15,5,8,7,5,0,1,1,0,0,0,0,0,0,0,0,0,0,0,0,0,0,0,0,0,0,0
thoroughly,527,82,54,145,25,12,45,8,50,18,31,40,13,4,0,0,0,0,0,0,0,0,0,0,0,0,0,0,0,0,0,0,0,0,0
culturally,527,249,80,31,19,24,35,13,28,21,12,5,10,0,0,0,0,0,0,0,0,0,0,0,0,0,0,0,0,0,0,0,0,0,0
heavily,525,84,15,99,55,74,37,9,57,68,8,5,10,1,3,0,0,0,0,0,0,0,0,0,0,0,0,0,0,0,0,0,0,0,0
freely,520,50,12,236,44,27,48,5,19,47,23,6,3,0,0,0,0,0,0,0,0,0,0,0,0,0,0,0,0,0,0,0,0,0,0
ultimately,518,117,79,138,13,14,37,5,28,11,41,25,6,0,1,3,0,0,0,0,0,0,0,0,0,0,0,0,0,0,0,0,0,0,0
historically,515,168,75,52,34,24,21,4,78,24,26,0,5,0,3,0,0,1,0,0,0,0,0,0,0,0,0,0,0,0,0,0,0,0,0
non,515,362,43,35,19,12,6,9,6,10,5,1,4,0,2,0,1,0,0,0,0,0,0,0,0,0,0,0,0,0,0,0,0,0,0
partly,504,291,8,37,49,16,23,11,35,12,9,4,5,3,1,0,0,0,0,0,0,0,0,0,0,0,0,0,0,0,0,0,0,0,0
tremendously,502,32,119,138,23,20,54,12,53,11,13,11,4,10,1,1,0,0,0,0,0,0,0,0,0,0,0,0,0,0,0,0,0,0,0
insanely,497,107,104,89,39,11,40,18,40,11,17,7,6,3,5,0,0,0,0,0,0,0,0,0,0,0,0,0,0,0,0,0,0,0,0
darn,496,143,36,99,59,12,25,29,28,10,31,11,3,9,0,0,1,0,0,0,0,0,0,0,0,0,0,0,0,0,0,0,0,0,0
over,495,233,3,104,19,41,36,33,7,4,5,3,2,0,3,2,0,0,0,0,0,0,0,0,0,0,0,0,0,0,0,0,0,0,0
infinitely,492,56,254,55,13,8,33,8,23,1,23,5,9,0,2,1,1,0,0,0,0,0,0,0,0,0,0,0,0,0,0,0,0,0,0
dangerously,490,177,69,21,37,58,19,43,19,28,2,2,11,1,3,0,0,0,0,0,0,0,0,0,0,0,0,0,0,0,0,0,0,0,0
strictly,489,165,37,104,52,9,41,5,9,11,44,6,3,0,3,0,0,0,0,0,0,0,0,0,0,0,0,0,0,0,0,0,0,0,0
blatantly,487,146,114,23,69,35,10,42,8,21,3,1,12,0,3,0,0,0,0,0,0,0,0,0,0,0,0,0,0,0,0,0,0,0,0
drastically,480,47,308,27,10,22,16,14,20,4,8,0,3,0,1,0,0,0,0,0,0,0,0,0,0,0,0,0,0,0,0,0,0,0,0
acutely,479,36,19,97,23,39,117,14,38,31,2,43,9,9,2,0,0,0,0,0,0,0,0,0,0,0,0,0,0,0,0,0,0,0,0
unbelievably,470,68,122,65,51,22,25,20,27,6,27,20,10,3,3,1,0,0,0,0,0,0,0,0,0,0,0,0,0,0,0,0,0,0,0
publicly,466,105,13,160,35,32,37,11,22,22,21,3,4,0,0,1,0,0,0,0,0,0,0,0,0,0,0,0,0,0,0,0,0,0,0
overtly,463,205,57,13,50,48,8,34,9,25,2,1,7,1,1,2,0,0,0,0,0,0,0,0,0,0,0,0,0,0,0,0,0,0,0
intellectually,463,192,50,18,10,24,37,10,80,17,0,8,13,1,2,1,0,0,0,0,0,0,0,0,0,0,0,0,0,0,0,0,0,0,0
practically,454,170,48,57,39,28,8,15,29,22,29,5,2,2,0,0,0,0,0,0,0,0,0,0,0,0,0,0,0,0,0,0,0,0,0
intentionally,441,235,39,15,29,48,3,34,3,15,4,2,9,1,4,0,0,0,0,0,0,0,0,0,0,0,0,0,0,0,0,0,0,0,0
beautifully,437,38,149,101,17,19,31,14,32,6,24,5,0,0,1,0,0,0,0,0,0,0,0,0,0,0,0,0,0,0,0,0,0,0,0
ever,437,233,45,29,10,4,53,2,10,10,13,5,17,0,2,2,1,1,0,0,0,0,0,0,0,0,0,0,0,0,0,0,0,0,0
eerily,434,25,148,73,56,27,9,31,18,24,19,1,2,1,0,0,0,0,0,0,0,0,0,0,0,0,0,0,0,0,0,0,0,0,0
prohibitively,433,206,10,6,13,151,6,13,10,10,2,0,0,0,6,0,0,0,0,0,0,0,0,0,0,0,0,0,0,0,0,0,0,0,0
brutally,430,50,15,18,30,98,72,99,22,7,5,4,9,0,1,0,0,0,0,0,0,0,0,0,0,0,0,0,0,0,0,0,0,0,0
any,427,372,16,8,4,1,1,0,0,6,1,3,7,0,7,1,0,0,0,0,0,0,0,0,0,0,0,0,0,0,0,0,0,0,0
strikingly,422,37,85,54,62,71,26,17,20,43,5,1,0,0,1,0,0,0,0,0,0,0,0,0,0,0,0,0,0,0,0,0,0,0,0
consistently,416,136,25,71,14,7,91,4,14,5,16,9,17,2,4,1,0,0,0,0,0,0,0,0,0,0,0,0,0,0,0,0,0,0,0
overwhelmingly,413,80,58,66,14,43,41,31,29,18,7,16,6,2,2,0,0,0,0,0,0,0,0,0,0,0,0,0,0,0,0,0,0,0,0
suddenly,412,94,28,85,4,4,2,8,11,12,90,49,17,8,0,0,0,0,0,0,0,0,0,0,0,0,0,0,0,0,0,0,0,0,0
desperately,404,66,127,66,19,27,18,4,10,37,3,8,11,3,4,1,0,0,0,0,0,0,0,0,0,0,0,0,0,0,0,0,0,0,0
dramatically,404,63,163,29,14,48,12,30,19,9,8,2,3,0,3,1,0,0,0,0,0,0,0,0,0,0,0,0,0,0,0,0,0,0,0
widely,402,94,30,76,42,36,17,11,50,32,6,1,4,0,3,0,0,0,0,0,0,0,0,0,0,0,0,0,0,0,0,0,0,0,0
awfully,402,42,170,36,38,8,8,43,10,5,7,13,14,3,3,1,0,1,0,0,0,0,0,0,0,0,0,0,0,0,0,0,0,0,0
enormously,398,21,96,95,22,19,43,9,51,14,6,13,5,1,2,1,0,0,0,0,0,0,0,0,0,0,0,0,0,0,0,0,0,0,0
keenly,398,13,16,97,4,17,119,4,39,35,1,33,14,5,0,0,1,0,0,0,0,0,0,0,0,0,0,0,0,0,0,0,0,0,0
finally,395,103,22,69,7,3,2,3,16,18,39,47,35,20,1,10,0,0,0,0,0,0,0,0,0,0,0,0,0,0,0,0,0,0,0
lightly,395,343,8,8,9,11,4,6,5,1,0,0,0,0,0,0,0,0,0,0,0,0,0,0,0,0,0,0,0,0,0,0,0,0,0
kind,395,23,3,17,57,7,26,14,16,28,1,8,183,1,1,10,0,0,0,0,0,0,0,0,0,0,0,0,0,0,0,0,0,0,0
fiercely,381,21,20,42,22,44,116,9,55,34,2,2,10,1,3,0,0,0,0,0,0,0,0,0,0,0,0,0,0,0,0,0,0,0,0
deliciously,378,34,197,39,22,20,15,8,22,4,13,1,3,0,0,0,0,0,0,0,0,0,0,0,0,0,0,0,0,0,0,0,0,0,0
hardly,370,70,39,26,89,46,1,32,7,50,1,1,7,0,1,0,0,0,0,0,0,0,0,0,0,0,0,0,0,0,0,0,0,0,0
commercially,367,150,44,46,43,7,7,4,34,17,11,1,1,0,2,0,0,0,0,0,0,0,0,0,0,0,0,0,0,0,0,0,0,0,0
humanly,365,27,11,33,2,2,4,4,1,0,279,1,0,0,0,0,1,0,0,0,0,0,0,0,0,0,0,0,0,0,0,0,0,0,0
strongly,360,99,24,56,32,30,46,12,40,14,2,2,2,0,0,1,0,0,0,0,0,0,0,0,0,0,0,0,0,0,0,0,0,0,0
woefully,357,82,23,33,19,88,14,15,14,57,1,1,3,0,7,0,0,0,0,0,0,0,0,0,0,0,0,0,0,0,0,0,0,0,0
unnecessarily,352,172,20,14,30,48,7,32,10,11,3,1,4,0,0,0,0,0,0,0,0,0,0,0,0,0,0,0,0,0,0,0,0,0,0
terminally,350,227,7,20,14,8,2,6,9,13,0,2,37,0,3,2,0,0,0,0,0,0,0,0,0,0,0,0,0,0,0,0,0,0,0
chronically,349,248,4,7,23,12,5,3,6,27,0,3,9,0,0,1,1,0,0,0,0,0,0,0,0,0,0,0,0,0,0,0,0,0,0
patently,340,104,59,43,45,12,8,6,22,21,11,1,7,0,0,1,0,0,0,0,0,0,0,0,0,0,0,0,0,0,0,0,0,0,0
shockingly,340,41,48,25,64,62,8,50,17,11,6,4,2,0,2,0,0,0,0,0,0,0,0,0,0,0,0,0,0,0,0,0,0,0,0
delightfully,333,28,101,56,32,26,21,17,24,5,20,1,1,0,1,0,0,0,0,0,0,0,0,0,0,0,0,0,0,0,0,0,0,0,0
spiritually,331,125,61,36,14,14,16,7,22,12,1,5,12,2,4,0,0,0,0,0,0,0,0,0,0,0,0,0,0,0,0,0,0,0,0
vitally,329,14,122,83,5,12,30,5,36,6,10,2,3,1,0,0,0,0,0,0,0,0,0,0,0,0,0,0,0,0,0,0,0,0,0
actively,321,151,15,21,28,15,10,12,17,23,1,6,19,0,3,0,0,0,0,0,0,0,0,0,0,0,0,0,0,0,0,0,0,0,0
supremely,321,61,65,44,9,6,43,4,53,4,7,8,9,1,7,0,0,0,0,0,0,0,0,0,0,0,0,0,0,0,0,0,0,0,0
literally,318,53,29,35,41,35,7,41,13,21,33,5,4,0,1,0,0,0,0,0,0,0,0,0,0,0,0,0,0,0,0,0,0,0,0
factually,314,98,41,40,30,18,9,9,22,13,29,0,4,0,1,0,0,0,0,0,0,0,0,0,0,0,0,0,0,0,0,0,0,0,0
initially,314,31,22,24,68,38,6,7,23,79,2,10,4,0,0,0,0,0,0,0,0,0,0,0,0,0,0,0,0,0,0,0,0,0,0
then,310,56,23,68,18,18,23,6,15,20,15,30,11,2,2,2,1,0,0,0,0,0,0,0,0,0,0,0,0,0,0,0,0,0,0
hilariously,309,38,43,23,44,80,16,38,20,4,1,0,1,0,1,0,0,0,0,0,0,0,0,0,0,0,0,0,0,0,0,0,0,0,0
hopelessly,308,152,20,34,11,13,14,10,22,9,4,6,5,1,7,0,0,0,0,0,0,0,0,0,0,0,0,0,0,0,0,0,0,0,0
primarily,306,127,5,41,22,21,32,4,15,22,2,3,9,1,0,1,1,0,0,0,0,0,0,0,0,0,0,0,0,0,0,0,0,0,0
together,303,5,29,263,1,0,2,0,0,0,1,1,0,0,0,0,1,0,0,0,0,0,0,0,0,0,0,0,0,0,0,0,0,0,0
willfully,301,230,10,3,5,19,1,6,3,12,0,2,7,0,3,0,0,0,0,0,0,0,0,0,0,0,0,0,0,0,0,0,0,0,0
visibly,296,58,23,24,59,15,8,11,22,44,4,14,11,2,1,0,0,0,0,0,0,0,0,0,0,0,0,0,0,0,0,0,0,0,0
darkly,294,30,65,6,10,108,5,54,15,1,0,0,0,0,0,0,0,0,0,0,0,0,0,0,0,0,0,0,0,0,0,0,0,0,0
exactly,292,44,13,92,3,6,20,6,12,8,64,17,1,4,2,0,0,0,0,0,0,0,0,0,0,0,0,0,0,0,0,0,0,0,0
right,291,97,7,81,50,7,8,21,0,4,5,2,5,0,1,1,2,0,0,0,0,0,0,0,0,0,0,0,0,0,0,0,0,0,0
refreshingly,291,17,130,26,26,17,40,8,15,3,3,1,3,0,2,0,0,0,0,0,0,0,0,0,0,0,0,0,0,0,0,0,0,0,0
psychologically,287,120,71,6,8,31,8,13,10,9,2,4,4,1,0,0,0,0,0,0,0,0,0,0,0,0,0,0,0,0,0,0,0,0,0
intimately,287,30,26,77,6,3,10,2,34,18,2,17,61,0,0,0,1,0,0,0,0,0,0,0,0,0,0,0,0,0,0,0,0,0,0
technologically,286,139,26,16,15,15,4,4,24,17,9,10,6,0,0,1,0,0,0,0,0,0,0,0,0,0,0,0,0,0,0,0,0,0,0
best,283,141,4,19,15,22,39,7,5,18,4,4,4,1,0,0,0,0,0,0,0,0,0,0,0,0,0,0,0,0,0,0,0,0,0
minimally,282,221,3,13,9,12,1,3,7,7,1,0,2,0,2,1,0,0,0,0,0,0,0,0,0,0,0,0,0,0,0,0,0,0,0
innately,280,36,173,22,9,1,10,0,5,2,3,10,3,6,0,0,0,0,0,0,0,0,0,0,0,0,0,0,0,0,0,0,0,0,0
marginally,280,132,38,12,21,20,8,11,8,15,2,4,9,0,0,0,0,0,0,0,0,0,0,0,0,0,0,0,0,0,0,0,0,0,0
statistically,279,82,36,55,13,14,10,1,47,10,7,1,2,0,0,1,0,0,0,0,0,0,0,0,0,0,0,0,0,0,0,0,0,0,0
typically,276,75,58,46,12,9,12,0,21,17,9,4,11,1,0,1,0,0,0,0,0,0,0,0,0,0,0,0,0,0,0,0,0,0,0
positively,275,42,60,31,67,9,8,19,9,6,11,5,4,1,1,2,0,0,0,0,0,0,0,0,0,0,0,0,0,0,0,0,0,0,0
understandably,273,15,4,35,32,29,2,8,11,103,1,27,2,3,1,0,0,0,0,0,0,0,0,0,0,0,0,0,0,0,0,0,0,0,0
near,273,160,11,16,17,17,7,17,4,6,16,1,0,0,1,0,0,0,0,0,0,0,0,0,0,0,0,0,0,0,0,0,0,0,0
genetically,272,79,16,63,29,12,7,5,14,10,1,10,24,0,2,0,0,0,0,0,0,0,0,0,0,0,0,0,0,0,0,0,0,0,0
temporarily,271,199,5,6,24,4,2,11,4,5,3,1,4,1,2,0,0,0,0,0,0,0,0,0,0,0,0,0,0,0,0,0,0,0,0
wide,271,32,10,43,13,8,31,7,19,12,61,8,17,3,2,4,1,0,0,0,0,0,0,0,0,0,0,0,0,0,0,0,0,0,0
outrageously,269,67,71,12,19,33,9,17,21,5,9,3,2,0,1,0,0,0,0,0,0,0,0,0,0,0,0,0,0,0,0,0,0,0,0
quietly,269,50,76,16,15,16,36,13,12,24,2,6,1,1,1,0,0,0,0,0,0,0,0,0,0,0,0,0,0,0,0,0,0,0,0
tad,269,24,52,29,84,11,30,22,2,4,3,1,5,0,1,1,0,0,0,0,0,0,0,0,0,0,0,0,0,0,0,0,0,0,0
badly,268,36,179,11,5,11,4,4,7,6,0,2,0,0,0,2,0,1,0,0,0,0,0,0,0,0,0,0,0,0,0,0,0,0,0
impossibly,268,72,45,34,19,14,19,13,15,5,15,6,6,1,4,0,0,0,0,0,0,0,0,0,0,0,0,0,0,0,0,0,0,0,0
specifically,268,76,81,15,38,15,3,3,4,16,6,1,10,0,0,0,0,0,0,0,0,0,0,0,0,0,0,0,0,0,0,0,0,0,0
functionally,267,171,17,17,14,16,3,0,9,16,0,0,3,0,1,0,0,0,0,0,0,0,0,0,0,0,0,0,0,0,0,0,0,0,0
sadly,267,51,69,47,13,29,8,19,11,12,2,4,1,0,0,1,0,0,0,0,0,0,0,0,0,0,0,0,0,0,0,0,0,0,0
clinically,264,137,25,14,11,18,2,3,29,10,3,2,9,1,0,0,0,0,0,0,0,0,0,0,0,0,0,0,0,0,0,0,0,0,0
bit,261,1,65,18,45,9,55,38,4,2,6,8,3,6,1,0,0,0,0,0,0,0,0,0,0,0,0,0,0,0,0,0,0,0,0
notoriously,261,36,15,28,21,32,69,5,31,18,1,1,4,0,0,0,0,0,0,0,0,0,0,0,0,0,0,0,0,0,0,0,0,0,0
unexpectedly,258,40,124,5,17,27,3,18,9,3,2,0,10,0,0,0,0,0,0,0,0,0,0,0,0,0,0,0,0,0,0,0,0,0,0
there,257,87,19,18,5,5,79,2,1,11,10,6,8,0,0,5,1,0,0,0,0,0,0,0,0,0,0,0,0,0,0,0,0,0,0
newly,255,114,24,14,30,7,2,2,13,29,2,0,12,0,3,1,2,0,0,0,0,0,0,0,0,0,0,0,0,0,0,0,0,0,0
noticeably,254,51,46,40,26,29,13,5,19,13,5,2,3,1,1,0,0,0,0,0,0,0,0,0,0,0,0,0,0,0,0,0,0,0,0
weirdly,253,38,119,22,18,11,20,8,6,4,5,1,0,1,0,0,0,0,0,0,0,0,0,0,0,0,0,0,0,0,0,0,0,0,0
constantly,252,101,12,41,9,4,13,4,10,7,9,19,19,1,2,1,0,0,0,0,0,0,0,0,0,0,0,0,0,0,0,0,0,0,0
plainly,251,107,21,19,44,11,6,13,9,11,6,1,3,0,0,0,0,0,0,0,0,0,0,0,0,0,0,0,0,0,0,0,0,0,0
scientifically,250,96,33,30,7,16,3,1,36,8,13,4,1,0,2,0,0,0,0,0,0,0,0,0,0,0,0,0,0,0,0,0,0,0,0
frankly,247,69,15,6,87,24,3,16,4,15,1,1,2,3,1,0,0,0,0,0,0,0,0,0,0,0,0,0,0,0,0,0,0,0,0
eternally,247,39,39,57,5,1,66,2,12,4,4,11,5,2,0,0,0,0,0,0,0,0,0,0,0,0,0,0,0,0,0,0,0,0,0
simultaneously,242,9,80,29,5,27,18,4,32,5,22,5,6,0,0,0,0,0,0,0,0,0,0,0,0,0,0,0,0,0,0,0,0,0,0
deceptively,236,55,31,13,30,44,9,22,12,15,2,2,1,0,0,0,0,0,0,0,0,0,0,0,0,0,0,0,0,0,0,0,0,0,0
undoubtedly,235,7,38,45,80,0,0,0,13,41,3,3,3,1,0,1,0,0,0,0,0,0,0,0,0,0,0,0,0,0,0,0,0,0,0
universally,234,43,89,44,13,3,15,2,8,6,7,3,1,0,0,0,0,0,0,0,0,0,0,0,0,0,0,0,0,0,0,0,0,0,0
suitably,233,16,90,61,8,1,5,0,16,0,3,19,12,2,0,0,0,0,0,0,0,0,0,0,0,0,0,0,0,0,0,0,0,0,0
unintentionally,233,44,34,8,23,62,5,51,1,4,0,0,0,0,1,0,0,0,0,0,0,0,0,0,0,0,0,0,0,0,0,0,0,0,0
eminently,232,9,43,80,13,7,13,1,38,9,3,5,9,1,0,1,0,0,0,0,0,0,0,0,0,0,0,0,0,0,0,0,0,0,0
massively,230,38,38,39,10,18,26,7,29,6,9,6,3,1,0,0,0,0,0,0,0,0,0,0,0,0,0,0,0,0,0,0,0,0,0
stunningly,229,24,32,45,25,36,11,17,20,8,5,2,1,0,2,0,0,1,0,0,0,0,0,0,0,0,0,0,0,0,0,0,0,0,0
spectacularly,229,35,62,12,25,31,8,19,16,8,5,1,3,0,4,0,0,0,0,0,0,0,0,0,0,0,0,0,0,0,0,0,0,0,0
greatly,227,44,29,45,9,22,22,10,14,14,2,11,1,3,1,0,0,0,0,0,0,0,0,0,0,0,0,0,0,0,0,0,0,0,0
subtly,226,38,101,21,7,16,9,13,8,4,6,0,2,0,1,0,0,0,0,0,0,0,0,0,0,0,0,0,0,0,0,0,0,0,0
startlingly,224,9,46,11,29,58,6,28,17,15,1,1,2,0,1,0,0,0,0,0,0,0,0,0,0,0,0,0,0,0,0,0,0,0,0
structurally,221,83,43,27,6,13,5,1,17,11,14,0,0,0,1,0,0,0,0,0,0,0,0,0,0,0,0,0,0,0,0,0,0,0,0
blissfully,220,58,11,26,15,27,7,6,11,29,8,12,7,0,2,0,0,1,0,0,0,0,0,0,0,0,0,0,0,0,0,0,0,0,0
uncomfortably,219,41,31,15,14,48,11,42,5,4,2,2,2,1,1,0,0,0,0,0,0,0,0,0,0,0,0,0,0,0,0,0,0,0,0
early,218,208,2,0,4,1,0,1,0,0,1,0,1,0,0,0,0,0,0,0,0,0,0,0,0,0,0,0,0,0,0,0,0,0,0
criminally,218,137,7,12,10,6,5,4,6,6,2,3,18,1,1,0,0,0,0,0,0,0,0,0,0,0,0,0,0,0,0,0,0,0,0
fast,218,106,15,35,2,8,4,3,20,4,6,10,2,1,0,2,0,0,0,0,0,0,0,0,0,0,0,0,0,0,0,0,0,0,0
exclusively,216,72,29,42,21,13,11,2,10,11,1,0,2,0,1,1,0,0,0,0,0,0,0,0,0,0,0,0,0,0,0,0,0,0,0
gravely,216,39,58,13,12,14,42,1,4,18,2,1,9,0,3,0,0,0,0,0,0,0,0,0,0,0,0,0,0,0,0,0,0,0,0
racially,215,112,27,14,19,11,7,7,10,3,0,2,0,1,1,1,0,0,0,0,0,0,0,0,0,0,0,0,0,0,0,0,0,0,0
explicitly,214,52,25,20,38,36,11,15,5,10,2,0,0,0,0,0,0,0,0,0,0,0,0,0,0,0,0,0,0,0,0,0,0,0,0
comparatively,214,42,33,26,27,18,24,5,15,17,3,1,2,0,0,1,0,0,0,0,0,0,0,0,0,0,0,0,0,0,0,0,0,0,0
legitimately,213,22,80,15,45,6,1,11,6,10,2,5,8,0,0,2,0,0,0,0,0,0,0,0,0,0,0,0,0,0,0,0,0,0,0
frustratingly,211,30,10,10,18,66,9,46,7,11,2,1,1,0,0,0,0,0,0,0,0,0,0,0,0,0,0,0,0,0,0,0,0,0,0
roughly,210,94,45,32,3,10,4,0,9,2,2,6,1,2,0,0,0,0,0,0,0,0,0,0,0,0,0,0,0,0,0,0,0,0,0
absurdly,208,60,36,23,25,22,7,14,7,5,4,1,1,1,1,1,0,0,0,0,0,0,0,0,0,0,0,0,0,0,0,0,0,0,0
predominantly,205,70,3,39,12,18,16,2,16,24,0,4,0,0,1,0,0,0,0,0,0,0,0,0,0,0,0,0,0,0,0,0,0,0,0
dreadfully,204,8,133,21,8,7,4,6,5,2,8,0,0,0,2,0,0,0,0,0,0,0,0,0,0,0,0,0,0,0,0,0,0,0,0
occasionally,204,135,13,11,22,4,2,3,4,4,0,2,3,0,0,1,0,0,0,0,0,0,0,0,0,0,0,0,0,0,0,0,0,0,0
surely,203,8,36,39,56,0,0,1,9,26,1,18,5,3,0,1,0,0,0,0,0,0,0,0,0,0,0,0,0,0,0,0,0,0,0
objectively,202,78,50,13,9,4,15,4,7,6,8,1,3,0,2,1,0,1,0,0,0,0,0,0,0,0,0,0,0,0,0,0,0,0,0
unduly,202,160,3,4,7,14,2,5,1,3,0,0,2,0,1,0,0,0,0,0,0,0,0,0,0,0,0,0,0,0,0,0,0,0,0
musically,202,40,42,22,10,16,24,4,28,2,5,4,2,2,0,1,0,0,0,0,0,0,0,0,0,0,0,0,0,0,0,0,0,0,0
secretly,201,49,10,39,18,10,26,8,12,6,1,13,4,4,1,0,0,0,0,0,0,0,0,0,0,0,0,0,0,0,0,0,0,0,0
notably,200,36,41,29,33,18,6,4,16,10,0,1,5,0,1,0,0,0,0,0,0,0,0,0,0,0,0,0,0,0,0,0,0,0,0
forever,199,54,14,29,3,1,63,1,9,6,8,3,4,4,0,0,0,0,0,0,0,0,0,0,0,0,0,0,0,0,0,0,0,0,0
ethically,199,98,35,9,8,7,11,6,11,7,2,1,3,0,1,0,0,0,0,0,0,0,0,0,0,0,0,0,0,0,0,0,0,0,0
disproportionately,196,138,2,10,1,19,11,3,6,4,1,0,1,0,0,0,0,0,0,0,0,0,0,0,0,0,0,0,0,0,0,0,0,0,0
unbearably,195,49,27,11,13,32,3,40,4,4,7,0,2,1,2,0,0,0,0,0,0,0,0,0,0,0,0,0,0,0,0,0,0,0,0
broadly,194,74,21,27,19,10,6,3,9,22,0,0,3,0,0,0,0,0,0,0,0,0,0,0,0,0,0,0,0,0,0,0,0,0,0
demonstrably,189,41,19,40,20,12,4,4,22,14,8,0,4,1,0,0,0,0,0,0,0,0,0,0,0,0,0,0,0,0,0,0,0,0,0
brilliantly,188,26,48,25,15,23,12,15,13,2,6,0,1,0,2,0,0,0,0,0,0,0,0,0,0,0,0,0,0,0,0,0,0,0,0
disturbingly,188,27,61,18,29,17,9,11,3,7,2,3,1,0,0,0,0,0,0,0,0,0,0,0,0,0,0,0,0,0,0,0,0,0,0
appropriately,187,36,60,30,10,9,11,5,8,1,2,8,6,1,0,0,0,0,0,0,0,0,0,0,0,0,0,0,0,0,0,0,0,0,0
again,186,32,14,68,15,0,5,1,14,13,9,10,2,1,1,0,1,0,0,0,0,0,0,0,0,0,0,0,0,0,0,0,0,0,0
astonishingly,185,20,30,14,29,34,8,12,22,8,2,1,0,1,3,1,0,0,0,0,0,0,0,0,0,0,0,0,0,0,0,0,0,0,0
at,182,179,0,0,0,1,1,0,0,0,0,0,1,0,0,0,0,0,0,0,0,0,0,0,0,0,0,0,0,0,0,0,0,0,0
individually,182,24,4,99,9,6,1,3,16,11,1,5,0,1,1,0,1,0,0,0,0,0,0,0,0,0,0,0,0,0,0,0,0,0,0
insufficiently,179,130,1,5,7,18,1,6,2,0,1,2,3,0,3,0,0,0,0,0,0,0,0,0,0,0,0,0,0,0,0,0,0,0,0
markedly,177,30,41,20,16,32,15,3,13,4,2,0,1,0,0,0,0,0,0,0,0,0,0,0,0,0,0,0,0,0,0,0,0,0,0
sorely,177,28,86,14,9,16,8,0,4,9,0,2,0,0,1,0,0,0,0,0,0,0,0,0,0,0,0,0,0,0,0,0,0,0,0
abnormally,176,109,11,8,4,16,6,7,5,4,0,3,2,0,1,0,0,0,0,0,0,0,0,0,0,0,0,0,0,0,0,0,0,0,0
supposedly,173,45,33,36,4,3,0,1,3,2,13,12,20,0,0,1,0,0,0,0,0,0,0,0,0,0,0,0,0,0,0,0,0,0,0
tragically,171,30,43,44,6,18,4,8,8,6,2,0,1,0,1,0,0,0,0,0,0,0,0,0,0,0,0,0,0,0,0,0,0,0,0
beyond,171,7,6,53,11,1,14,2,22,11,13,26,3,2,0,0,0,0,0,0,0,0,0,0,0,0,0,0,0,0,0,0,0,0,0
either,171,15,4,20,11,25,8,6,0,46,10,18,4,3,1,0,0,0,0,0,0,0,0,0,0,0,0,0,0,0,0,0,0,0,0
locally,168,77,6,11,41,17,0,2,7,1,3,1,1,0,0,1,0,0,0,0,0,0,0,0,0,0,0,0,0,0,0,0,0,0,0
inexplicably,167,22,88,6,6,8,10,9,7,2,3,2,4,0,0,0,0,0,0,0,0,0,0,0,0,0,0,0,0,0,0,0,0,0,0
bitterly,167,30,11,14,13,41,10,21,5,17,0,2,3,0,0,0,0,0,0,0,0,0,0,0,0,0,0,0,0,0,0,0,0,0,0
recently,166,116,7,4,9,0,2,0,7,13,1,2,4,0,1,0,0,0,0,0,0,0,0,0,0,0,0,0,0,0,0,0,0,0,0
religiously,166,100,9,10,6,5,9,3,5,12,0,3,4,0,0,0,0,0,0,0,0,0,0,0,0,0,0,0,0,0,0,0,0,0,0
traditionally,165,45,43,17,12,4,9,0,13,13,6,0,3,0,0,0,0,0,0,0,0,0,0,0,0,0,0,0,0,0,0,0,0,0,0
quintessentially,164,9,122,11,2,4,5,0,5,0,6,0,0,0,0,0,0,0,0,0,0,0,0,0,0,0,0,0,0,0,0,0,0,0,0
second,163,74,1,7,0,6,60,1,5,0,5,2,0,0,0,0,2,0,0,0,0,0,0,0,0,0,0,0,0,0,0,0,0,0,0
fantastically,163,26,40,31,11,12,9,5,16,4,5,0,3,1,0,0,0,0,0,0,0,0,0,0,0,0,0,0,0,0,0,0,0,0,0
artistically,161,47,34,8,10,12,13,3,21,4,1,3,4,0,0,1,0,0,0,0,0,0,0,0,0,0,0,0,0,0,0,0,0,0,0
needlessly,161,74,6,7,16,27,2,14,7,3,3,0,2,0,0,0,0,0,0,0,0,0,0,0,0,0,0,0,0,0,0,0,0,0,0
effectively,161,66,7,27,10,8,4,3,12,14,3,2,4,0,0,1,0,0,0,0,0,0,0,0,0,0,0,0,0,0,0,0,0,0,0
out,160,41,1,25,9,10,8,29,13,4,1,5,12,1,0,0,1,0,0,0,0,0,0,0,0,0,0,0,0,0,0,0,0,0,0
faintly,159,23,87,11,9,4,9,9,3,1,2,0,1,0,0,0,0,0,0,0,0,0,0,0,0,0,0,0,0,0,0,0,0,0,0
comically,159,23,23,10,15,36,2,31,8,6,1,2,1,0,1,0,0,0,0,0,0,0,0,0,0,0,0,0,0,0,0,0,0,0,0
fiscally,159,50,5,15,9,9,21,2,27,6,1,6,6,0,2,0,0,0,0,0,0,0,0,0,0,0,0,0,0,0,0,0,0,0,0
permanently,158,106,12,10,2,7,2,2,2,9,2,1,2,0,1,0,0,0,0,0,0,0,0,0,0,0,0,0,0,0,0,0,0,0,0
mainly,157,70,2,23,15,9,10,4,9,7,1,2,3,2,0,0,0,0,0,0,0,0,0,0,0,0,0,0,0,0,0,0,0,0,0
arguably,157,55,20,24,28,4,1,4,7,8,3,0,1,1,1,0,0,0,0,0,0,0,0,0,0,0,0,0,0,0,0,0,0,0,0
breathtakingly,156,18,23,20,29,23,7,14,5,10,6,0,1,0,0,0,0,0,0,0,0,0,0,0,0,0,0,0,0,0,0,0,0,0,0
embarrassingly,156,23,16,12,20,30,7,28,6,7,4,0,1,0,2,0,0,0,0,0,0,0,0,0,0,0,0,0,0,0,0,0,0,0,0
frighteningly,154,19,32,12,16,21,8,26,10,4,2,1,0,1,2,0,0,0,0,0,0,0,0,0,0,0,0,0,0,0,0,0,0,0,0
uniformly,154,27,2,84,2,6,10,1,2,3,10,7,0,0,0,0,0,0,0,0,0,0,0,0,0,0,0,0,0,0,0,0,0,0,0
morbidly,153,79,28,10,6,5,4,4,2,3,0,3,7,1,1,0,0,0,0,0,0,0,0,0,0,0,0,0,0,0,0,0,0,0,0
biologically,151,54,22,25,13,10,3,2,5,10,1,0,6,0,0,0,0,0,0,0,0,0,0,0,0,0,0,0,0,0,0,0,0,0,0
theoretically,151,32,21,23,7,6,16,1,18,5,9,4,6,1,0,1,1,0,0,0,0,0,0,0,0,0,0,0,0,0,0,0,0,0,0
reportedly,150,2,5,28,47,1,1,1,20,37,0,4,1,3,0,0,0,0,0,0,0,0,0,0,0,0,0,0,0,0,0,0,0,0,0
laughably,149,28,9,13,32,27,3,20,6,5,4,1,0,0,0,1,0,0,0,0,0,0,0,0,0,0,0,0,0,0,0,0,0,0,0
extra,148,25,48,8,3,3,17,5,0,1,9,20,2,6,0,1,0,0,0,0,0,0,0,0,0,0,0,0,0,0,0,0,0,0,0
crystal,148,6,7,9,2,5,26,10,3,1,73,2,1,2,1,0,0,0,0,0,0,0,0,0,0,0,0,0,0,0,0,0,0,0,0
solely,147,81,12,12,3,13,5,2,1,4,5,2,6,0,1,0,0,0,0,0,0,0,0,0,0,0,0,0,0,0,0,0,0,0,0
quickly,144,46,7,24,12,15,10,5,6,5,9,2,2,0,1,0,0,0,0,0,0,0,0,0,0,0,0,0,0,0,0,0,0,0,0
unreasonably,144,97,4,3,3,8,8,11,3,2,0,0,4,0,1,0,0,0,0,0,0,0,0,0,0,0,0,0,0,0,0,0,0,0,0
automatically,144,27,7,32,2,2,8,1,0,4,26,21,10,3,1,0,0,0,0,0,0,0,0,0,0,0,0,0,0,0,0,0,0,0,0
formerly,143,92,4,8,13,2,0,1,3,15,1,1,3,0,0,0,0,0,0,0,0,0,0,0,0,0,0,0,0,0,0,0,0,0,0
halfway,143,35,82,1,4,1,1,5,1,0,3,1,6,1,0,2,0,0,0,0,0,0,0,0,0,0,0,0,0,0,0,0,0,0,0
internationally,141,109,1,2,9,3,0,1,4,10,0,0,2,0,0,0,0,0,0,0,0,0,0,0,0,0,0,0,0,0,0,0,0,0,0
properly,138,31,19,21,7,6,7,4,5,7,16,9,5,1,0,0,0,0,0,0,0,0,0,0,0,0,0,0,0,0,0,0,0,0,0
hauntingly,138,6,48,9,15,24,4,7,12,7,5,0,1,0,0,0,0,0,0,0,0,0,0,0,0,0,0,0,0,0,0,0,0,0,0
frequently,138,52,8,29,5,9,2,3,9,13,1,0,3,0,2,0,1,1,0,0,0,0,0,0,0,0,0,0,0,0,0,0,0,0,0
conspicuously,138,16,23,19,12,19,12,1,12,15,2,0,3,0,1,2,0,1,0,0,0,0,0,0,0,0,0,0,0,0,0,0,0,0,0
powerfully,135,16,59,16,8,10,5,6,13,1,0,0,1,0,0,0,0,0,0,0,0,0,0,0,0,0,0,0,0,0,0,0,0,0,0
ultra,134,38,24,13,12,0,15,3,9,2,12,3,2,1,0,0,0,0,0,0,0,0,0,0,0,0,0,0,0,0,0,0,0,0,0
sharply,134,16,2,21,12,38,8,7,11,17,0,0,0,0,2,0,0,0,0,0,0,0,0,0,0,0,0,0,0,0,0,0,0,0,0
impressively,133,18,23,21,19,3,13,3,18,6,6,0,2,0,0,0,1,0,0,0,0,0,0,0,0,0,0,0,0,0,0,0,0,0,0
annoyingly,133,42,10,5,8,7,19,27,7,2,4,1,0,0,1,0,0,0,0,0,0,0,0,0,0,0,0,0,0,0,0,0,0,0,0
achingly,132,8,30,15,12,23,2,18,17,2,5,0,0,0,0,0,0,0,0,0,0,0,0,0,0,0,0,0,0,0,0,0,0,0,0
glaringly,132,18,47,7,21,8,3,16,5,6,0,0,1,0,0,0,0,0,0,0,0,0,0,0,0,0,0,0,0,0,0,0,0,0,0
conveniently,131,15,3,60,7,4,4,1,15,9,9,2,0,0,1,1,0,0,0,0,0,0,0,0,0,0,0,0,0,0,0,0,0,0,0
curiously,131,11,49,15,10,14,8,7,10,3,1,2,0,1,0,0,0,0,0,0,0,0,0,0,0,0,0,0,0,0,0,0,0,0,0
admittedly,131,6,18,11,59,5,0,6,9,14,2,0,1,0,0,0,0,0,0,0,0,0,0,0,0,0,0,0,0,0,0,0,0,0,0
gloriously,131,10,39,33,13,8,3,4,6,2,7,3,2,1,0,0,0,0,0,0,0,0,0,0,0,0,0,0,0,0,0,0,0,0,0
least,131,31,0,3,2,59,10,6,3,9,3,0,2,0,3,0,0,0,0,0,0,0,0,0,0,0,0,0,0,0,0,0,0,0,0
nicely,131,31,20,49,4,2,3,0,7,1,14,0,0,0,0,0,0,0,0,0,0,0,0,0,0,0,0,0,0,0,0,0,0,0,0
excruciatingly,126,21,11,8,12,23,9,30,5,3,1,2,0,0,1,0,0,0,0,0,0,0,0,0,0,0,0,0,0,0,0,0,0,0,0
mighty,126,8,37,26,15,1,8,5,10,3,2,2,6,1,1,1,0,0,0,0,0,0,0,0,0,0,0,0,0,0,0,0,0,0,0
normally,125,54,19,12,5,3,1,0,3,10,8,3,5,1,1,0,0,0,0,0,0,0,0,0,0,0,0,0,0,0,0,0,0,0,0
endlessly,125,21,42,23,2,2,10,4,10,4,4,3,0,0,0,0,0,0,0,0,0,0,0,0,0,0,0,0,0,0,0,0,0,0,0
wickedly,125,16,22,3,9,36,6,15,10,5,2,0,0,0,1,0,0,0,0,0,0,0,0,0,0,0,0,0,0,0,0,0,0,0,0
indirectly,124,92,6,6,6,2,3,1,1,3,0,0,3,0,0,1,0,0,0,0,0,0,0,0,0,0,0,0,0,0,0,0,0,0,0
indescribably,123,2,104,5,1,3,1,3,4,0,0,0,0,0,0,0,0,0,0,0,0,0,0,0,0,0,0,0,0,0,0,0,0,0,0
rarely,123,56,21,9,6,3,3,10,5,6,2,0,1,0,1,0,0,0,0,0,0,0,0,0,0,0,0,0,0,0,0,0,0,0,0
irresistibly,122,14,64,10,1,6,7,7,5,2,4,1,1,0,0,0,0,0,0,0,0,0,0,0,0,0,0,0,0,0,0,0,0,0,0
further,122,42,6,12,22,9,2,10,6,11,1,0,1,0,0,0,0,0,0,0,0,0,0,0,0,0,0,0,0,0,0,0,0,0,0
manifestly,122,70,12,8,4,2,3,4,4,3,1,1,9,0,0,1,0,0,0,0,0,0,0,0,0,0,0,0,0,0,0,0,0,0,0
peculiarly,121,10,93,4,3,1,4,3,1,2,0,0,0,0,0,0,0,0,0,0,0,0,0,0,0,0,0,0,0,0,0,0,0,0,0
deathly,120,38,5,18,3,7,13,4,2,6,7,9,8,0,0,0,0,0,0,0,0,0,0,0,0,0,0,0,0,0,0,0,0,0,0
thats,120,4,76,10,0,0,0,2,1,1,11,2,12,1,0,0,0,0,0,0,0,0,0,0,0,0,0,0,0,0,0,0,0,0,0
maddeningly,120,17,14,10,7,22,5,31,11,1,1,0,0,0,1,0,0,0,0,0,0,0,0,0,0,0,0,0,0,0,0,0,0,0,0
materially,119,74,11,7,10,5,1,1,4,0,1,1,4,0,0,0,0,0,0,0,0,0,0,0,0,0,0,0,0,0,0,0,0,0,0
academically,119,35,1,10,12,9,10,2,27,6,0,4,2,0,1,0,0,0,0,0,0,0,0,0,0,0,0,0,0,0,0,0,0,0,0
rightly,119,3,1,31,6,7,6,0,4,37,0,21,3,0,0,0,0,0,0,0,0,0,0,0,0,0,0,0,0,0,0,0,0,0,0
exquisitely,119,8,34,18,11,14,10,6,12,2,3,1,0,0,0,0,0,0,0,0,0,0,0,0,0,0,0,0,0,0,0,0,0,0,0
aggressively,118,46,13,7,5,15,6,9,8,2,1,0,5,0,1,0,0,0,0,0,0,0,0,0,0,0,0,0,0,0,0,0,0,0,0
geographically,118,51,6,13,8,9,8,5,6,6,2,0,2,0,1,1,0,0,0,0,0,0,0,0,0,0,0,0,0,0,0,0,0,0,0
chemically,116,53,12,14,12,8,1,1,3,7,0,1,3,0,1,0,0,0,0,0,0,0,0,0,0,0,0,0,0,0,0,0,0,0,0
grammatically,116,42,11,18,2,8,7,5,11,1,10,0,0,0,1,0,0,0,0,0,0,0,0,0,0,0,0,0,0,0,0,0,0,0,0
depressingly,116,13,12,34,7,18,8,7,5,3,9,0,0,0,0,0,0,0,0,0,0,0,0,0,0,0,0,0,0,0,0,0,0,0,0
fabulously,115,18,18,29,13,2,8,0,12,4,7,1,2,0,1,0,0,0,0,0,0,0,0,0,0,0,0,0,0,0,0,0,0,0,0
professionally,115,35,8,26,4,7,6,3,15,4,2,1,4,0,0,0,0,0,0,0,0,0,0,0,0,0,0,0,0,0,0,0,0,0,0
happily,114,31,4,19,8,8,13,3,13,3,1,7,2,2,0,0,0,0,0,0,0,0,0,0,0,0,0,0,0,0,0,0,0,0,0
soooo,114,8,8,34,7,0,14,3,10,1,20,8,1,0,0,0,0,0,0,0,0,0,0,0,0,0,0,0,0,0,0,0,0,0,0
round,113,5,0,108,0,0,0,0,0,0,0,0,0,0,0,0,0,0,0,0,0,0,0,0,0,0,0,0,0,0,0,0,0,0,0
internally,113,38,14,6,6,16,10,5,8,3,3,2,1,1,0,0,0,0,0,0,0,0,0,0,0,0,0,0,0,0,0,0,0,0,0
logically,113,45,11,13,10,11,6,1,8,2,2,1,2,0,1,0,0,0,0,0,0,0,0,0,0,0,0,0,0,0,0,0,0,0,0
stupidly,112,39,22,14,4,5,9,5,5,2,5,0,1,0,1,0,0,0,0,0,0,0,0,0,0,0,0,0,0,0,0,0,0,0,0
verbally,111,55,2,3,4,21,5,7,5,1,0,2,6,0,0,0,0,0,0,0,0,0,0,0,0,0,0,0,0,0,0,0,0,0,0
hopefully,111,41,31,11,15,1,2,1,0,2,2,2,2,0,1,0,0,0,0,0,0,0,0,0,0,0,0,0,0,0,0,0,0,0,0
cautiously,111,17,3,8,24,0,27,1,6,14,0,7,0,3,1,0,0,0,0,0,0,0,0,0,0,0,0,0,0,0,0,0,0,0,0
ideologically,111,61,4,6,5,7,7,2,6,5,0,0,7,0,1,0,0,0,0,0,0,0,0,0,0,0,0,0,0,0,0,0,0,0,0
devastatingly,109,15,20,8,13,20,5,9,9,2,4,0,1,0,1,1,1,0,0,0,0,0,0,0,0,0,0,0,0,0,0,0,0,0,0
charmingly,109,15,41,8,5,11,9,7,5,3,1,1,1,0,2,0,0,0,0,0,0,0,0,0,0,0,0,0,0,0,0,0,0,0,0
somewhere,109,57,5,7,0,4,17,3,1,1,1,8,5,0,0,0,0,0,0,0,0,0,0,0,0,0,0,0,0,0,0,0,0,0,0
qualitatively,108,18,78,2,1,5,2,0,1,0,1,0,0,0,0,0,0,0,0,0,0,0,0,0,0,0,0,0,0,0,0,0,0,0,0
unspeakably,108,12,58,12,6,8,0,4,1,2,4,0,1,0,0,0,0,0,0,0,0,0,0,0,0,0,0,0,0,0,0,0,0,0,0
therefore,108,18,8,22,6,8,4,2,9,13,11,4,1,2,0,0,0,0,0,0,0,0,0,0,0,0,0,0,0,0,0,0,0,0,0
sincerely,107,22,6,17,10,4,6,2,11,12,0,9,8,0,0,0,0,0,0,0,0,0,0,0,0,0,0,0,0,0,0,0,0,0,0
independently,106,50,3,15,4,2,1,1,15,3,0,1,5,0,5,1,0,0,0,0,0,0,0,0,0,0,0,0,0,0,0,0,0,0,0
back,106,15,4,27,8,1,6,1,9,1,7,20,0,7,0,0,0,0,0,0,0,0,0,0,0,0,0,0,0,0,0,0,0,0,0
mysteriously,106,13,48,8,2,5,16,6,5,1,1,1,0,0,0,0,0,0,0,0,0,0,0,0,0,0,0,0,0,0,0,0,0,0,0
strategically,106,44,13,4,6,9,11,2,10,3,2,0,2,0,0,0,0,0,0,0,0,0,0,0,0,0,0,0,0,0,0,0,0,0,0
creatively,105,24,33,5,2,3,13,7,8,3,1,2,0,0,2,2,0,0,0,0,0,0,0,0,0,0,0,0,0,0,0,0,0,0,0
officially,104,19,5,41,4,2,0,0,12,7,4,4,2,1,2,1,0,0,0,0,0,0,0,0,0,0,0,0,0,0,0,0,0,0,0
magically,104,15,37,12,2,4,7,1,3,2,15,2,2,1,1,0,0,0,0,0,0,0,0,0,0,0,0,0,0,0,0,0,0,0,0
allegedly,103,30,6,13,22,2,0,0,5,10,2,2,8,2,0,1,0,0,0,0,0,0,0,0,0,0,0,0,0,0,0,0,0,0,0
tangentially,102,30,27,6,7,11,2,4,1,4,7,1,1,1,0,0,0,0,0,0,0,0,0,0,0,0,0,0,0,0,0,0,0,0,0
above,100,48,2,23,1,0,6,1,5,0,7,5,1,1,0,0,0,0,0,0,0,0,0,0,0,0,0,0,0,0,0,0,0,0,0
richly,99,12,14,29,5,15,7,1,9,1,4,0,0,0,2,0,0,0,0,0,0,0,0,0,0,0,0,0,0,0,0,0,0,0,0
sweetly,99,18,41,5,5,4,10,10,3,0,2,0,0,0,0,0,1,0,0,0,0,0,0,0,0,0,0,0,0,0,0,0,0,0,0
outwardly,99,34,15,5,9,16,2,2,2,4,3,2,4,0,1,0,0,0,0,0,0,0,0,0,0,0,0,0,0,0,0,0,0,0,0
consciously,99,34,6,11,3,16,12,4,6,4,0,3,0,0,0,0,0,0,0,0,0,0,0,0,0,0,0,0,0,0,0,0,0,0,0
classically,98,25,30,8,5,5,8,1,9,3,1,0,1,0,1,1,0,0,0,0,0,0,0,0,0,0,0,0,0,0,0,0,0,0,0
reliably,97,20,10,16,1,4,22,0,9,7,3,1,3,1,0,0,0,0,0,0,0,0,0,0,0,0,0,0,0,0,0,0,0,0,0
ecologically,95,49,5,13,1,7,3,0,13,2,2,0,0,0,0,0,0,0,0,0,0,0,0,0,0,0,0,0,0,0,0,0,0,0,0
ethnically,95,55,2,8,4,11,4,0,4,3,1,1,1,0,0,1,0,0,0,0,0,0,0,0,0,0,0,0,0,0,0,0,0,0,0
singularly,93,14,50,15,3,5,2,0,2,1,0,0,1,0,0,0,0,0,0,0,0,0,0,0,0,0,0,0,0,0,0,0,0,0,0
purposefully,92,41,8,4,6,21,0,7,2,1,2,0,0,0,0,0,0,0,0,0,0,0,0,0,0,0,0,0,0,0,0,0,0,0,0
suspiciously,92,24,17,12,9,8,2,3,2,4,7,2,2,0,0,0,0,0,0,0,0,0,0,0,0,0,0,0,0,0,0,0,0,0,0
perpetually,92,30,9,8,5,3,10,1,4,2,4,10,5,1,0,0,0,0,0,0,0,0,0,0,0,0,0,0,0,0,0,0,0,0,0
terrifyingly,92,11,24,10,7,5,3,9,11,3,4,0,3,0,2,0,0,0,0,0,0,0,0,0,0,0,0,0,0,0,0,0,0,0,0
unquestionably,92,4,25,13,15,2,5,2,4,12,5,1,3,1,0,0,0,0,0,0,0,0,0,0,0,0,0,0,0,0,0,0,0,0,0
originally,92,11,10,19,17,1,2,1,11,11,3,5,1,0,0,0,0,0,0,0,0,0,0,0,0,0,0,0,0,0,0,0,0,0,0
neither,91,10,2,4,13,29,1,7,3,20,0,0,2,0,0,0,0,0,0,0,0,0,0,0,0,0,0,0,0,0,0,0,0,0,0
unpleasantly,91,15,6,4,6,17,3,35,2,2,0,1,0,0,0,0,0,0,0,0,0,0,0,0,0,0,0,0,0,0,0,0,0,0,0
sooo,91,8,6,23,2,2,8,6,9,1,12,12,2,0,0,0,0,0,0,0,0,0,0,0,0,0,0,0,0,0,0,0,0,0,0
doubly,91,24,14,30,1,8,6,0,1,1,5,0,0,0,1,0,0,0,0,0,0,0,0,0,0,0,0,0,0,0,0,0,0,0,0
perversely,90,12,55,3,1,4,3,7,2,3,0,0,0,0,0,0,0,0,0,0,0,0,0,0,0,0,0,0,0,0,0,0,0,0,0
justifiably,90,12,5,21,10,4,2,4,1,22,0,7,1,1,0,0,0,0,0,0,0,0,0,0,0,0,0,0,0,0,0,0,0,0,0
confusingly,90,69,1,3,3,7,0,4,0,0,2,0,0,0,1,0,0,0,0,0,0,0,0,0,0,0,0,0,0,0,0,0,0,0,0
blindingly,89,16,21,12,9,3,4,9,5,3,5,0,1,0,1,0,0,0,0,0,0,0,0,0,0,0,0,0,0,0,0,0,0,0,0
ostensibly,89,25,23,18,3,4,1,1,5,3,2,2,2,0,0,0,0,0,0,0,0,0,0,0,0,0,0,0,0,0,0,0,0,0,0
relentlessly,89,11,14,10,2,15,13,2,11,1,4,1,2,3,0,0,0,0,0,0,0,0,0,0,0,0,0,0,0,0,0,0,0,0,0
distinctively,88,13,51,9,3,2,3,0,6,1,0,0,0,0,0,0,0,0,0,0,0,0,0,0,0,0,0,0,0,0,0,0,0,0,0
starkly,88,5,20,15,5,22,2,8,4,2,4,1,0,0,0,0,0,0,0,0,0,0,0,0,0,0,0,0,0,0,0,0,0,0,0
conceptually,88,29,16,7,5,7,3,2,16,3,0,0,0,0,0,0,0,0,0,0,0,0,0,0,0,0,0,0,0,0,0,0,0,0,0
mechanically,88,15,20,9,3,3,10,1,8,1,12,1,5,0,0,0,0,0,0,0,0,0,0,0,0,0,0,0,0,0,0,0,0,0,0
mathematically,88,20,11,16,8,4,7,2,14,1,1,1,2,0,0,0,1,0,0,0,0,0,0,0,0,0,0,0,0,0,0,0,0,0,0
violently,87,21,5,6,3,26,3,14,3,2,1,0,2,0,0,1,0,0,0,0,0,0,0,0,0,0,0,0,0,0,0,0,0,0,0
up,87,8,2,9,7,6,19,2,6,2,7,7,6,3,0,3,0,0,0,0,0,0,0,0,0,0,0,0,0,0,0,0,0,0,0
someplace,85,73,3,3,0,2,1,0,0,0,0,0,2,0,0,1,0,0,0,0,0,0,0,0,0,0,0,0,0,0,0,0,0,0,0
scarcely,84,23,9,1,11,17,1,9,1,12,0,0,0,0,0,0,0,0,0,0,0,0,0,0,0,0,0,0,0,0,0,0,0,0,0
on,84,75,0,0,1,0,5,1,0,1,1,0,0,0,0,0,0,0,0,0,0,0,0,0,0,0,0,0,0,0,0,0,0,0,0
semi,84,43,20,5,5,1,2,2,2,1,1,0,2,0,0,0,0,0,0,0,0,0,0,0,0,0,0,0,0,0,0,0,0,0,0
unabashedly,84,12,16,5,7,2,10,7,12,9,1,0,2,0,1,0,0,0,0,0,0,0,0,0,0,0,0,0,0,0,0,0,0,0,0
alarmingly,84,13,16,9,12,8,2,13,6,3,1,1,0,0,0,0,0,0,0,0,0,0,0,0,0,0,0,0,0,0,0,0,0,0,0
comfortably,84,19,15,17,2,2,8,1,15,2,0,0,0,0,2,0,1,0,0,0,0,0,0,0,0,0,0,0,0,0,0,0,0,0,0
purposely,83,39,3,2,12,18,2,2,0,3,1,0,1,0,0,0,0,0,0,0,0,0,0,0,0,0,0,0,0,0,0,0,0,0,0
effortlessly,83,12,22,13,1,2,15,1,9,2,4,2,0,0,0,0,0,0,0,0,0,0,0,0,0,0,0,0,0,0,0,0,0,0,0
bizarrely,83,8,27,8,6,10,5,13,1,2,0,0,1,1,1,0,0,0,0,0,0,0,0,0,0,0,0,0,0,0,0,0,0,0,0
gently,83,32,12,7,3,10,3,9,6,0,1,0,0,0,0,0,0,0,0,0,0,0,0,0,0,0,0,0,0,0,0,0,0,0,0
presumably,83,12,15,17,4,0,1,1,9,7,4,7,6,0,0,0,0,0,0,0,0,0,0,0,0,0,0,0,0,0,0,0,0,0,0
scantily,83,27,0,10,4,24,5,5,1,5,0,2,0,0,0,0,0,0,0,0,0,0,0,0,0,0,0,0,0,0,0,0,0,0,0
predictably,82,18,5,14,12,7,10,0,6,7,2,1,0,0,0,0,0,0,0,0,0,0,0,0,0,0,0,0,0,0,0,0,0,0,0
authentically,82,16,30,16,2,4,1,2,3,0,3,1,4,0,0,0,0,0,0,0,0,0,0,0,0,0,0,0,0,0,0,0,0,0,0
unimaginably,81,6,48,5,3,3,4,5,1,1,4,0,1,0,0,0,0,0,0,0,0,0,0,0,0,0,0,0,0,0,0,0,0,0,0
eventually,81,24,2,15,2,4,6,1,8,5,7,5,2,0,0,0,0,0,0,0,0,0,0,0,0,0,0,0,0,0,0,0,0,0,0
hysterically,81,11,7,6,5,25,2,7,14,3,0,1,0,0,0,0,0,0,0,0,0,0,0,0,0,0,0,0,0,0,0,0,0,0,0
solidly,81,18,9,22,6,0,9,0,9,5,1,0,1,0,1,0,0,0,0,0,0,0,0,0,0,0,0,0,0,0,0,0,0,0,0
counter,81,15,11,1,9,13,7,13,1,7,4,0,0,0,0,0,0,0,0,0,0,0,0,0,0,0,0,0,0,0,0,0,0,0,0
monumentally,81,14,51,1,2,5,4,1,1,0,0,0,2,0,0,0,0,0,0,0,0,0,0,0,0,0,0,0,0,0,0,0,0,0,0
preferably,79,53,17,2,1,0,0,1,0,0,0,0,4,0,0,1,0,0,0,0,0,0,0,0,0,0,0,0,0,0,0,0,0,0,0
graphically,79,27,15,5,5,7,4,4,6,4,2,0,0,0,0,0,0,0,0,0,0,0,0,0,0,0,0,0,0,0,0,0,0,0,0
awesomely,78,18,25,10,10,3,2,3,4,0,1,0,1,0,1,0,0,0,0,0,0,0,0,0,0,0,0,0,0,0,0,0,0,0,0
globally,78,13,28,12,3,0,6,0,9,5,1,1,0,0,0,0,0,0,0,0,0,0,0,0,0,0,0,0,0,0,0,0,0,0,0
harshly,78,7,2,3,9,25,3,10,6,11,0,0,1,0,1,0,0,0,0,0,0,0,0,0,0,0,0,0,0,0,0,0,0,0,0
viscerally,77,8,47,2,0,7,1,1,8,1,1,0,0,1,0,0,0,0,0,0,0,0,0,0,0,0,0,0,0,0,0,0,0,0,0
hideously,77,17,19,12,5,4,6,2,4,3,2,0,2,0,1,0,0,0,0,0,0,0,0,0,0,0,0,0,0,0,0,0,0,0,0
fatally,77,33,11,6,2,6,1,8,6,2,1,0,1,0,0,0,0,0,0,0,0,0,0,0,0,0,0,0,0,0,0,0,0,0,0
unfortunately,76,13,7,8,8,8,2,7,4,17,1,0,0,0,1,0,0,0,0,0,0,0,0,0,0,0,0,0,0,0,0,0,0,0,0
spotlessly,76,1,0,14,0,0,15,0,3,0,43,0,0,0,0,0,0,0,0,0,0,0,0,0,0,0,0,0,0,0,0,0,0,0,0
commonly,76,25,5,14,9,8,0,1,4,7,2,0,1,0,0,0,0,0,0,0,0,0,0,0,0,0,0,0,0,0,0,0,0,0,0
honestly,76,28,5,9,11,4,3,5,5,1,2,0,2,1,0,0,0,0,0,0,0,0,0,0,0,0,0,0,0,0,0,0,0,0,0
inevitably,75,15,13,11,15,3,9,0,2,2,2,2,0,0,1,0,0,0,0,0,0,0,0,0,0,0,0,0,0,0,0,0,0,0,0
deadly,75,12,13,8,10,5,2,6,3,2,8,5,1,0,0,0,0,0,0,0,0,0,0,0,0,0,0,0,0,0,0,0,0,0,0
pleasingly,75,10,29,6,6,4,6,1,6,6,1,0,0,0,0,0,0,0,0,0,0,0,0,0,0,0,0,0,0,0,0,0,0,0,0
elegantly,75,21,20,4,0,4,4,6,12,3,0,0,0,0,1,0,0,0,0,0,0,0,0,0,0,0,0,0,0,0,0,0,0,0,0
logistically,75,41,5,2,0,11,2,9,3,2,0,0,0,0,0,0,0,0,0,0,0,0,0,0,0,0,0,0,0,0,0,0,0,0,0
heartbreakingly,74,6,18,7,10,8,4,12,7,0,2,0,0,0,0,0,0,0,0,0,0,0,0,0,0,0,0,0,0,0,0,0,0,0,0
nominally,74,26,2,8,4,5,5,1,2,16,1,2,1,0,1,0,0,0,0,0,0,0,0,0,0,0,0,0,0,0,0,0,0,0,0
first,73,17,6,10,7,9,6,3,0,6,2,4,1,1,1,0,0,0,0,0,0,0,0,0,0,0,0,0,0,0,0,0,0,0,0
evidently,73,10,13,10,14,1,2,0,5,9,1,0,7,1,0,0,0,0,0,0,0,0,0,0,0,0,0,0,0,0,0,0,0,0,0
astoundingly,73,8,17,6,12,12,2,1,8,3,1,1,0,1,1,0,0,0,0,0,0,0,0,0,0,0,0,0,0,0,0,0,0,0,0
poorly,73,36,0,2,1,20,2,1,1,8,0,0,0,0,2,0,0,0,0,0,0,0,0,0,0,0,0,0,0,0,0,0,0,0,0
intuitively,73,12,19,10,4,4,7,1,8,3,2,0,1,2,0,0,0,0,0,0,0,0,0,0,0,0,0,0,0,0,0,0,0,0,0
soon,73,36,3,15,2,1,0,0,9,2,0,3,1,0,0,0,1,0,0,0,0,0,0,0,0,0,0,0,0,0,0,0,0,0,0
horrifically,73,20,18,5,10,8,1,3,2,1,3,1,1,0,0,0,0,0,0,0,0,0,0,0,0,0,0,0,0,0,0,0,0,0,0
abundantly,73,8,13,13,3,3,11,3,7,5,4,3,0,0,0,0,0,0,0,0,0,0,0,0,0,0,0,0,0,0,0,0,0,0,0
superficially,72,15,10,8,10,12,3,3,3,4,1,2,1,0,0,0,0,0,0,0,0,0,0,0,0,0,0,0,0,0,0,0,0,0,0
inversely,72,10,0,4,0,38,12,3,5,0,0,0,0,0,0,0,0,0,0,0,0,0,0,0,0,0,0,0,0,0,0,0,0,0,0
majorly,72,8,46,4,4,0,0,1,4,3,0,1,1,0,0,0,0,0,0,0,0,0,0,0,0,0,0,0,0,0,0,0,0,0,0
stylistically,71,13,13,13,4,9,8,1,4,4,2,0,0,0,0,0,0,0,0,0,0,0,0,0,0,0,0,0,0,0,0,0,0,0,0
hyper,71,15,5,14,3,4,14,5,4,1,2,1,2,1,0,0,0,0,0,0,0,0,0,0,0,0,0,0,0,0,0,0,0,0,0
casually,71,40,9,4,2,5,4,1,1,0,3,1,1,0,0,0,0,0,0,0,0,0,0,0,0,0,0,0,0,0,0,0,0,0,0
disappointingly,71,11,6,11,4,17,7,4,3,4,4,0,0,0,0,0,0,0,0,0,0,0,0,0,0,0,0,0,0,0,0,0,0,0,0
rightfully,70,3,3,10,5,2,0,0,2,30,1,12,1,1,0,0,0,0,0,0,0,0,0,0,0,0,0,0,0,0,0,0,0,0,0
reassuringly,70,5,39,11,5,4,3,0,2,0,1,0,0,0,0,0,0,0,0,0,0,0,0,0,0,0,0,0,0,0,0,0,0,0,0
unequivocally,69,4,23,14,4,1,3,2,2,10,3,1,2,0,0,0,0,0,0,0,0,0,0,0,0,0,0,0,0,0,0,0,0,0,0
goddamn,69,5,11,19,5,1,3,3,1,2,7,5,2,5,0,0,0,0,0,0,0,0,0,0,0,0,0,0,0,0,0,0,0,0,0
unfairly,68,50,1,2,1,6,2,4,1,0,0,0,1,0,0,0,0,0,0,0,0,0,0,0,0,0,0,0,0,0,0,0,0,0,0
categorically,68,11,24,11,5,0,1,0,7,2,3,1,3,0,0,0,0,0,0,0,0,0,0,0,0,0,0,0,0,0,0,0,0,0,0
staggeringly,68,9,13,9,5,14,5,5,2,3,0,0,3,0,0,0,0,0,0,0,0,0,0,0,0,0,0,0,0,0,0,0,0,0,0
enough,68,17,1,8,3,23,4,2,2,3,1,1,2,0,0,1,0,0,0,0,0,0,0,0,0,0,0,0,0,0,0,0,0,0,0
endearingly,68,8,31,2,6,6,2,5,7,0,1,0,0,0,0,0,0,0,0,0,0,0,0,0,0,0,0,0,0,0,0,0,0,0,0
theologically,68,30,5,3,4,5,5,1,7,4,3,1,0,0,0,0,0,0,0,0,0,0,0,0,0,0,0,0,0,0,0,0,0,0,0
collectively,68,9,2,49,1,0,1,0,1,1,0,2,0,2,0,0,0,0,0,0,0,0,0,0,0,0,0,0,0,0,0,0,0,0,0
warmly,67,3,13,16,3,1,12,3,4,0,0,11,0,0,1,0,0,0,0,0,0,0,0,0,0,0,0,0,0,0,0,0,0,0,0
pathetically,67,21,6,7,5,4,9,3,6,4,1,1,0,0,0,0,0,0,0,0,0,0,0,0,0,0,0,0,0,0,0,0,0,0,0
dang,66,12,4,25,8,0,1,5,3,0,3,2,1,1,0,0,0,1,0,0,0,0,0,0,0,0,0,0,0,0,0,0,0,0,0
artificially,66,29,8,3,3,4,5,6,0,4,4,0,0,0,0,0,0,0,0,0,0,0,0,0,0,0,0,0,0,0,0,0,0,0,0
conventionally,66,30,10,7,2,2,3,3,3,0,0,4,2,0,0,0,0,0,0,0,0,0,0,0,0,0,0,0,0,0,0,0,0,0,0
sublimely,66,15,16,4,4,5,2,7,4,0,4,0,1,0,4,0,0,0,0,0,0,0,0,0,0,0,0,0,0,0,0,0,0,0,0
sorta,65,16,18,15,3,0,5,2,3,0,2,0,0,1,0,0,0,0,0,0,0,0,0,0,0,0,0,0,0,0,0,0,0,0,0
thematically,65,25,18,10,3,3,0,2,4,0,0,0,0,0,0,0,0,0,0,0,0,0,0,0,0,0,0,0,0,0,0,0,0,0,0
unfailingly,65,6,2,14,2,2,23,0,4,0,0,11,0,1,0,0,0,0,0,0,0,0,0,0,0,0,0,0,0,0,0,0,0,0,0
likewise,65,21,3,8,9,2,1,2,1,10,5,2,1,0,0,0,0,0,0,0,0,0,0,0,0,0,0,0,0,0,0,0,0,0,0
egregiously,65,18,21,2,3,8,0,2,0,5,3,0,2,0,1,0,0,0,0,0,0,0,0,0,0,0,0,0,0,0,0,0,0,0,0
crucially,64,5,25,14,1,2,6,0,8,2,1,0,0,0,0,0,0,0,0,0,0,0,0,0,0,0,0,0,0,0,0,0,0,0,0
passionately,63,13,5,9,4,6,11,3,4,6,0,0,2,0,0,0,0,0,0,0,0,0,0,0,0,0,0,0,0,0,0,0,0,0,0
uncommonly,63,10,34,3,2,2,3,2,1,3,2,0,0,1,0,0,0,0,0,0,0,0,0,0,0,0,0,0,0,0,0,0,0,0,0
recognizably,63,5,28,11,3,1,5,0,3,2,0,1,3,0,0,1,0,0,0,0,0,0,0,0,0,0,0,0,0,0,0,0,0,0,0
inordinately,63,21,6,2,4,4,9,3,6,3,1,1,3,0,0,0,0,0,0,0,0,0,0,0,0,0,0,0,0,0,0,0,0,0,0
nutritionally,63,23,5,14,4,5,1,1,4,4,0,0,1,1,0,0,0,0,0,0,0,0,0,0,0,0,0,0,0,0,0,0,0,0,0
thus,62,8,5,17,2,2,1,1,4,12,4,3,0,0,1,1,0,1,0,0,0,0,0,0,0,0,0,0,0,0,0,0,0,0,0
philosophically,61,26,13,3,2,1,5,1,7,2,0,0,1,0,0,0,0,0,0,0,0,0,0,0,0,0,0,0,0,0,0,0,0,0,0
frightfully,61,5,11,20,3,4,6,4,1,0,3,1,1,1,0,1,0,0,0,0,0,0,0,0,0,0,0,0,0,0,0,0,0,0,0
proudly,61,5,5,17,5,6,13,0,2,5,1,1,0,1,0,0,0,0,0,0,0,0,0,0,0,0,0,0,0,0,0,0,0,0,0
straight,61,28,12,5,9,0,0,3,0,0,3,0,0,1,0,0,0,0,0,0,0,0,0,0,0,0,0,0,0,0,0,0,0,0,0
architecturally,61,23,13,3,1,5,1,1,4,8,2,0,0,0,0,0,0,0,0,0,0,0,0,0,0,0,0,0,0,0,0,0,0,0,0
anatomically,61,12,11,11,6,6,2,3,3,5,1,1,0,0,0,0,0,0,0,0,0,0,0,0,0,0,0,0,0,0,0,0,0,0,0
approximately,61,32,7,8,0,4,4,2,2,0,0,0,0,0,1,1,0,0,0,0,0,0,0,0,0,0,0,0,0,0,0,0,0,0,0
along,60,0,0,28,0,2,16,2,0,1,0,4,0,6,0,1,0,0,0,0,0,0,0,0,0,0,0,0,0,0,0,0,0,0,0
down,60,19,10,7,6,0,3,5,4,0,1,2,2,0,0,0,1,0,0,0,0,0,0,0,0,0,0,0,0,0,0,0,0,0,0
amusingly,60,7,12,4,12,12,1,7,4,1,0,0,0,0,0,0,0,0,0,0,0,0,0,0,0,0,0,0,0,0,0,0,0,0,0
obscenely,59,13,19,5,4,0,4,2,1,2,5,2,1,1,0,0,0,0,0,0,0,0,0,0,0,0,0,0,0,0,0,0,0,0,0
flatly,59,19,6,3,12,3,1,7,0,5,1,0,1,0,1,0,0,0,0,0,0,0,0,0,0,0,0,0,0,0,0,0,0,0,0
interestingly,59,8,16,3,5,14,2,6,1,1,2,0,0,0,0,1,0,0,0,0,0,0,0,0,0,0,0,0,0,0,0,0,0,0,0
modestly,59,19,7,8,6,3,4,2,5,2,1,2,0,0,0,0,0,0,0,0,0,0,0,0,0,0,0,0,0,0,0,0,0,0,0
mobile,59,20,4,20,1,0,1,1,2,2,8,0,0,0,0,0,0,0,0,0,0,0,0,0,0,0,0,0,0,0,0,0,0,0,0
perilously,58,10,15,1,5,9,4,6,5,2,1,0,0,0,0,0,0,0,0,0,0,0,0,0,0,0,0,0,0,0,0,0,0,0,0
disarmingly,58,4,11,3,3,11,5,13,4,1,0,1,0,0,2,0,0,0,0,0,0,0,0,0,0,0,0,0,0,0,0,0,0,0,0
mind-numbingly,58,13,15,6,4,7,1,4,5,0,2,0,1,0,0,0,0,0,0,0,0,0,0,0,0,0,0,0,0,0,0,0,0,0,0
seasonally,57,24,11,6,4,2,3,2,1,3,0,0,0,0,1,0,0,0,0,0,0,0,0,0,0,0,0,0,0,0,0,0,0,0,0
vividly,57,5,7,16,3,7,6,0,6,0,6,1,0,0,0,0,0,0,0,0,0,0,0,0,0,0,0,0,0,0,0,0,0,0,0
superbly,57,14,5,15,1,2,7,2,1,1,4,3,2,0,0,0,0,0,0,0,0,0,0,0,0,0,0,0,0,0,0,0,0,0,0
admirably,56,10,11,5,2,4,12,0,9,1,0,0,1,0,1,0,0,0,0,0,0,0,0,0,0,0,0,0,0,0,0,0,0,0,0
anyway,56,53,1,0,0,0,0,0,0,0,1,0,1,0,0,0,0,0,0,0,0,0,0,0,0,0,0,0,0,0,0,0,0,0,0
boldly,56,22,14,1,2,9,4,0,2,0,0,0,0,0,2,0,0,0,0,0,0,0,0,0,0,0,0,0,0,0,0,0,0,0,0
constitutionally,56,21,10,9,1,1,2,1,7,1,0,1,1,0,0,1,0,0,0,0,0,0,0,0,0,0,0,0,0,0,0,0,0,0,0
pathologically,56,17,12,5,2,4,0,2,1,2,1,3,6,0,0,0,0,1,0,0,0,0,0,0,0,0,0,0,0,0,0,0,0,0,0
soo,56,4,8,8,5,1,8,3,1,0,12,6,0,0,0,0,0,0,0,0,0,0,0,0,0,0,0,0,0,0,0,0,0,0,0
romantically,56,30,3,2,0,1,1,4,9,0,1,1,4,0,0,0,0,0,0,0,0,0,0,0,0,0,0,0,0,0,0,0,0,0,0
continuously,56,36,0,3,2,2,2,0,2,0,1,1,3,1,3,0,0,0,0,0,0,0,0,0,0,0,0,0,0,0,0,0,0,0,0
scarily,56,4,14,10,4,2,2,16,0,1,0,0,2,0,1,0,0,0,0,0,0,0,0,0,0,0,0,0,0,0,0,0,0,0,0
horrendously,56,13,15,2,6,5,1,7,3,2,1,0,1,0,0,0,0,0,0,0,0,0,0,0,0,0,0,0,0,0,0,0,0,0,0
grimly,55,10,15,4,8,4,1,8,2,1,0,2,0,0,0,0,0,0,0,0,0,0,0,0,0,0,0,0,0,0,0,0,0,0,0
offensively,55,19,11,2,3,6,2,1,8,0,0,1,2,0,0,0,0,0,0,0,0,0,0,0,0,0,0,0,0,0,0,0,0,0,0
presently,55,24,5,11,3,0,0,0,3,3,1,3,1,0,1,0,0,0,0,0,0,0,0,0,0,0,0,0,0,0,0,0,0,0,0
disgustingly,55,15,8,12,3,2,4,6,1,1,0,2,0,0,1,0,0,0,0,0,0,0,0,0,0,0,0,0,0,0,0,0,0,0,0
nonetheless,55,7,5,8,12,1,0,1,2,15,1,2,0,0,0,0,0,1,0,0,0,0,0,0,0,0,0,0,0,0,0,0,0,0,0
sickly,54,23,9,3,4,6,1,5,1,1,0,1,0,0,0,0,0,0,0,0,0,0,0,0,0,0,0,0,0,0,0,0,0,0,0
exponentially,54,6,15,5,3,7,9,3,1,0,3,0,2,0,0,0,0,0,0,0,0,0,0,0,0,0,0,0,0,0,0,0,0,0,0
borderline,54,14,6,1,17,2,6,4,1,2,0,1,0,0,0,0,0,0,0,0,0,0,0,0,0,0,0,0,0,0,0,0,0,0,0
irrationally,54,34,6,0,2,3,2,2,1,2,0,1,1,0,0,0,0,0,0,0,0,0,0,0,0,0,0,0,0,0,0,0,0,0,0
distantly,53,17,6,8,5,3,1,0,3,4,2,3,1,0,0,0,0,0,0,0,0,0,0,0,0,0,0,0,0,0,0,0,0,0,0
here,53,1,3,4,7,1,6,0,0,7,2,12,3,6,0,1,0,0,0,0,0,0,0,0,0,0,0,0,0,0,0,0,0,0,0
obnoxiously,53,21,4,7,2,5,4,3,1,2,0,0,2,0,1,1,0,0,0,0,0,0,0,0,0,0,0,0,0,0,0,0,0,0,0
later,53,26,1,6,7,2,1,0,3,4,0,3,0,0,0,0,0,0,0,0,0,0,0,0,0,0,0,0,0,0,0,0,0,0,0
loosely,53,10,17,8,4,10,0,2,1,1,0,0,0,0,0,0,0,0,0,0,0,0,0,0,0,0,0,0,0,0,0,0,0,0,0
computationally,52,19,2,3,2,21,0,1,3,0,1,0,0,0,0,0,0,0,0,0,0,0,0,0,0,0,0,0,0,0,0,0,0,0,0
precisely,52,19,4,7,1,3,8,0,2,3,5,0,0,0,0,0,0,0,0,0,0,0,0,0,0,0,0,0,0,0,0,0,0,0,0
dead,52,3,3,3,7,6,3,6,2,1,4,2,4,5,2,1,0,0,0,0,0,0,0,0,0,0,0,0,0,0,0,0,0,0,0
adorably,52,9,19,5,1,0,4,3,6,0,1,1,1,0,2,0,0,0,0,0,0,0,0,0,0,0,0,0,0,0,0,0,0,0,0
though,52,6,10,8,10,1,1,3,2,7,0,2,0,0,1,0,1,0,0,0,0,0,0,0,0,0,0,0,0,0,0,0,0,0,0
unrealistically,52,21,1,7,1,7,1,8,1,2,0,3,0,0,0,0,0,0,0,0,0,0,0,0,0,0,0,0,0,0,0,0,0,0,0
magnificently,51,24,10,5,6,0,1,1,3,0,0,0,1,0,0,0,0,0,0,0,0,0,0,0,0,0,0,0,0,0,0,0,0,0,0
linguistically,51,38,4,3,0,2,1,2,0,0,1,0,0,0,0,0,0,0,0,0,0,0,0,0,0,0,0,0,0,0,0,0,0,0,0
palpably,51,9,19,3,3,3,1,2,3,4,3,0,1,0,0,0,0,0,0,0,0,0,0,0,0,0,0,0,0,0,0,0,0,0,0
terrifically,51,2,12,12,0,7,6,1,4,3,2,1,1,0,0,0,0,0,0,0,0,0,0,0,0,0,0,0,0,0,0,0,0,0,0
phenomenally,51,8,7,8,1,1,3,4,10,3,1,1,2,0,2,0,0,0,0,0,0,0,0,0,0,0,0,0,0,0,0,0,0,0,0
unapologetically,51,8,9,3,0,7,7,1,9,2,1,0,4,0,0,0,0,0,0,0,0,0,0,0,0,0,0,0,0,0,0,0,0,0,0
freshly,50,16,8,6,3,0,6,2,1,1,5,2,0,0,0,0,0,0,0,0,0,0,0,0,0,0,0,0,0,0,0,0,0,0,0
knowingly,50,30,5,2,5,2,1,2,0,1,1,0,1,0,0,0,0,0,0,0,0,0,0,0,0,0,0,0,0,0,0,0,0,0,0
inappropriately,50,29,3,0,2,6,1,5,0,2,1,0,1,0,0,0,0,0,0,0,0,0,0,0,0,0,0,0,0,0,0,0,0,0,0
privately,50,8,1,4,15,4,2,1,2,12,0,0,0,1,0,0,0,0,0,0,0,0,0,0,0,0,0,0,0,0,0,0,0,0,0
satisfyingly,49,6,20,4,3,0,1,2,11,1,1,0,0,0,0,0,0,0,0,0,0,0,0,0,0,0,0,0,0,0,0,0,0,0,0
horrifyingly,49,4,23,6,3,2,2,2,3,0,2,1,1,0,0,0,0,0,0,0,0,0,0,0,0,0,0,0,0,0,0,0,0,0,0
carefully,49,11,0,18,0,0,6,0,2,2,10,0,0,0,0,0,0,0,0,0,0,0,0,0,0,0,0,0,0,0,0,0,0,0,0
dimly,49,10,4,2,5,9,8,3,2,3,1,2,0,0,0,0,0,0,0,0,0,0,0,0,0,0,0,0,0,0,0,0,0,0,0
ironically,49,16,15,2,6,3,1,1,2,1,0,0,2,0,0,0,0,0,0,0,0,0,0,0,0,0,0,0,0,0,0,0,0,0,0
sudden,49,3,1,44,0,1,0,0,0,0,0,0,0,0,0,0,0,0,0,0,0,0,0,0,0,0,0,0,0,0,0,0,0,0,0
deliriously,48,7,4,7,5,2,1,3,7,1,2,6,1,1,1,0,0,0,0,0,0,0,0,0,0,0,0,0,0,0,0,0,0,0,0
intricately,48,12,11,8,5,2,1,0,2,1,5,0,1,0,0,0,0,0,0,0,0,0,0,0,0,0,0,0,0,0,0,0,0,0,0
grotesquely,48,12,13,1,3,7,2,2,4,2,1,0,0,0,1,0,0,0,0,0,0,0,0,0,0,0,0,0,0,0,0,0,0,0,0
inescapably,48,1,30,1,3,1,2,1,2,2,3,2,0,0,0,0,0,0,0,0,0,0,0,0,0,0,0,0,0,0,0,0,0,0,0
unacceptably,48,23,3,2,2,7,2,2,3,2,0,0,2,0,0,0,0,0,0,0,0,0,0,0,0,0,0,0,0,0,0,0,0,0,0
overall,48,28,3,4,3,2,2,0,4,1,1,0,0,0,0,0,0,0,0,0,0,0,0,0,0,0,0,0,0,0,0,0,0,0,0
unnaturally,47,17,8,5,1,4,0,2,1,2,3,1,0,0,3,0,0,0,0,0,0,0,0,0,0,0,0,0,0,0,0,0,0,0,0
unmistakably,47,1,32,4,2,1,2,1,2,2,0,0,0,0,0,0,0,0,0,0,0,0,0,0,0,0,0,0,0,0,0,0,0,0,0
uncharacteristically,47,16,13,3,4,0,3,1,3,1,0,1,1,0,1,0,0,0,0,0,0,0,0,0,0,0,0,0,0,0,0,0,0,0,0
ludicrously,47,8,6,9,6,4,1,6,2,3,2,0,0,0,0,0,0,0,0,0,0,0,0,0,0,0,0,0,0,0,0,0,0,0,0
meticulously,47,7,1,13,3,3,6,0,4,0,7,1,1,0,1,0,0,0,0,0,0,0,0,0,0,0,0,0,0,0,0,0,0,0,0
tactically,47,21,5,1,1,5,2,2,6,1,1,2,0,0,0,0,0,0,0,0,0,0,0,0,0,0,0,0,0,0,0,0,0,0,0
famously,47,6,1,3,10,1,8,2,6,3,0,0,6,1,0,0,0,0,0,0,0,0,0,0,0,0,0,0,0,0,0,0,0,0,0
stubbornly,47,11,2,5,4,3,10,5,5,1,1,0,0,0,0,0,0,0,0,0,0,0,0,0,0,0,0,0,0,0,0,0,0,0,0
hella,47,8,9,8,0,1,4,1,4,1,4,5,1,1,0,0,0,0,0,0,0,0,0,0,0,0,0,0,0,0,0,0,0,0,0
sooooo,47,3,1,18,4,1,5,3,2,1,1,8,0,0,0,0,0,0,0,0,0,0,0,0,0,0,0,0,0,0,0,0,0,0,0
impeccably,47,1,1,9,0,2,23,1,2,1,5,1,1,0,0,0,0,0,0,0,0,0,0,0,0,0,0,0,0,0,0,0,0,0,0
freakishly,47,18,7,3,3,2,3,0,5,1,1,1,2,0,1,0,0,0,0,0,0,0,0,0,0,0,0,0,0,0,0,0,0,0,0
sonically,46,3,24,4,0,3,2,1,9,0,0,0,0,0,0,0,0,0,0,0,0,0,0,0,0,0,0,0,0,0,0,0,0,0,0
crazy,46,4,16,5,3,0,1,2,3,0,2,7,1,2,0,0,0,0,0,0,0,0,0,0,0,0,0,0,0,0,0,0,0,0,0
additionally,46,7,6,11,6,4,2,1,1,5,3,0,0,0,0,0,0,0,0,0,0,0,0,0,0,0,0,0,0,0,0,0,0,0,0
accidentally,46,18,4,3,5,3,0,5,1,2,1,1,2,0,1,0,0,0,0,0,0,0,0,0,0,0,0,0,0,0,0,0,0,0,0
miserably,46,12,4,7,3,8,2,0,3,2,0,2,1,2,0,0,0,0,0,0,0,0,0,0,0,0,0,0,0,0,0,0,0,0,0
falsely,45,28,2,4,1,2,0,6,0,1,0,0,1,0,0,0,0,0,0,0,0,0,0,0,0,0,0,0,0,0,0,0,0,0,0
tantalizingly,45,5,12,3,6,4,6,2,4,3,0,0,0,0,0,0,0,0,0,0,0,0,0,0,0,0,0,0,0,0,0,0,0,0,0
sickeningly,45,7,13,6,1,4,2,4,4,1,1,1,0,0,1,0,0,0,0,0,0,0,0,0,0,0,0,0,0,0,0,0,0,0,0
formally,45,19,1,4,1,0,8,2,8,0,1,0,1,0,0,0,0,0,0,0,0,0,0,0,0,0,0,0,0,0,0,0,0,0,0
below,45,24,1,2,4,2,6,0,1,1,3,1,0,0,0,0,0,0,0,0,0,0,0,0,0,0,0,0,0,0,0,0,0,0,0
regionally,45,26,2,0,6,5,0,0,1,5,0,0,0,0,0,0,0,0,0,0,0,0,0,0,0,0,0,0,0,0,0,0,0,0,0
online,45,18,4,5,3,2,2,1,0,0,3,3,3,1,0,0,0,0,0,0,0,0,0,0,0,0,0,0,0,0,0,0,0,0,0
higher,45,23,4,3,12,2,1,0,0,0,0,0,0,0,0,0,0,0,0,0,0,0,0,0,0,0,0,0,0,0,0,0,0,0,0
hitherto,45,4,15,1,13,0,0,0,1,9,2,0,0,0,0,0,0,0,0,0,0,0,0,0,0,0,0,0,0,0,0,0,0,0,0
invariably,44,10,5,10,3,1,5,1,4,1,1,1,1,0,0,1,0,0,0,0,0,0,0,0,0,0,0,0,0,0,0,0,0,0,0
cognitively,44,21,3,6,3,3,2,0,1,4,0,0,1,0,0,0,0,0,0,0,0,0,0,0,0,0,0,0,0,0,0,0,0,0,0
transparently,44,8,6,3,5,3,5,3,2,4,2,0,2,0,1,0,0,0,0,0,0,0,0,0,0,0,0,0,0,0,0,0,0,0,0
off,44,6,3,3,2,5,8,3,2,2,0,1,8,1,0,0,0,0,0,0,0,0,0,0,0,0,0,0,0,0,0,0,0,0,0
systemically,44,7,23,1,1,2,4,0,2,1,1,1,1,0,0,0,0,0,0,0,0,0,0,0,0,0,0,0,0,0,0,0,0,0,0
jaw-droppingly,44,3,9,4,12,6,0,4,1,4,1,0,0,0,0,0,0,0,0,0,0,0,0,0,0,0,0,0,0,0,0,0,0,0,0
devilishly,44,7,13,5,3,5,3,0,6,2,0,0,0,0,0,0,0,0,0,0,0,0,0,0,0,0,0,0,0,0,0,0,0,0,0
doubtless,44,1,2,7,20,0,0,1,2,10,0,0,0,1,0,0,0,0,0,0,0,0,0,0,0,0,0,0,0,0,0,0,0,0,0
specially,43,20,9,4,1,3,1,0,0,4,1,0,0,0,0,0,0,0,0,0,0,0,0,0,0,0,0,0,0,0,0,0,0,0,0
digitally,43,10,1,8,2,3,2,0,2,7,4,1,3,0,0,0,0,0,0,0,0,0,0,0,0,0,0,0,0,0,0,0,0,0,0
gorgeously,43,4,12,12,0,0,3,2,2,2,6,0,0,0,0,0,0,0,0,0,0,0,0,0,0,0,0,0,0,0,0,0,0,0,0
gratuitously,43,24,6,1,4,5,1,1,0,1,0,0,0,0,0,0,0,0,0,0,0,0,0,0,0,0,0,0,0,0,0,0,0,0,0
recklessly,43,32,3,0,1,2,1,0,1,2,0,0,0,0,1,0,0,0,0,0,0,0,0,0,0,0,0,0,0,0,0,0,0,0,0
incomparably,43,3,23,6,1,0,2,0,4,0,1,2,0,1,0,0,0,0,0,0,0,0,0,0,0,0,0,0,0,0,0,0,0,0,0
marvelously,43,0,10,10,7,2,2,1,3,2,2,2,2,0,0,0,0,0,0,0,0,0,0,0,0,0,0,0,0,0,0,0,0,0,0
touchingly,43,3,18,1,6,5,2,4,4,0,0,0,0,0,0,0,0,0,0,0,0,0,0,0,0,0,0,0,0,0,0,0,0,0,0
uber,42,7,13,1,0,1,4,2,4,2,5,3,0,0,0,0,0,0,0,0,0,0,0,0,0,0,0,0,0,0,0,0,0,0,0
monstrously,42,10,10,2,5,2,1,5,3,2,1,0,0,1,0,0,0,0,0,0,0,0,0,0,0,0,0,0,0,0,0,0,0,0,0
provably,42,6,3,12,4,1,3,3,1,7,2,0,0,0,0,0,0,0,0,0,0,0,0,0,0,0,0,0,0,0,0,0,0,0,0
immeasurably,42,5,14,11,0,2,3,1,4,0,1,1,0,0,0,0,0,0,0,0,0,0,0,0,0,0,0,0,0,0,0,0,0,0,0
chillingly,42,9,8,9,6,4,1,1,1,3,0,0,0,0,0,0,0,0,0,0,0,0,0,0,0,0,0,0,0,0,0,0,0,0,0
coldly,42,17,5,3,1,6,3,2,4,0,1,0,0,0,0,0,0,0,0,0,0,0,0,0,0,0,0,0,0,0,0,0,0,0,0
developmentally,42,18,6,7,1,6,0,0,3,0,0,0,1,0,0,0,0,0,0,0,0,0,0,0,0,0,0,0,0,0,0,0,0,0,0
fascinatingly,42,5,14,6,2,1,6,1,6,0,1,0,0,0,0,0,0,0,0,0,0,0,0,0,0,0,0,0,0,0,0,0,0,0,0
instead,42,30,4,1,3,0,0,1,0,2,0,1,0,0,0,0,0,0,0,0,0,0,0,0,0,0,0,0,0,0,0,0,0,0,0
vocally,41,11,1,5,2,6,6,0,5,4,0,1,0,0,0,0,0,0,0,0,0,0,0,0,0,0,0,0,0,0,0,0,0,0,0
militarily,41,16,3,7,1,6,1,0,6,1,0,0,0,0,0,0,0,0,0,0,0,0,0,0,0,0,0,0,0,0,0,0,0,0,0
indisputably,41,2,13,11,3,0,2,0,2,3,4,0,1,0,0,0,0,0,0,0,0,0,0,0,0,0,0,0,0,0,0,0,0,0,0
distressingly,41,4,8,4,2,13,2,3,4,0,0,1,0,0,0,0,0,0,0,0,0,0,0,0,0,0,0,0,0,0,0,0,0,0,0
scrupulously,41,0,1,8,1,3,14,0,3,0,10,1,0,0,0,0,0,0,0,0,0,0,0,0,0,0,0,0,0,0,0,0,0,0,0
safely,41,10,2,9,1,1,4,0,5,1,4,3,0,1,0,0,0,0,0,0,0,0,0,0,0,0,0,0,0,0,0,0,0,0,0
defensively,40,12,2,6,0,1,4,2,10,0,0,0,3,0,0,0,0,0,0,0,0,0,0,0,0,0,0,0,0,0,0,0,0,0,0
painstakingly,40,2,1,8,5,12,2,4,1,2,2,1,0,0,0,0,0,0,0,0,0,0,0,0,0,0,0,0,0,0,0,0,0,0,0
realistically,40,12,8,4,2,1,4,0,3,2,1,1,2,0,0,0,0,0,0,0,0,0,0,0,0,0,0,0,0,0,0,0,0,0,0
empirically,40,17,3,2,1,5,0,0,6,1,4,0,0,0,1,0,0,0,0,0,0,0,0,0,0,0,0,0,0,0,0,0,0,0,0
sinfully,40,7,20,2,2,1,2,2,1,0,2,0,1,0,0,0,0,0,0,0,0,0,0,0,0,0,0,0,0,0,0,0,0,0,0
slyly,40,8,5,1,2,19,0,2,2,1,0,0,0,0,0,0,0,0,0,0,0,0,0,0,0,0,0,0,0,0,0,0,0,0,0
cruelly,40,6,6,4,1,11,2,6,3,0,0,1,0,0,0,0,0,0,0,0,0,0,0,0,0,0,0,0,0,0,0,0,0,0,0
implicitly,40,12,6,4,1,7,5,1,3,1,0,0,0,0,0,0,0,0,0,0,0,0,0,0,0,0,0,0,0,0,0,0,0,0,0
lyrically,40,7,7,2,4,5,5,3,4,0,2,0,1,0,0,0,0,0,0,0,0,0,0,0,0,0,0,0,0,0,0,0,0,0,0
outstandingly,40,9,13,6,4,0,2,0,2,1,1,0,1,0,0,1,0,0,0,0,0,0,0,0,0,0,0,0,0,0,0,0,0,0,0
tightly,40,7,0,12,3,7,3,2,1,0,2,1,2,0,0,0,0,0,0,0,0,0,0,0,0,0,0,0,0,0,0,0,0,0,0
adequately,40,18,3,7,1,1,3,0,6,0,0,0,0,1,0,0,0,0,0,0,0,0,0,0,0,0,0,0,0,0,0,0,0,0,0
gleefully,39,7,11,2,2,4,3,3,3,4,0,0,0,0,0,0,0,0,0,0,0,0,0,0,0,0,0,0,0,0,0,0,0,0,0
devoutly,39,7,0,10,6,0,2,0,6,6,0,0,2,0,0,0,0,0,0,0,0,0,0,0,0,0,0,0,0,0,0,0,0,0,0
firmly,39,8,3,11,1,1,5,1,5,3,0,0,1,0,0,0,0,0,0,0,0,0,0,0,0,0,0,0,0,0,0,0,0,0,0
differently,39,20,9,6,1,0,1,0,0,0,0,0,0,1,0,0,1,0,0,0,0,0,0,0,0,0,0,0,0,0,0,0,0,0,0
nigh,39,8,3,5,4,4,3,6,3,2,1,0,0,0,0,0,0,0,0,0,0,0,0,0,0,0,0,0,0,0,0,0,0,0,0
albeit,39,3,25,0,6,0,0,0,2,0,2,0,0,0,0,1,0,0,0,0,0,0,0,0,0,0,0,0,0,0,0,0,0,0,0
fiendishly,38,6,4,5,8,4,1,3,5,0,1,0,1,0,0,0,0,0,0,0,0,0,0,0,0,0,0,0,0,0,0,0,0,0,0
narrowly,38,13,2,2,6,5,2,1,5,2,0,0,0,0,0,0,0,0,0,0,0,0,0,0,0,0,0,0,0,0,0,0,0,0,0
appealingly,38,2,27,0,2,2,0,0,5,0,0,0,0,0,0,0,0,0,0,0,0,0,0,0,0,0,0,0,0,0,0,0,0,0,0
excitingly,38,6,14,5,2,0,3,2,5,0,0,0,1,0,0,0,0,0,0,0,0,0,0,0,0,0,0,0,0,0,0,0,0,0,0
playfully,38,9,5,0,8,4,1,3,4,2,2,0,0,0,0,0,0,0,0,0,0,0,0,0,0,0,0,0,0,0,0,0,0,0,0
timelessly,38,4,18,2,1,1,4,0,5,2,1,0,0,0,0,0,0,0,0,0,0,0,0,0,0,0,0,0,0,0,0,0,0,0,0
brazenly,37,9,3,2,1,4,3,2,0,1,1,0,2,0,8,0,0,0,0,0,0,1,0,0,0,0,0,0,0,0,0,0,0,0,0
accurately,37,33,0,1,0,2,0,0,0,1,0,0,0,0,0,0,0,0,0,0,0,0,0,0,0,0,0,0,0,0,0,0,0,0,0
blindly,37,16,1,4,3,3,3,2,1,0,1,1,2,0,0,0,0,0,0,0,0,0,0,0,0,0,0,0,0,0,0,0,0,0,0
continually,37,17,3,7,0,0,1,1,4,2,0,1,0,0,1,0,0,0,0,0,0,0,0,0,0,0,0,0,0,0,0,0,0,0,0
justly,37,3,0,15,1,3,6,0,1,5,0,3,0,0,0,0,0,0,0,0,0,0,0,0,0,0,0,0,0,0,0,0,0,0,0
appallingly,37,9,4,4,4,8,1,3,3,1,0,0,0,0,0,0,0,0,0,0,0,0,0,0,0,0,0,0,0,0,0,0,0,0,0
characteristically,36,4,12,7,4,2,4,1,1,1,0,0,0,0,0,0,0,0,0,0,0,0,0,0,0,0,0,0,0,0,0,0,0,0,0
persistently,36,27,0,2,1,1,0,0,2,1,0,0,2,0,0,0,0,0,0,0,0,0,0,0,0,0,0,0,0,0,0,0,0,0,0
imminently,36,14,6,7,0,0,0,0,3,1,0,0,5,0,0,0,0,0,0,0,0,0,0,0,0,0,0,0,0,0,0,0,0,0,0
bitingly,36,8,1,0,2,10,1,7,5,1,1,0,0,0,0,0,0,0,0,0,0,0,0,0,0,0,0,0,0,0,0,0,0,0,0
crushingly,36,9,2,5,1,8,3,3,3,0,1,1,0,0,0,0,0,0,0,0,0,0,0,0,0,0,0,0,0,0,0,0,0,0,0
instinctively,36,5,7,3,0,1,6,1,3,7,0,0,3,0,0,0,0,0,0,0,0,0,0,0,0,0,0,0,0,0,0,0,0,0,0
defiantly,36,6,12,3,4,2,1,4,2,1,1,0,0,0,0,0,0,0,0,0,0,0,0,0,0,0,0,0,0,0,0,0,0,0,0
predominately,36,8,3,4,1,2,1,1,8,8,0,0,0,0,0,0,0,0,0,0,0,0,0,0,0,0,0,0,0,0,0,0,0,0,0
enjoyably,35,3,13,4,2,4,2,3,3,0,1,0,0,0,0,0,0,0,0,0,0,0,0,0,0,0,0,0,0,0,0,0,0,0,0
ferociously,35,8,5,3,1,5,5,2,2,1,0,2,1,0,0,0,0,0,0,0,0,0,0,0,0,0,0,0,0,0,0,0,0,0,0
vibrantly,35,2,4,11,3,1,7,0,3,0,3,0,0,0,0,0,1,0,0,0,0,0,0,0,0,0,0,0,0,0,0,0,0,0,0
thrillingly,35,7,18,1,0,4,2,1,1,0,1,0,0,0,0,0,0,0,0,0,0,0,0,0,0,0,0,0,0,0,0,0,0,0,0
agonizingly,35,2,1,2,5,13,2,6,3,1,0,0,0,0,0,0,0,0,0,0,0,0,0,0,0,0,0,0,0,0,0,0,0,0,0
tonally,35,13,10,3,2,2,3,1,1,0,0,0,0,0,0,0,0,0,0,0,0,0,0,0,0,0,0,0,0,0,0,0,0,0,0
nevertheless,35,2,3,8,8,2,1,1,2,8,0,0,0,0,0,0,0,0,0,0,0,0,0,0,0,0,0,0,0,0,0,0,0,0,0
unnervingly,35,2,13,6,2,5,1,3,1,0,2,0,0,0,0,0,0,0,0,0,0,0,0,0,0,0,0,0,0,0,0,0,0,0,0
self-consciously,34,10,6,3,4,3,1,3,0,1,2,1,0,0,0,0,0,0,0,0,0,0,0,0,0,0,0,0,0,0,0,0,0,0,0
catastrophically,34,6,20,1,2,0,1,2,0,0,1,0,1,0,0,0,0,0,0,0,0,0,0,0,0,0,0,0,0,0,0,0,0,0,0
intriguingly,34,3,17,3,5,3,2,0,1,0,0,0,0,0,0,0,0,0,0,0,0,0,0,0,0,0,0,0,0,0,0,0,0,0,0
crazily,34,14,6,1,2,3,4,1,1,1,1,0,0,0,0,0,0,0,0,0,0,0,0,0,0,0,0,0,0,0,0,0,0,0,0
creepily,34,11,9,2,4,0,2,3,2,0,1,0,0,0,0,0,0,0,0,0,0,0,0,0,0,0,0,0,0,0,0,0,0,0,0
briefly,34,8,1,2,11,2,0,6,0,1,0,3,0,0,0,0,0,0,0,0,0,0,0,0,0,0,0,0,0,0,0,0,0,0,0
substantively,33,5,10,3,2,1,0,1,4,5,0,0,2,0,0,0,0,0,0,0,0,0,0,0,0,0,0,0,0,0,0,0,0,0,0
truely,33,5,19,5,1,0,0,0,0,1,0,0,2,0,0,0,0,0,0,0,0,0,0,0,0,0,0,0,0,0,0,0,0,0,0
heretofore,33,1,21,1,6,0,0,0,0,1,0,0,3,0,0,0,0,0,0,0,0,0,0,0,0,0,0,0,0,0,0,0,0,0,0
stereotypically,33,11,11,3,1,3,0,0,2,0,1,0,1,0,0,0,0,0,0,0,0,0,0,0,0,0,0,0,0,0,0,0,0,0,0
extravagantly,33,4,5,4,2,4,4,3,3,1,1,0,1,0,0,1,0,0,0,0,0,0,0,0,0,0,0,0,0,0,0,0,0,0,0
compulsively,33,4,7,3,1,3,7,0,3,0,1,0,3,0,1,0,0,0,0,0,0,0,0,0,0,0,0,0,0,0,0,0,0,0,0
compellingly,33,2,12,3,1,3,5,3,2,1,1,0,0,0,0,0,0,0,0,0,0,0,0,0,0,0,0,0,0,0,0,0,0,0,0
irritatingly,33,8,5,0,2,4,3,8,0,1,1,0,1,0,0,0,0,0,0,0,0,0,0,0,0,0,0,0,0,0,0,0,0,0,0
decently,32,6,8,6,1,1,4,0,1,1,3,0,0,1,0,0,0,0,0,0,0,0,0,0,0,0,0,0,0,0,0,0,0,0,0
finely,32,7,0,9,2,3,0,1,4,1,5,0,0,0,0,0,0,0,0,0,0,0,0,0,0,0,0,0,0,0,0,0,0,0,0
publically,32,4,2,13,5,2,1,1,0,3,1,0,0,0,0,0,0,0,0,0,0,0,0,0,0,0,0,0,0,0,0,0,0,0,0
entertainingly,32,8,3,5,4,5,0,2,4,0,1,0,0,0,0,0,0,0,0,0,0,0,0,0,0,0,0,0,0,0,0,0,0,0,0
comparably,32,3,14,6,1,1,0,3,3,1,0,0,0,0,0,0,0,0,0,0,0,0,0,0,0,0,0,0,0,0,0,0,0,0,0
worryingly,32,7,4,2,6,5,2,3,0,1,1,0,1,0,0,0,0,0,0,0,0,0,0,0,0,0,0,0,0,0,0,0,0,0,0
nationally,32,8,1,6,6,0,0,1,3,7,0,0,0,0,0,0,0,0,0,0,0,0,0,0,0,0,0,0,0,0,0,0,0,0,0
fashionably,32,6,5,0,0,3,15,0,1,0,1,0,0,0,0,1,0,0,0,0,0,0,0,0,0,0,0,0,0,0,0,0,0,0,0
obsessively,32,10,0,2,0,0,8,2,4,0,0,2,4,0,0,0,0,0,0,0,0,0,0,0,0,0,0,0,0,0,0,0,0,0,0
miraculously,32,4,7,10,0,1,4,1,1,0,2,2,0,0,0,0,0,0,0,0,0,0,0,0,0,0,0,0,0,0,0,0,0,0,0
irredeemably,32,10,9,3,0,1,3,3,1,0,0,2,0,0,0,0,0,0,0,0,0,0,0,0,0,0,0,0,0,0,0,0,0,0,0
divinely,32,4,10,9,1,0,4,0,0,1,2,0,1,0,0,0,0,0,0,0,0,0,0,0,0,0,0,0,0,0,0,0,0,0,0
operationally,32,16,4,1,1,2,1,0,2,0,1,0,2,0,1,1,0,0,0,0,0,0,0,0,0,0,0,0,0,0,0,0,0,0,0
quick,32,17,3,6,4,0,1,0,1,0,0,0,0,0,0,0,0,0,0,0,0,0,0,0,0,0,0,0,0,0,0,0,0,0,0
symbolically,32,7,12,2,0,2,1,0,6,0,2,0,0,0,0,0,0,0,0,0,0,0,0,0,0,0,0,0,0,0,0,0,0,0,0
duly,31,9,0,14,1,0,2,0,1,0,0,3,0,1,0,0,0,0,0,0,0,0,0,0,0,0,0,0,0,0,0,0,0,0,0
habitually,31,19,0,2,2,1,0,0,3,3,0,0,1,0,0,0,0,0,0,0,0,0,0,0,0,0,0,0,0,0,0,0,0,0,0
nowhere,31,14,1,2,3,1,1,4,0,2,2,1,0,0,0,0,0,0,0,0,0,0,0,0,0,0,0,0,0,0,0,0,0,0,0
routinely,31,7,1,14,3,1,0,1,3,1,0,0,0,0,0,0,0,0,0,0,0,0,0,0,0,0,0,0,0,0,0,0,0,0,0
insufferably,31,8,2,2,0,7,3,3,2,0,2,1,1,0,0,0,0,0,0,0,0,0,0,0,0,0,0,0,0,0,0,0,0,0,0
shamelessly,31,10,5,2,4,8,0,0,1,1,0,0,0,0,0,0,0,0,0,0,0,0,0,0,0,0,0,0,0,0,0,0,0,0,0
awkwardly,31,8,7,1,2,1,1,9,1,0,0,0,1,0,0,0,0,0,0,0,0,0,0,0,0,0,0,0,0,0,0,0,0,0,0
preternaturally,31,5,4,1,0,1,6,2,6,0,1,2,2,0,1,0,0,0,0,0,0,0,0,0,0,0,0,0,0,0,0,0,0,0,0
seldom,31,4,8,6,0,3,3,0,2,3,0,0,1,0,0,0,0,0,0,0,0,1,0,0,0,0,0,0,0,0,0,0,0,0,0
evolutionarily,31,6,5,2,1,5,2,2,5,2,0,0,0,0,1,0,0,0,0,0,0,0,0,0,0,0,0,0,0,0,0,0,0,0,0
staunchly,31,5,0,3,3,1,5,1,5,5,0,0,3,0,0,0,0,0,0,0,0,0,0,0,0,0,0,0,0,0,0,0,0,0,0
lawfully,31,23,0,3,1,0,0,0,1,0,0,1,2,0,0,0,0,0,0,0,0,0,0,0,0,0,0,0,0,0,0,0,0,0,0
self,30,3,3,5,0,1,11,1,0,0,0,2,3,1,0,0,0,0,0,0,0,0,0,0,0,0,0,0,0,0,0,0,0,0,0
unashamedly,30,1,9,5,3,2,5,1,0,2,1,1,0,0,0,0,0,0,0,0,0,0,0,0,0,0,0,0,0,0,0,0,0,0,0
evenly,30,11,0,13,0,0,1,0,5,0,0,0,0,0,0,0,0,0,0,0,0,0,0,0,0,0,0,0,0,0,0,0,0,0,0
hard,30,19,3,0,3,0,0,3,0,1,0,1,0,0,0,0,0,0,0,0,0,0,0,0,0,0,0,0,0,0,0,0,0,0,0
infuriatingly,30,3,2,5,3,9,2,4,1,1,0,0,0,0,0,0,0,0,0,0,0,0,0,0,0,0,0,0,0,0,0,0,0,0,0
dazzlingly,30,5,4,6,2,5,1,2,1,0,3,0,1,0,0,0,0,0,0,0,0,0,0,0,0,0,0,0,0,0,0,0,0,0,0
mightily,30,1,2,11,2,1,1,2,2,1,0,5,0,2,0,0,0,0,0,0,0,0,0,0,0,0,0,0,0,0,0,0,0,0,0
exact,30,5,0,9,4,0,1,0,2,0,9,0,0,0,0,0,0,0,0,0,0,0,0,0,0,0,0,0,0,0,0,0,0,0,0
definitively,30,5,15,4,4,1,0,0,0,0,0,0,0,0,1,0,0,0,0,0,0,0,0,0,0,0,0,0,0,0,0,0,0,0,0
savagely,30,3,3,2,2,10,0,4,3,1,0,0,2,0,0,0,0,0,0,0,0,0,0,0,0,0,0,0,0,0,0,0,0,0,0
unambiguously,30,2,8,7,3,0,7,0,1,0,1,0,1,0,0,0,0,0,0,0,0,0,0,0,0,0,0,0,0,0,0,0,0,0,0
unavoidably,30,4,14,2,3,4,1,1,0,0,1,0,0,0,0,0,0,0,0,0,0,0,0,0,0,0,0,0,0,0,0,0,0,0,0
unfathomably,29,5,14,2,1,1,1,3,0,1,0,1,0,0,0,0,0,0,0,0,0,0,0,0,0,0,0,0,0,0,0,0,0,0,0
thankfully,29,2,1,11,5,1,0,1,4,1,2,1,0,0,0,0,0,0,0,0,0,0,0,0,0,0,0,0,0,0,0,0,0,0,0
regularly,29,14,1,7,1,0,0,0,3,1,1,0,1,0,0,0,0,0,0,0,0,0,0,0,0,0,0,0,0,0,0,0,0,0,0
cheerfully,29,3,2,1,1,3,8,6,2,1,0,2,0,0,0,0,0,0,0,0,0,0,0,0,0,0,0,0,0,0,0,0,0,0,0
oppressively,29,5,1,1,0,8,3,5,1,1,3,0,1,0,0,0,0,0,0,0,0,0,0,0,0,0,0,0,0,0,0,0,0,0,0
athletically,29,9,6,1,2,1,0,0,3,2,0,0,4,1,0,0,0,0,0,0,0,0,0,0,0,0,0,0,0,0,0,0,0,0,0
immaculately,29,2,0,6,0,1,9,0,2,0,9,0,0,0,0,0,0,0,0,0,0,0,0,0,0,0,0,0,0,0,0,0,0,0,0
delicately,29,10,6,6,1,0,3,0,3,0,0,0,0,0,0,0,0,0,0,0,0,0,0,0,0,0,0,0,0,0,0,0,0,0,0
ominously,29,4,10,6,2,0,0,2,4,0,1,0,0,0,0,0,0,0,0,0,0,0,0,0,0,0,0,0,0,0,0,0,0,0,0
seductively,29,2,12,5,1,1,0,1,5,0,2,0,0,0,0,0,0,0,0,0,0,0,0,0,0,0,0,0,0,0,0,0,0,0,0
alone,28,9,0,14,1,2,0,1,1,0,0,0,0,0,0,0,0,0,0,0,0,0,0,0,0,0,0,0,0,0,0,0,0,0,0
cosmetically,28,20,0,2,1,3,0,0,0,0,0,0,1,0,0,1,0,0,0,0,0,0,0,0,0,0,0,0,0,0,0,0,0,0,0
certifiably,28,10,3,4,4,1,1,0,0,2,1,1,0,0,1,0,0,0,0,0,0,0,0,0,0,0,0,0,0,0,0,0,0,0,0
physiologically,28,11,9,3,3,0,0,0,1,0,0,1,0,0,0,0,0,0,0,0,0,0,0,0,0,0,0,0,0,0,0,0,0,0,0
momentarily,28,12,2,3,1,0,0,7,1,0,1,0,0,0,1,0,0,0,0,0,0,0,0,0,0,0,0,0,0,0,0,0,0,0,0
viciously,28,6,3,4,3,7,1,2,1,1,0,0,0,0,0,0,0,0,0,0,0,0,0,0,0,0,0,0,0,0,0,0,0,0,0
alot,27,8,6,8,1,1,2,1,0,0,0,0,0,0,0,0,0,0,0,0,0,0,0,0,0,0,0,0,0,0,0,0,0,0,0
nakedly,27,8,2,0,2,1,5,3,2,1,1,0,1,0,1,0,0,0,0,0,0,0,0,0,0,0,0,0,0,0,0,0,0,0,0
epically,27,7,13,2,1,1,1,0,2,0,0,0,0,0,0,0,0,0,0,0,0,0,0,0,0,0,0,0,0,0,0,0,0,0,0
twice,27,21,0,1,0,1,1,3,0,0,0,0,0,0,0,0,0,0,0,0,0,0,0,0,0,0,0,0,0,0,0,0,0,0,0
unflinchingly,27,0,6,2,0,4,11,0,4,0,0,0,0,0,0,0,0,0,0,0,0,0,0,0,0,0,0,0,0,0,0,0,0,0,0
slowly,27,19,2,3,1,0,0,1,1,0,0,0,0,0,0,0,0,0,0,0,0,0,0,0,0,0,0,0,0,0,0,0,0,0,0
backwards,27,5,0,11,2,2,2,0,2,0,3,0,0,0,0,0,0,0,0,0,0,0,0,0,0,0,0,0,0,0,0,0,0,0,0
ideally,27,21,0,3,0,0,1,0,1,0,1,0,0,0,0,0,0,0,0,0,0,0,0,0,0,0,0,0,0,0,0,0,0,0,0
ruthlessly,27,3,1,3,0,5,6,3,6,0,0,0,0,0,0,0,0,0,0,0,0,0,0,0,0,0,0,0,0,0,0,0,0,0,0
contextually,27,12,5,3,1,3,1,1,1,0,0,0,0,0,0,0,0,0,0,0,0,0,0,0,0,0,0,0,0,0,0,0,0,0,0
cleverly,27,6,2,8,4,0,2,3,1,0,0,0,0,0,1,0,0,0,0,0,0,0,0,0,0,0,0,0,0,0,0,0,0,0,0
flagrantly,27,9,3,3,3,4,0,0,2,1,1,0,1,0,0,0,0,0,0,0,0,0,0,0,0,0,0,0,0,0,0,0,0,0,0
rationally,27,15,0,5,0,0,0,1,4,1,0,1,0,0,0,0,0,0,0,0,0,0,0,0,0,0,0,0,0,0,0,0,0,0,0
meaningfully,27,10,13,3,0,0,0,0,1,0,0,0,0,0,0,0,0,0,0,0,0,0,0,0,0,0,0,0,0,0,0,0,0,0,0
lovingly,26,0,0,16,1,0,2,0,1,2,3,0,1,0,0,0,0,0,0,0,0,0,0,0,0,0,0,0,0,0,0,0,0,0,0
hiv,26,0,0,2,5,0,0,0,2,3,0,0,8,2,1,3,0,0,0,0,0,0,0,0,0,0,0,0,0,0,0,0,0,0,0
low,26,21,1,1,0,1,1,0,0,1,0,0,0,0,0,0,0,0,0,0,0,0,0,0,0,0,0,0,0,0,0,0,0,0,0
progressively,26,9,4,5,1,2,1,0,3,1,0,0,0,0,0,0,0,0,0,0,0,0,0,0,0,0,0,0,0,0,0,0,0,0,0
memorably,26,5,9,0,3,1,0,1,5,0,0,0,1,0,1,0,0,0,0,0,0,0,0,0,0,0,0,0,0,0,0,0,0,0,0
educationally,26,16,3,1,1,1,0,0,4,0,0,0,0,0,0,0,0,0,0,0,0,0,0,0,0,0,0,0,0,0,0,0,0,0,0
rapidly,26,13,1,1,0,7,2,1,1,0,0,0,0,0,0,0,0,0,0,0,0,0,0,0,0,0,0,0,0,0,0,0,0,0,0
importantly,26,14,4,2,3,1,0,0,0,1,0,0,1,0,0,0,0,0,0,0,0,0,0,0,0,0,0,0,0,0,0,0,0,0,0
pointedly,25,7,2,0,5,7,0,3,0,1,0,0,0,0,0,0,0,0,0,0,0,0,0,0,0,0,0,0,0,0,0,0,0,0,0
exorbitantly,25,13,0,0,5,3,0,2,1,0,1,0,0,0,0,0,0,0,0,0,0,0,0,0,0,0,0,0,0,0,0,0,0,0,0
nit,25,2,3,6,1,1,0,8,0,1,2,1,0,0,0,0,0,0,0,0,0,0,0,0,0,0,0,0,0,0,0,0,0,0,0
splendidly,25,2,11,6,2,2,0,0,0,0,1,1,0,0,0,0,0,0,0,0,0,0,0,0,0,0,0,0,0,0,0,0,0,0,0
unrelentingly,25,2,4,4,0,3,1,0,6,1,0,3,1,0,0,0,0,0,0,0,0,0,0,0,0,0,0,0,0,0,0,0,0,0,0
rigidly,24,11,0,2,1,5,0,0,2,2,1,0,0,0,0,0,0,0,0,0,0,0,0,0,0,0,0,0,0,0,0,0,0,0,0
biblically,24,8,1,3,3,0,2,0,5,2,0,0,0,0,0,0,0,0,0,0,0,0,0,0,0,0,0,0,0,0,0,0,0,0,0
shamefully,24,7,6,1,2,3,1,1,1,2,0,0,0,0,0,0,0,0,0,0,0,0,0,0,0,0,0,0,0,0,0,0,0,0,0
numerically,24,9,3,1,0,2,5,0,2,1,1,0,0,0,0,0,0,0,0,0,0,0,0,0,0,0,0,0,0,0,0,0,0,0,0
prematurely,24,15,0,1,3,2,1,1,0,1,0,0,0,0,0,0,0,0,0,0,0,0,0,0,0,0,0,0,0,0,0,0,0,0,0
intermittently,24,12,2,3,1,0,0,1,4,1,0,0,0,0,0,0,0,0,0,0,0,0,0,0,0,0,0,0,0,0,0,0,0,0,0
disastrously,23,3,6,2,1,5,0,6,0,0,0,0,0,0,0,0,0,0,0,0,0,0,0,0,0,0,0,0,0,0,0,0,0,0,0
home,23,0,0,1,1,0,1,1,0,0,0,11,5,2,1,0,0,0,0,0,0,0,0,0,0,0,0,0,0,0,0,0,0,0,0
intolerably,23,7,3,1,1,5,1,2,1,1,0,1,0,0,0,0,0,0,0,0,0,0,0,0,0,0,0,0,0,0,0,0,0,0,0
astronomically,23,8,6,1,0,2,1,2,1,0,1,0,0,0,1,0,0,0,0,0,0,0,0,0,0,0,0,0,0,0,0,0,0,0,0
scandalously,23,8,8,0,0,2,0,2,1,1,0,0,0,1,0,0,0,0,0,0,0,0,0,0,0,0,0,0,0,0,0,0,0,0,0
numbingly,22,10,2,3,1,2,0,1,3,0,0,0,0,0,0,0,0,0,0,0,0,0,0,0,0,0,0,0,0,0,0,0,0,0,0
electrically,22,12,0,4,1,0,1,0,3,0,1,0,0,0,0,0,0,0,0,0,0,0,0,0,0,0,0,0,0,0,0,0,0,0,0
vanishingly,22,4,4,1,1,4,5,0,1,1,1,0,0,0,0,0,0,0,0,0,0,0,0,0,0,0,0,0,0,0,0,0,0,0,0
emphatically,22,7,3,3,0,0,3,1,1,1,2,0,0,1,0,0,0,0,0,0,0,0,0,0,0,0,0,0,0,0,0,0,0,0,0
madly,22,4,3,4,0,1,1,2,2,0,1,3,1,0,0,0,0,0,0,0,0,0,0,0,0,0,0,0,0,0,0,0,0,0,0
infectiously,22,0,10,2,1,5,1,0,2,0,1,0,0,0,0,0,0,0,0,0,0,0,0,0,0,0,0,0,0,0,0,0,0,0,0
jointly,22,4,1,9,0,0,0,0,5,0,0,1,1,1,0,0,0,0,0,0,0,0,0,0,0,0,0,0,0,0,0,0,0,0,0
geologically,22,10,3,2,1,0,1,2,3,0,0,0,0,0,0,0,0,0,0,0,0,0,0,0,0,0,0,0,0,0,0,0,0,0,0
third,22,20,1,0,0,0,0,0,1,0,0,0,0,0,0,0,0,0,0,0,0,0,0,0,0,0,0,0,0,0,0,0,0,0,0
alternately,22,9,6,1,1,0,0,1,2,0,0,0,2,0,0,0,0,0,0,0,0,0,0,0,0,0,0,0,0,0,0,0,0,0,0
convincingly,22,3,1,8,0,0,0,1,6,1,0,0,2,0,0,0,0,0,0,0,0,0,0,0,0,0,0,0,0,0,0,0,0,0,0
infinitesimally,22,9,4,2,2,0,0,3,2,0,0,0,0,0,0,0,0,0,0,0,0,0,0,0,0,0,0,0,0,0,0,0,0,0,0
systematically,21,8,6,1,0,2,1,1,0,0,0,1,0,0,1,0,0,0,0,0,0,0,0,0,0,0,0,0,0,0,0,0,0,0,0
high,21,5,1,4,4,1,2,1,1,0,1,0,1,0,0,0,0,0,0,0,0,0,0,0,0,0,0,0,0,0,0,0,0,0,0
energetically,21,4,1,2,1,3,0,1,2,2,1,3,1,0,0,0,0,0,0,0,0,0,0,0,0,0,0,0,0,0,0,0,0,0,0
fittingly,21,0,14,2,0,0,1,0,1,0,2,1,0,0,0,0,0,0,0,0,0,0,0,0,0,0,0,0,0,0,0,0,0,0,0
sparsely,21,8,0,2,0,4,1,3,0,2,0,0,0,0,1,0,0,0,0,0,0,0,0,0,0,0,0,0,0,0,0,0,0,0,0
pitifully,20,2,2,3,2,5,1,0,1,2,0,0,0,1,1,0,0,0,0,0,0,0,0,0,0,0,0,0,0,0,0,0,0,0,0
principally,20,5,4,4,2,1,2,0,1,0,0,0,0,0,1,0,0,0,0,0,0,0,0,0,0,0,0,0,0,0,0,0,0,0,0
blisteringly,20,6,2,1,2,2,3,3,0,1,0,0,0,0,0,0,0,0,0,0,0,0,0,0,0,0,0,0,0,0,0,0,0,0,0
measurably,20,8,4,2,0,2,0,1,3,0,0,0,0,0,0,0,0,0,0,0,0,0,0,0,0,0,0,0,0,0,0,0,0,0,0
resolutely,20,5,6,2,0,1,2,2,0,0,0,1,1,0,0,0,0,0,0,0,0,0,0,0,0,0,0,0,0,0,0,0,0,0,0
rhythmically,20,1,3,3,1,2,4,1,4,0,1,0,0,0,0,0,0,0,0,0,0,0,0,0,0,0,0,0,0,0,0,0,0,0,0
questionably,20,11,0,0,0,5,0,4,0,0,0,0,0,0,0,0,0,0,0,0,0,0,0,0,0,0,0,0,0,0,0,0,0,0,0
blandly,20,6,6,5,1,1,0,0,0,0,0,0,0,0,1,0,0,0,0,0,0,0,0,0,0,0,0,0,0,0,0,0,0,0,0
bracingly,20,2,7,1,0,3,2,0,3,1,1,0,0,0,0,0,0,0,0,0,0,0,0,0,0,0,0,0,0,0,0,0,0,0,0
blessedly,20,2,1,7,0,1,4,1,3,0,1,0,0,0,0,0,0,0,0,0,0,0,0,0,0,0,0,0,0,0,0,0,0,0,0
blazingly,20,5,3,1,0,2,4,2,1,1,1,0,0,0,0,0,0,0,0,0,0,0,0,0,0,0,0,0,0,0,0,0,0,0,0
virulently,19,4,1,0,5,4,1,1,2,1,0,0,0,0,0,0,0,0,0,0,0,0,0,0,0,0,0,0,0,0,0,0,0,0,0
explosively,19,4,2,2,1,4,1,2,2,1,0,0,0,0,0,0,0,0,0,0,0,0,0,0,0,0,0,0,0,0,0,0,0,0,0
rigorously,19,3,2,1,3,1,2,0,5,0,1,1,0,0,0,0,0,0,0,0,0,0,0,0,0,0,0,0,0,0,0,0,0,0,0
brightly,19,9,0,4,0,1,2,1,0,1,0,0,0,0,1,0,0,0,0,0,0,0,0,0,0,0,0,0,0,0,0,0,0,0,0
sometime,19,16,1,0,0,1,0,0,0,0,0,1,0,0,0,0,0,0,0,0,0,0,0,0,0,0,0,0,0,0,0,0,0,0,0
successfully,19,5,1,4,3,2,1,0,1,1,0,0,1,0,0,0,0,0,0,0,0,0,0,0,0,0,0,0,0,0,0,0,0,0,0
extensively,18,7,2,5,0,0,2,0,1,1,0,0,0,0,0,0,0,0,0,0,0,0,0,0,0,0,0,0,0,0,0,0,0,0,0
worst,18,16,0,0,0,1,0,1,0,0,0,0,0,0,0,0,0,0,0,0,0,0,0,0,0,0,0,0,0,0,0,0,0,0,0
everywhere,18,1,0,2,1,1,4,0,0,0,4,3,0,2,0,0,0,0,0,0,0,0,0,0,0,0,0,0,0,0,0,0,0,0,0
abysmally,18,8,1,1,3,1,0,1,2,1,0,0,0,0,0,0,0,0,0,0,0,0,0,0,0,0,0,0,0,0,0,0,0,0,0
maximally,18,6,1,1,0,0,2,0,2,0,2,3,0,1,0,0,0,0,0,0,0,0,0,0,0,0,0,0,0,0,0,0,0,0,0
diametrically,18,0,2,1,1,6,1,0,2,2,2,0,1,0,0,0,0,0,0,0,0,0,0,0,0,0,0,0,0,0,0,0,0,0,0
appreciably,18,6,5,1,1,1,0,0,1,1,0,1,0,1,0,0,0,0,0,0,0,0,0,0,0,0,0,0,0,0,0,0,0,0,0
competitively,18,10,1,1,0,2,1,0,3,0,0,0,0,0,0,0,0,0,0,0,0,0,0,0,0,0,0,0,0,0,0,0,0,0,0
perennially,18,6,5,1,1,0,1,0,1,0,1,1,1,0,0,0,0,0,0,0,0,0,0,0,0,0,0,0,0,0,0,0,0,0,0
soooooo,18,3,0,7,1,0,1,0,0,0,3,2,1,0,0,0,0,0,0,0,0,0,0,0,0,0,0,0,0,0,0,0,0,0,0
tastefully,18,6,1,3,2,2,2,1,0,0,1,0,0,0,0,0,0,0,0,0,0,0,0,0,0,0,0,0,0,0,0,0,0,0,0
wondrously,18,0,7,3,0,1,1,0,2,0,3,1,0,0,0,0,0,0,0,0,0,0,0,0,0,0,0,0,0,0,0,0,0,0,0
yearly,17,16,0,0,0,0,0,0,0,0,0,0,0,0,0,0,1,0,0,0,0,0,0,0,0,0,0,0,0,0,0,0,0,0,0
rabidly,17,3,1,2,2,1,1,2,2,1,0,0,0,0,2,0,0,0,0,0,0,0,0,0,0,0,0,0,0,0,0,0,0,0,0
past,17,4,1,1,2,0,0,1,0,1,1,0,1,0,5,0,0,0,0,0,0,0,0,0,0,0,0,0,0,0,0,0,0,0,0
ordinarily,17,9,3,1,0,0,0,0,1,2,0,0,1,0,0,0,0,0,0,0,0,0,0,0,0,0,0,0,0,0,0,0,0,0,0
determinedly,17,1,2,2,5,1,1,0,3,1,1,0,0,0,0,0,0,0,0,0,0,0,0,0,0,0,0,0,0,0,0,0,0,0,0
furiously,17,2,1,2,2,0,1,3,2,1,1,0,2,0,0,0,0,0,0,0,0,0,0,0,0,0,0,0,0,0,0,0,0,0,0
resoundingly,17,3,5,3,1,0,2,0,1,1,1,0,0,0,0,0,0,0,0,0,0,0,0,0,0,0,0,0,0,0,0,0,0,0,0
externally,17,6,2,1,1,1,0,1,0,4,1,0,0,0,0,0,0,0,0,0,0,0,0,0,0,0,0,0,0,0,0,0,0,0,0
purportedly,17,5,5,1,2,0,1,0,1,1,0,0,1,0,0,0,0,0,0,0,0,0,0,0,0,0,0,0,0,0,0,0,0,0,0
urgently,16,4,5,4,0,0,0,1,0,1,1,0,0,0,0,0,0,0,0,0,0,0,0,0,0,0,0,0,0,0,0,0,0,0,0
faster,16,4,6,2,0,1,1,0,0,0,1,0,1,0,0,0,0,0,0,0,0,0,0,0,0,0,0,0,0,0,0,0,0,0,0
chiefly,16,6,0,1,0,0,4,0,3,1,0,0,0,0,1,0,0,0,0,0,0,0,0,0,0,0,0,0,0,0,0,0,0,0,0
consequently,16,0,0,3,1,7,2,0,1,0,0,2,0,0,0,0,0,0,0,0,0,0,0,0,0,0,0,0,0,0,0,0,0,0,0
pearly,16,11,0,3,0,0,1,0,0,0,0,0,0,0,0,0,1,0,0,0,0,0,0,0,0,0,0,0,0,0,0,0,0,0,0
softly,16,9,1,2,1,1,0,1,1,0,0,0,0,0,0,0,0,0,0,0,0,0,0,0,0,0,0,0,0,0,0,0,0,0,0
metabolically,16,6,0,5,0,0,3,0,0,1,0,0,1,0,0,0,0,0,0,0,0,0,0,0,0,0,0,0,0,0,0,0,0,0,0
sure,16,6,0,4,2,0,0,0,0,0,0,2,2,0,0,0,0,0,0,0,0,0,0,0,0,0,0,0,0,0,0,0,0,0,0
subsequently,16,7,0,1,1,0,1,0,1,5,0,0,0,0,0,0,0,0,0,0,0,0,0,0,0,0,0,0,0,0,0,0,0,0,0
densely,15,4,1,1,1,3,0,2,2,0,1,0,0,0,0,0,0,0,0,0,0,0,0,0,0,0,0,0,0,0,0,0,0,0,0
fresh,15,5,3,0,3,0,0,0,1,0,2,0,1,0,0,0,0,0,0,0,0,0,0,0,0,0,0,0,0,0,0,0,0,0,0
upwardly,15,3,0,5,0,0,1,0,1,3,0,1,1,0,0,0,0,0,0,0,0,0,0,0,0,0,0,0,0,0,0,0,0,0,0
unsurprisingly,15,4,0,4,1,0,0,1,1,4,0,0,0,0,0,0,0,0,0,0,0,0,0,0,0,0,0,0,0,0,0,0,0,0,0
federally,15,5,3,4,1,0,2,0,0,0,0,0,0,0,0,0,0,0,0,0,0,0,0,0,0,0,0,0,0,0,0,0,0,0,0
stupendously,15,2,8,0,0,1,3,1,0,0,0,0,0,0,0,0,0,0,0,0,0,0,0,0,0,0,0,0,0,0,0,0,0,0,0
coolly,15,2,1,2,2,1,3,0,3,1,0,0,0,0,0,0,0,0,0,0,0,0,0,0,0,0,0,0,0,0,0,0,0,0,0
dynamically,15,4,3,3,1,0,1,0,3,0,0,0,0,0,0,0,0,0,0,0,0,0,0,0,0,0,0,0,0,0,0,0,0,0,0
double,14,5,0,4,1,0,1,0,0,1,1,0,1,0,0,0,0,0,0,0,0,0,0,0,0,0,0,0,0,0,0,0,0,0,0
improbably,14,6,2,0,0,2,2,1,0,1,0,0,0,0,0,0,0,0,0,0,0,0,0,0,0,0,0,0,0,0,0,0,0,0,0
ruggedly,14,5,2,1,0,2,2,0,1,1,0,0,0,0,0,0,0,0,0,0,0,0,0,0,0,0,0,0,0,0,0,0,0,0,0
electorally,14,9,1,1,0,0,1,0,2,0,0,0,0,0,0,0,0,0,0,0,0,0,0,0,0,0,0,0,0,0,0,0,0,0,0
mercifully,13,0,0,7,1,0,1,0,2,1,0,0,1,0,0,0,0,0,0,0,0,0,0,0,0,0,0,0,0,0,0,0,0,0,0
spatially,13,9,0,2,0,1,0,0,1,0,0,0,0,0,0,0,0,0,0,0,0,0,0,0,0,0,0,0,0,0,0,0,0,0,0
repeatedly,13,9,0,0,0,0,0,0,0,0,0,0,4,0,0,0,0,0,0,0,0,0,0,0,0,0,0,0,0,0,0,0,0,0,0
interminably,13,2,0,1,1,6,0,2,1,0,0,0,0,0,0,0,0,0,0,0,0,0,0,0,0,0,0,0,0,0,0,0,0,0,0
precariously,13,1,1,1,1,4,1,1,2,0,0,0,1,0,0,0,0,0,0,0,0,0,0,0,0,0,0,0,0,0,0,0,0,0,0
electronically,13,4,1,0,2,0,2,0,0,0,4,0,0,0,0,0,0,0,0,0,0,0,0,0,0,0,0,0,0,0,0,0,0,0,0
backward,13,7,0,1,0,0,3,0,1,0,1,0,0,0,0,0,0,0,0,0,0,0,0,0,0,0,0,0,0,0,0,0,0,0,0
incrementally,13,3,4,1,2,0,0,2,0,0,0,1,0,0,0,0,0,0,0,0,0,0,0,0,0,0,0,0,0,0,0,0,0,0,0
proportionally,12,1,1,2,0,1,0,0,2,1,3,0,1,0,0,0,0,0,0,0,0,0,0,0,0,0,0,0,0,0,0,0,0,0,0
inside,12,5,0,0,1,2,0,0,0,0,0,3,1,0,0,0,0,0,0,0,0,0,0,0,0,0,0,0,0,0,0,0,0,0,0
searingly,12,3,0,0,1,3,1,2,2,0,0,0,0,0,0,0,0,0,0,0,0,0,0,0,0,0,0,0,0,0,0,0,0,0,0
enduringly,12,5,4,0,0,0,0,1,2,0,0,0,0,0,0,0,0,0,0,0,0,0,0,0,0,0,0,0,0,0,0,0,0,0,0
fortunately,12,2,0,1,4,1,1,0,2,0,0,1,0,0,0,0,0,0,0,0,0,0,0,0,0,0,0,0,0,0,0,0,0,0,0
away,12,3,2,1,3,1,2,0,0,0,0,0,0,0,0,0,0,0,0,0,0,0,0,0,0,0,0,0,0,0,0,0,0,0,0
deservedly,12,1,2,0,1,1,2,2,2,0,0,1,0,0,0,0,0,0,0,0,0,0,0,0,0,0,0,0,0,0,0,0,0,0,0
realy,12,0,4,2,1,0,0,3,0,1,0,0,0,0,0,1,0,0,0,0,0,0,0,0,0,0,0,0,0,0,0,0,0,0,0
stylishly,12,2,6,1,0,0,2,0,1,0,0,0,0,0,0,0,0,0,0,0,0,0,0,0,0,0,0,0,0,0,0,0,0,0,0
fewer,11,10,0,0,0,1,0,0,0,0,0,0,0,0,0,0,0,0,0,0,0,0,0,0,0,0,0,0,0,0,0,0,0,0,0
unconstitutionally,11,5,0,0,4,0,0,0,2,0,0,0,0,0,0,0,0,0,0,0,0,0,0,0,0,0,0,0,0,0,0,0,0,0,0
arbitrarily,11,6,0,0,0,2,0,3,0,0,0,0,0,0,0,0,0,0,0,0,0,0,0,0,0,0,0,0,0,0,0,0,0,0,0
flawlessly,11,1,1,0,0,0,5,0,0,0,4,0,0,0,0,0,0,0,0,0,0,0,0,0,0,0,0,0,0,0,0,0,0,0,0
oftentimes,11,4,3,0,0,0,0,1,0,2,1,0,0,0,0,0,0,0,0,0,0,0,0,0,0,0,0,0,0,0,0,0,0,0,0
ago,10,4,1,0,2,0,0,0,1,1,0,1,0,0,0,0,0,0,0,0,0,0,0,0,0,0,0,0,0,0,0,0,0,0,0
thereby,10,0,1,1,1,0,1,0,0,1,1,4,0,0,0,0,0,0,0,0,0,0,0,0,0,0,0,0,0,0,0,0,0,0,0
optically,10,6,1,0,0,0,0,0,2,1,0,0,0,0,0,0,0,0,0,0,0,0,0,0,0,0,0,0,0,0,0,0,0,0,0
extremly,10,2,2,2,0,1,0,0,0,0,1,2,0,0,0,0,0,0,0,0,0,0,0,0,0,0,0,0,0,0,0,0,0,0,0
dizzyingly,10,1,0,1,0,3,0,5,0,0,0,0,0,0,0,0,0,0,0,0,0,0,0,0,0,0,0,0,0,0,0,0,0,0,0
ergonomically,10,3,2,2,0,0,1,0,0,0,2,0,0,0,0,0,0,0,0,0,0,0,0,0,0,0,0,0,0,0,0,0,0,0,0
deep,10,6,1,0,0,0,0,1,1,1,0,0,0,0,0,0,0,0,0,0,0,0,0,0,0,0,0,0,0,0,0,0,0,0,0
luxuriously,10,2,4,0,0,0,3,0,1,0,0,0,0,0,0,0,0,0,0,0,0,0,0,0,0,0,0,0,0,0,0,0,0,0,0
anymore,10,9,0,1,0,0,0,0,0,0,0,0,0,0,0,0,0,0,0,0,0,0,0,0,0,0,0,0,0,0,0,0,0,0,0
institutionally,10,2,0,1,1,2,1,2,0,0,0,0,1,0,0,0,0,0,0,0,0,0,0,0,0,0,0,0,0,0,0,0,0,0,0
in,9,2,0,1,1,0,5,0,0,0,0,0,0,0,0,0,0,0,0,0,0,0,0,0,0,0,0,0,0,0,0,0,0,0,0
preposterously,9,2,2,0,2,0,0,2,1,0,0,0,0,0,0,0,0,0,0,0,0,0,0,0,0,0,0,0,0,0,0,0,0,0,0
next,9,7,1,0,0,0,0,0,0,1,0,0,0,0,0,0,0,0,0,0,0,0,0,0,0,0,0,0,0,0,0,0,0,0,0
democratically,9,4,1,2,0,0,1,0,0,0,0,0,0,0,0,1,0,0,0,0,0,0,0,0,0,0,0,0,0,0,0,0,0,0,0
gradually,9,4,0,3,0,0,0,0,0,0,2,0,0,0,0,0,0,0,0,0,0,0,0,0,0,0,0,0,0,0,0,0,0,0,0
acoustically,9,3,1,1,1,1,1,0,1,0,0,0,0,0,0,0,0,0,0,0,0,0,0,0,0,0,0,0,0,0,0,0,0,0,0
proof,9,0,2,5,0,1,0,0,0,1,0,0,0,0,0,0,0,0,0,0,0,0,0,0,0,0,0,0,0,0,0,0,0,0,0
agonisingly,9,2,0,1,1,1,1,3,0,0,0,0,0,0,0,0,0,0,0,0,0,0,0,0,0,0,0,0,0,0,0,0,0,0,0
this,9,0,6,0,0,1,1,0,0,0,0,0,0,1,0,0,0,0,0,0,0,0,0,0,0,0,0,0,0,0,0,0,0,0,0
thinly,8,1,1,0,3,0,0,3,0,0,0,0,0,0,0,0,0,0,0,0,0,0,0,0,0,0,0,0,0,0,0,0,0,0,0
thermally,8,6,0,2,0,0,0,0,0,0,0,0,0,0,0,0,0,0,0,0,0,0,0,0,0,0,0,0,0,0,0,0,0,0,0
respectfully,8,2,0,2,0,1,1,0,0,0,0,1,0,0,0,0,1,0,0,0,0,0,0,0,0,0,0,0,0,0,0,0,0,0,0
funnily,8,4,2,0,1,0,0,0,1,0,0,0,0,0,0,0,0,0,0,0,0,0,0,0,0,0,0,0,0,0,0,0,0,0,0
amply,8,1,1,2,0,0,0,0,2,1,1,0,0,0,0,0,0,0,0,0,0,0,0,0,0,0,0,0,0,0,0,0,0,0,0
lively,8,5,0,0,2,1,0,0,0,0,0,0,0,0,0,0,0,0,0,0,0,0,0,0,0,0,0,0,0,0,0,0,0,0,0
daily,8,4,0,0,0,1,1,0,0,1,1,0,0,0,0,0,0,0,0,0,0,0,0,0,0,0,0,0,0,0,0,0,0,0,0
correspondingly,8,2,2,2,0,0,0,1,0,1,0,0,0,0,0,0,0,0,0,0,0,0,0,0,0,0,0,0,0,0,0,0,0,0,0
proportionately,7,3,0,0,0,0,2,0,1,0,0,0,1,0,0,0,0,0,0,0,0,0,0,0,0,0,0,0,0,0,0,0,0,0,0
plenty,7,0,1,3,0,0,1,0,1,0,0,1,0,0,0,0,0,0,0,0,0,0,0,0,0,0,0,0,0,0,0,0,0,0,0
red,7,2,1,1,0,0,0,2,0,0,1,0,0,0,0,0,0,0,0,0,0,0,0,0,0,0,0,0,0,0,0,0,0,0,0
earlier,7,7,0,0,0,0,0,0,0,0,0,0,0,0,0,0,0,0,0,0,0,0,0,0,0,0,0,0,0,0,0,0,0,0,0
absolute,6,2,1,0,0,0,0,1,1,0,1,0,0,0,0,0,0,0,0,0,0,0,0,0,0,0,0,0,0,0,0,0,0,0,0
kindly,6,2,0,1,2,0,1,0,0,0,0,0,0,0,0,0,0,0,0,0,0,0,0,0,0,0,0,0,0,0,0,0,0,0,0
hence,6,1,2,2,0,0,1,0,0,0,0,0,0,0,0,0,0,0,0,0,0,0,0,0,0,0,0,0,0,0,0,0,0,0,0
second-most,6,6,0,0,0,0,0,0,0,0,0,0,0,0,0,0,0,0,0,0,0,0,0,0,0,0,0,0,0,0,0,0,0,0,0
demographically,6,1,1,1,0,1,2,0,0,0,0,0,0,0,0,0,0,0,0,0,0,0,0,0,0,0,0,0,0,0,0,0,0,0,0
worldwide,5,2,0,0,0,0,0,0,0,0,0,3,0,0,0,0,0,0,0,0,0,0,0,0,0,0,0,0,0,0,0,0,0,0,0
everyday,5,3,0,2,0,0,0,0,0,0,0,0,0,0,0,0,0,0,0,0,0,0,0,0,0,0,0,0,0,0,0,0,0,0,0
north,5,1,1,1,1,0,0,0,0,0,0,0,1,0,0,0,0,0,0,0,0,0,0,0,0,0,0,0,0,0,0,0,0,0,0
steadily,5,2,1,0,0,0,1,0,0,0,0,1,0,0,0,0,0,0,0,0,0,0,0,0,0,0,0,0,0,0,0,0,0,0,0
loud,5,0,0,0,0,1,0,3,1,0,0,0,0,0,0,0,0,0,0,0,0,0,0,0,0,0,0,0,0,0,0,0,0,0,0
fucking,5,1,1,2,0,1,0,0,0,0,0,0,0,0,0,0,0,0,0,0,0,0,0,0,0,0,0,0,0,0,0,0,0,0,0
furthermore,4,2,1,0,0,1,0,0,0,0,0,0,0,0,0,0,0,0,0,0,0,0,0,0,0,0,0,0,0,0,0,0,0,0,0
infamously,4,1,0,1,1,0,1,0,0,0,0,0,0,0,0,0,0,0,0,0,0,0,0,0,0,0,0,0,0,0,0,0,0,0,0
bone,4,0,0,0,1,0,1,0,1,0,0,0,0,0,0,1,0,0,0,0,0,0,0,0,0,0,0,0,0,0,0,0,0,0,0
foremost,4,0,0,1,0,0,1,1,0,0,0,0,1,0,0,0,0,0,0,0,0,0,0,0,0,0,0,0,0,0,0,0,0,0,0
nowadays,4,1,1,0,1,0,0,0,0,1,0,0,0,0,0,0,0,0,0,0,0,0,0,0,0,0,0,0,0,0,0,0,0,0,0
legendarily,3,1,0,0,0,1,0,0,0,0,0,0,1,0,0,0,0,0,0,0,0,0,0,0,0,0,0,0,0,0,0,0,0,0,0
seismically,3,0,1,1,0,0,0,0,0,1,0,0,0,0,0,0,0,0,0,0,0,0,0,0,0,0,0,0,0,0,0,0,0,0,0
anywhere,3,3,0,0,0,0,0,0,0,0,0,0,0,0,0,0,0,0,0,0,0,0,0,0,0,0,0,0,0,0,0,0,0,0,0
chock,3,0,0,0,1,0,1,0,0,0,0,0,0,0,1,0,0,0,0,0,0,0,0,0,0,0,0,0,0,0,0,0,0,0,0
unseasonably,2,1,0,0,0,1,0,0,0,0,0,0,0,0,0,0,0,0,0,0,0,0,0,0,0,0,0,0,0,0,0,0,0,0,0
farther,2,0,0,0,1,0,0,0,0,1,0,0,0,0,0,0,0,0,0,0,0,0,0,0,0,0,0,0,0,0,0,0,0,0,0
namely,1,0,0,0,0,0,0,0,0,1,0,0,0,0,0,0,0,0,0,0,0,0,0,0,0,0,0,0,0,0,0,0,0,0,0
lot,1,0,0,0,0,0,0,0,0,0,0,1,0,0,0,0,0,0,0,0,0,0,0,0,0,0,0,0,0,0,0,0,0,0,0
