colloc,positive_raw,negative_raw,total_raw,positive_z,negative_z,total_z,positive_ratio,negative_ratio,positive_skew,negative_skew,positive_plus1,negative_plus1
immediately_clear,15784,21,15805,101.07583,0.12973,89.08478,0.99867,0.00133,2.33088,0.00232,15785,22
immediately_available,14303,59,14362,91.586,0.76465,80.93938,0.99589,0.00411,2.32439,0.00719,14304,60
as_good,3982,2245,6227,25.45195,37.28967,35.01922,0.63947,0.36053,1.49252,0.63079,3983,2246
very_good,2711,2101,4812,17.30774,34.88363,27.03188,0.56338,0.43662,1.31492,0.76392,2712,2102
so_sure,3949,122,4071,25.2405,1.81729,22.84911,0.97003,0.02997,2.26403,0.05243,3950,123
as_bad,2979,455,3434,19.02501,7.38126,19.2534,0.8675,0.1325,2.02473,0.23182,2980,456
too_late,1174,2158,3332,7.45908,35.83602,18.67763,0.35234,0.64766,0.82236,1.13317,1175,2159
too_early,347,2688,3035,2.1599,44.69158,17.00114,0.11433,0.88567,0.26685,1.5496,348,2689
so_bad,1918,685,2603,12.22642,11.22424,14.5626,0.73684,0.26316,1.71977,0.46043,1919,686
very_important,155,2313,2468,0.92962,38.42585,13.80056,0.0628,0.9372,0.14658,1.63975,156,2314
as_strong,1832,445,2277,11.67536,7.21417,12.72241,0.80457,0.19543,1.87784,0.34194,1833,446
so_good,1206,1046,2252,7.66413,17.25605,12.58129,0.53552,0.46448,1.2499,0.81266,1207,1047
too_much,481,1725,2206,3.01853,28.60119,12.32163,0.21804,0.78196,0.5089,1.36814,482,1726
yet_clear,2196,4,2200,14.00777,-0.15432,12.28776,0.99818,0.00182,2.32973,0.00318,2197,5
very_difficult,116,2075,2191,0.67972,34.4492,12.23696,0.05294,0.94706,0.12357,1.65701,117,2076
so_much,1836,188,2024,11.70099,2.92006,11.29428,0.90711,0.09289,2.11719,0.16252,1837,189
quite_sure,1875,93,1968,11.95089,1.33274,10.97817,0.95274,0.04726,2.22368,0.08268,1876,94
very_happy,603,1288,1891,3.80027,21.29953,10.54353,0.31888,0.68112,0.74426,1.19172,604,1289
as_important,1095,790,1885,6.95287,12.97864,10.50966,0.5809,0.4191,1.35581,0.73327,1096,791
as_high,891,950,1841,5.6457,15.65202,10.26129,0.48398,0.51602,1.12959,0.90285,892,951
too_high,190,1646,1836,1.15389,27.28121,10.23306,0.10349,0.89651,0.24153,1.56858,191,1647
so_easy,1355,376,1731,8.61888,6.06128,9.64036,0.78278,0.21722,1.827,0.38005,1356,377
as_easy,1463,238,1701,9.31091,3.75549,9.47102,0.86008,0.13992,2.00741,0.24481,1464,239
that_bad,1531,97,1628,9.74664,1.39958,9.05895,0.94042,0.05958,2.19491,0.10425,1532,98
too_bad,925,673,1598,5.86356,11.02374,8.88961,0.57885,0.42115,1.35102,0.73686,926,674
as_much,680,833,1513,4.29367,13.69711,8.40981,0.44944,0.55056,1.04898,0.96328,681,834
very_hard,80,1224,1304,0.44904,20.23018,7.23005,0.06135,0.93865,0.14319,1.6423,81,1225
too_small,275,1024,1299,1.69854,16.88846,7.20183,0.2117,0.7883,0.49411,1.37924,276,1025
much_different,1065,223,1288,6.76064,3.50486,7.13973,0.82686,0.17314,1.92988,0.30293,1066,224
as_big,830,446,1276,5.25483,7.23088,7.072,0.65047,0.34953,1.51818,0.61155,831,447
so_lucky,1071,168,1239,6.79909,2.58589,6.86314,0.86441,0.13559,2.01751,0.23724,1072,169
that_good,1071,168,1239,6.79909,2.58589,6.86314,0.86441,0.13559,2.01751,0.23724,1072,169
too_busy,87,1148,1235,0.49389,18.96032,6.84056,0.07045,0.92955,0.16442,1.62638,88,1149
yet_ready,1205,0,1205,7.65772,-0.22116,6.67122,1.0,0.0,2.33398,0.0,1206,1
always_easy,1134,36,1170,7.20277,0.38035,6.47365,0.96923,0.03077,2.26216,0.05384,1135,37
pretty_good,23,1136,1159,0.0838,18.75982,6.41156,0.01984,0.98016,0.04632,1.71492,24,1137
so_great,438,718,1156,2.743,11.77562,6.39462,0.37889,0.62111,0.88433,1.08671,439,719
very_different,252,853,1105,1.55117,14.03129,6.10674,0.22805,0.77195,0.53227,1.35063,253,854
as_likely,207,896,1103,1.26282,14.74976,6.09545,0.18767,0.81233,0.43802,1.42128,208,897
even_sure,1092,2,1094,6.93365,-0.18774,6.04465,0.99817,0.00183,2.32971,0.0032,1093,3
as_simple,717,363,1080,4.53075,5.84407,5.96562,0.66389,0.33611,1.5495,0.58807,718,364
yet_available,1076,0,1076,6.83112,-0.22116,5.94304,1.0,0.0,2.33398,0.0,1077,1
no_different,0,1060,1060,-0.06358,17.48997,5.85273,0.0,1.0,0.0,1.74964,1,1061
that_easy,978,55,1033,6.20317,0.69782,5.70032,0.94676,0.05324,2.20971,0.09316,979,56
so_important,324,706,1030,2.01252,11.57512,5.68338,0.31456,0.68544,0.73418,1.19927,325,707
very_pleased,67,960,1027,0.36574,15.81911,5.66645,0.06524,0.93476,0.15227,1.63549,68,961
that_simple,855,166,1021,5.41502,2.55247,5.63258,0.83741,0.16259,1.95451,0.28447,856,167
still_alive,58,948,1006,0.30807,15.6186,5.54791,0.05765,0.94235,0.13456,1.64876,59,949
very_strong,157,828,985,0.94243,13.61357,5.42937,0.15939,0.84061,0.37201,1.47076,158,829
all_bad,943,32,975,5.9789,0.31352,5.37292,0.96718,0.03282,2.25738,0.05742,944,33
too_good,364,606,970,2.26883,9.90426,5.3447,0.37526,0.62474,0.87584,1.09307,365,607
too_big,253,695,948,1.55757,11.39133,5.22051,0.26688,0.73312,0.62289,1.2827,254,696
quite_ready,899,21,920,5.69696,0.12973,5.06246,0.97717,0.02283,2.2807,0.03994,900,22
so_strong,158,754,912,0.94884,12.37713,5.0173,0.17325,0.82675,0.40435,1.44652,159,755
too_expensive,83,827,910,0.46826,13.59686,5.00601,0.09121,0.90879,0.21288,1.59006,84,828
too_old,191,712,903,1.1603,11.67537,4.9665,0.21152,0.78848,0.49368,1.37956,192,713
as_close,316,572,888,1.96126,9.33617,4.88183,0.35586,0.64414,0.83056,1.12702,317,573
even_close,860,27,887,5.44706,0.22998,4.87618,0.96956,0.03044,2.26293,0.05326,861,28
so_different,502,380,882,3.1531,6.12811,4.84796,0.56916,0.43084,1.32841,0.75381,503,381
very_concerned,67,780,847,0.36574,12.81156,4.65039,0.0791,0.9209,0.18462,1.61124,68,781
as_effective,642,204,846,4.05018,3.1874,4.64475,0.75887,0.24113,1.77117,0.4219,643,205
very_close,76,758,834,0.42341,12.44397,4.57701,0.09113,0.90887,0.21269,1.5902,77,759
so_high,173,661,834,1.04496,10.82323,4.57701,0.20743,0.79257,0.48415,1.3867,174,662
well_aware,5,821,826,-0.03154,13.49661,4.53185,0.00605,0.99395,0.01413,1.73905,6,822
all_right,19,805,824,0.05817,13.22927,4.52056,0.02306,0.97694,0.05382,1.70929,20,806
really_sure,812,7,819,5.13949,-0.1042,4.49234,0.99145,0.00855,2.31403,0.01495,813,8
too_low,32,771,803,0.14147,12.66118,4.40202,0.03985,0.96015,0.09301,1.67991,33,772
too_happy,632,159,791,3.9861,2.43551,4.33429,0.79899,0.20101,1.86482,0.3517,633,160
that_different,774,14,788,4.89599,0.01277,4.31735,0.98223,0.01777,2.29251,0.03108,775,15
as_great,613,169,782,3.86435,2.6026,4.28348,0.78389,0.21611,1.82958,0.37812,614,170
very_proud,30,715,745,0.12865,11.7255,4.07463,0.04027,0.95973,0.09399,1.67918,31,716
too_young,80,655,735,0.44904,10.72298,4.01818,0.10884,0.89116,0.25404,1.5592,81,656
so_hard,248,471,719,1.52554,7.6486,3.92786,0.34492,0.65508,0.80504,1.14615,249,472
very_high,231,488,719,1.4166,7.93264,3.92786,0.32128,0.67872,0.74986,1.18751,232,489
so_happy,220,498,718,1.34612,8.09973,3.92222,0.30641,0.69359,0.71515,1.21354,221,499
immediately_possible,716,0,716,4.52435,-0.22116,3.91093,1.0,0.0,2.33398,0.0,717,1
almost_impossible,1,708,709,-0.05717,11.60854,3.87142,0.00141,0.99859,0.00329,1.74717,2,709
too_worried,657,33,690,4.14629,0.33023,3.76416,0.95217,0.04783,2.22235,0.08368,658,34
too_long,270,420,690,1.6665,6.79646,3.76416,0.3913,0.6087,0.9133,1.065,271,421
very_clear,163,525,688,0.98088,8.55086,3.75288,0.23692,0.76308,0.55296,1.33512,164,526
as_sharp,617,70,687,3.88998,0.94845,3.74723,0.89811,0.10189,2.09616,0.17827,618,71
that_great,661,22,683,4.17192,0.14643,3.72465,0.96779,0.03221,2.2588,0.05636,662,23
that_hard,666,15,681,4.20396,0.02947,3.71336,0.97797,0.02203,2.28257,0.03854,667,16
as_large,394,285,679,2.46106,4.5408,3.70207,0.58027,0.41973,1.35433,0.73438,395,286
that_big,623,44,667,3.92843,0.51402,3.63434,0.93403,0.06597,2.18001,0.11542,624,45
as_successful,533,125,658,3.35173,1.86742,3.58353,0.81003,0.18997,1.89059,0.33238,534,126
too_hard,331,320,651,2.05738,5.1256,3.54402,0.50845,0.49155,1.18671,0.86004,332,321
so_simple,476,166,642,2.98649,2.55247,3.49322,0.74143,0.25857,1.73049,0.4524,477,167
any_different,450,181,631,2.81989,2.8031,3.43112,0.71315,0.28685,1.66448,0.50188,451,182
readily_available,367,261,628,2.28805,4.13979,3.41419,0.58439,0.41561,1.36396,0.72716,368,262
that_important,575,52,627,3.62086,0.64769,3.40854,0.91707,0.08293,2.14041,0.14511,576,53
so_big,147,475,622,0.87836,7.71543,3.38032,0.23633,0.76367,0.5516,1.33614,148,476
legally_binding,582,26,608,3.66571,0.21327,3.30129,0.95724,0.04276,2.23417,0.07482,583,27
overly_concerned,568,37,605,3.576,0.39706,3.28436,0.93884,0.06116,2.19124,0.107,569,38
entirely_clear,594,9,603,3.74261,-0.07078,3.27307,0.98507,0.01493,2.29914,0.02611,595,10
very_interested,136,466,602,0.80787,7.56506,3.26743,0.22591,0.77409,0.52728,1.35437,137,467
almost_certain,1,593,594,-0.05717,9.68705,3.22227,0.00168,0.99832,0.00393,1.74669,2,594
really_good,135,442,577,0.80146,7.16405,3.12631,0.23397,0.76603,0.54608,1.34028,136,443
as_popular,421,149,570,2.63407,2.26843,3.08679,0.7386,0.2614,1.72387,0.45736,422,150
so_low,40,520,560,0.19273,8.46732,3.03035,0.07143,0.92857,0.16671,1.62466,41,521
as_severe,523,30,553,3.28766,0.2801,2.99083,0.94575,0.05425,2.20736,0.09492,524,31
so_popular,127,424,551,0.7502,6.86329,2.97954,0.23049,0.76951,0.53796,1.34636,128,425
very_positive,32,512,544,0.14147,8.33365,2.94003,0.05882,0.94118,0.13729,1.64672,33,513
very_successful,193,347,540,1.17311,5.57673,2.91745,0.35741,0.64259,0.83418,1.1243,194,348
very_excited,35,501,536,0.16069,8.14986,2.89487,0.0653,0.9347,0.15241,1.63539,36,502
too_concerned,488,47,535,3.06339,0.56415,2.88923,0.91215,0.08785,2.12894,0.15371,489,48
also_likely,2,526,528,-0.05076,8.56757,2.84971,0.00379,0.99621,0.00884,1.74301,3,527
exactly_sure,527,0,527,3.31329,-0.22116,2.84407,1.0,0.0,2.33398,0.0,528,1
even_aware,498,22,520,3.12746,0.14643,2.80455,0.95769,0.04231,2.23523,0.07402,499,23
just_happy,39,479,518,0.18632,7.78227,2.79327,0.07529,0.92471,0.17572,1.61791,40,480
quite_right,494,23,517,3.10183,0.16314,2.78762,0.95551,0.04449,2.23014,0.07784,495,24
politically_motivated,292,212,504,1.80747,3.32107,2.71424,0.57937,0.42063,1.35223,0.73596,293,213
so_clear,399,105,504,2.4931,1.53325,2.71424,0.79167,0.20833,1.84773,0.36451,400,106
very_likely,185,316,501,1.12185,5.05876,2.6973,0.36926,0.63074,0.86185,1.10356,186,317
as_fast,377,122,499,2.35213,1.81729,2.68601,0.75551,0.24449,1.76335,0.42777,378,123
also_available,4,494,498,-0.03795,8.0329,2.68037,0.00803,0.99197,0.01875,1.73558,5,495
very_easy,143,353,496,0.85272,5.67698,2.66908,0.28831,0.71169,0.6729,1.24521,144,354
so_successful,91,401,492,0.51952,6.479,2.6465,0.18496,0.81504,0.43169,1.42603,92,402
so_small,31,455,486,0.13506,7.38126,2.61263,0.06379,0.93621,0.14888,1.63804,32,456
widely_available,266,219,485,1.64087,3.43803,2.60699,0.54845,0.45155,1.28008,0.79004,267,220
nearly_enough,479,4,483,3.00572,-0.15432,2.5957,0.99172,0.00828,2.31465,0.01449,480,5
very_disappointed,7,472,479,-0.01872,7.66531,2.57312,0.01461,0.98539,0.03411,1.72407,8,473
too_difficult,258,217,475,1.58961,3.40461,2.55054,0.54316,0.45684,1.26772,0.79931,259,218
just_glad,4,471,475,-0.03795,7.6486,2.55054,0.00842,0.99158,0.01965,1.7349,5,472
as_serious,392,82,474,2.44825,1.14895,2.5449,0.827,0.173,1.93021,0.30268,393,83
really_interested,328,145,473,2.03815,2.20159,2.53925,0.69345,0.30655,1.61849,0.53636,329,146
very_nice,184,286,470,1.11544,4.55751,2.52232,0.39149,0.60851,0.91373,1.06467,185,287
as_hard,292,175,467,1.80747,2.70285,2.50538,0.62527,0.37473,1.45936,0.65565,293,176
too_easy,47,420,467,0.23758,6.79646,2.50538,0.10064,0.89936,0.2349,1.57355,48,421
very_comfortable,113,352,465,0.66049,5.66027,2.49409,0.24301,0.75699,0.56718,1.32446,114,353
highly_unlikely,4,444,448,-0.03795,7.19747,2.39813,0.00893,0.99107,0.02084,1.73402,5,445
very_popular,171,270,441,1.03214,4.29017,2.35862,0.38776,0.61224,0.90501,1.07121,172,271
as_tough,288,153,441,1.78184,2.33526,2.35862,0.65306,0.34694,1.52423,0.60702,289,154
very_effective,216,225,441,1.32049,3.53828,2.35862,0.4898,0.5102,1.14317,0.89267,217,226
as_low,96,336,432,0.55156,5.39294,2.30782,0.22222,0.77778,0.51866,1.36083,97,337
so_fortunate,399,27,426,2.4931,0.22998,2.27395,0.93662,0.06338,2.18605,0.11089,400,28
very_confident,57,355,412,0.30166,5.7104,2.19492,0.13835,0.86165,0.3229,1.50758,58,356
also_concerned,0,410,410,-0.06358,6.62937,2.18363,0.0,1.0,0.0,1.74964,1,411
really_happy,154,255,409,0.92321,4.03954,2.17799,0.37653,0.62347,0.87881,1.09085,155,256
very_serious,75,333,408,0.417,5.34281,2.17234,0.18382,0.81618,0.42904,1.42801,76,334
so_excited,36,372,408,0.1671,5.99445,2.17234,0.08824,0.91176,0.20594,1.59526,37,373
really_important,71,337,408,0.39137,5.40964,2.17234,0.17402,0.82598,0.40616,1.44517,72,338
as_clear,291,115,406,1.80107,1.70033,2.16105,0.71675,0.28325,1.67288,0.49559,292,116
just_fine,7,398,405,-0.01872,6.42887,2.15541,0.01728,0.98272,0.04034,1.7194,8,399
too_great,97,306,403,0.55797,4.89168,2.14412,0.24069,0.75931,0.56178,1.32851,98,307
very_much,76,326,402,0.42341,5.22585,2.13847,0.18905,0.81095,0.44125,1.41886,77,327
really_hard,25,377,402,0.09661,6.07799,2.13847,0.06219,0.93781,0.14515,1.64083,26,378
so_busy,63,337,400,0.34011,5.40964,2.12718,0.1575,0.8425,0.3676,1.47407,64,338
especially_true,0,397,397,-0.06358,6.41216,2.11025,0.0,1.0,0.0,1.74964,1,398
as_old,79,315,394,0.44263,5.04206,2.09331,0.20051,0.79949,0.46798,1.39882,80,316
very_surprised,23,369,392,0.0838,5.94432,2.08202,0.05867,0.94133,0.13694,1.64698,24,370
always_clear,370,20,390,2.30728,0.11302,2.07074,0.94872,0.05128,2.21429,0.08973,371,21
quite_good,121,269,390,0.71176,4.27346,2.07074,0.31026,0.68974,0.72413,1.2068,122,270
so_quick,251,136,387,1.54476,2.05122,2.0538,0.64858,0.35142,1.51377,0.61486,252,137
fully_aware,177,209,386,1.07059,3.27094,2.04816,0.45855,0.54145,1.07024,0.94734,178,210
too_strong,73,311,384,0.40418,4.97522,2.03687,0.1901,0.8099,0.4437,1.41702,74,312
that_difficult,372,11,383,2.32009,-0.03736,2.03122,0.97128,0.02872,2.26694,0.05025,373,12
long_overdue,5,378,383,-0.03154,6.0947,2.03122,0.01305,0.98695,0.03047,1.7268,6,379
very_big,188,195,383,1.14107,3.03702,2.03122,0.49086,0.50914,1.14566,0.89081,189,196
really_worried,307,76,383,1.90359,1.0487,2.03122,0.80157,0.19843,1.87084,0.34719,308,77
also_true,3,379,382,-0.04436,6.11141,2.02558,0.00785,0.99215,0.01833,1.7359,4,380
as_lucky,366,15,381,2.28165,0.02947,2.01993,0.96063,0.03937,2.24209,0.06888,367,16
now_available,22,353,375,0.07739,5.67698,1.98606,0.05867,0.94133,0.13693,1.64699,23,354
pretty_sure,2,373,375,-0.05076,6.01115,1.98606,0.00533,0.99467,0.01245,1.74031,3,374
very_optimistic,154,217,371,0.92321,3.40461,1.96348,0.41509,0.58491,0.96882,1.02337,155,218
too_weak,16,355,371,0.03894,5.7104,1.96348,0.04313,0.95687,0.10066,1.67418,17,356
too_hot,135,235,370,0.80146,3.70537,1.95784,0.36486,0.63514,0.85159,1.11126,136,236
so_hot,171,199,370,1.03214,3.10386,1.95784,0.46216,0.53784,1.07868,0.94102,172,200
as_dramatic,331,38,369,2.05738,0.41377,1.9522,0.89702,0.10298,2.09362,0.18018,332,39
yet_complete,365,2,367,2.27524,-0.18774,1.94091,0.99455,0.00545,2.32126,0.00953,366,3
very_tough,23,344,367,0.0838,5.52661,1.94091,0.06267,0.93733,0.14627,1.63999,24,345
so_close,60,301,361,0.32088,4.80814,1.90704,0.1662,0.8338,0.38792,1.45884,61,302
also_important,1,357,358,-0.05717,5.74382,1.8901,0.00279,0.99721,0.00652,1.74475,2,358
quite_different,1,354,355,-0.05717,5.69369,1.87317,0.00282,0.99718,0.00657,1.74471,2,355
very_helpful,132,223,355,0.78224,3.50486,1.87317,0.37183,0.62817,0.86785,1.09907,133,224
particularly_interested,196,157,353,1.19233,2.4021,1.86188,0.55524,0.44476,1.29592,0.77817,197,158
as_happy,198,153,351,1.20515,2.33526,1.85059,0.5641,0.4359,1.3166,0.76266,199,154
so_difficult,113,236,349,0.66049,3.72208,1.8393,0.32378,0.67622,0.7557,1.18314,114,237
very_exciting,76,271,347,0.42341,4.30688,1.82801,0.21902,0.78098,0.51119,1.36643,77,272
as_quick,269,77,346,1.6601,1.06541,1.82237,0.77746,0.22254,1.81457,0.38937,270,78
so_concerned,150,195,345,0.89758,3.03702,1.81672,0.43478,0.56522,1.01477,0.98893,151,196
particularly_concerned,117,225,342,0.68612,3.53828,1.79979,0.34211,0.65789,0.79847,1.15108,118,226
very_low,3,338,341,-0.04436,5.42635,1.79414,0.0088,0.9912,0.02053,1.73425,4,339
as_aggressive,300,41,341,1.85874,0.4639,1.79414,0.87977,0.12023,2.05335,0.21037,301,42
too_short,22,318,340,0.07739,5.09218,1.7885,0.06471,0.93529,0.15102,1.63643,23,319
as_common,156,184,340,0.93603,2.85323,1.7885,0.45882,0.54118,1.07088,0.94686,157,185
as_difficult,243,96,339,1.4935,1.38287,1.78285,0.71681,0.28319,1.67303,0.49547,244,97
especially_important,9,330,339,-0.00591,5.29268,1.78285,0.02655,0.97345,0.06196,1.70319,10,331
very_interesting,121,218,339,0.71176,3.42132,1.78285,0.35693,0.64307,0.83307,1.12514,122,219
so_eager,101,237,338,0.5836,3.73878,1.77721,0.29882,0.70118,0.69743,1.22682,102,238
too_slow,11,327,338,0.00691,5.24256,1.77721,0.03254,0.96746,0.07596,1.6927,12,328
extremely_difficult,5,333,338,-0.03154,5.34281,1.77721,0.01479,0.98521,0.03453,1.72376,6,334
so_long,95,240,335,0.54515,3.78891,1.76027,0.28358,0.71642,0.66187,1.25347,96,241
virtually_impossible,2,331,333,-0.05076,5.30939,1.74898,0.00601,0.99399,0.01402,1.73913,3,332
too_optimistic,122,210,332,0.71816,3.28765,1.74334,0.36747,0.63253,0.85767,1.1067,123,211
nearly_impossible,1,329,330,-0.05717,5.27598,1.73205,0.00303,0.99697,0.00707,1.74434,2,330
still_possible,4,322,326,-0.03795,5.15902,1.70947,0.01227,0.98773,0.02864,1.72817,5,323
very_similar,4,318,322,-0.03795,5.09218,1.68689,0.01242,0.98758,0.02899,1.7279,5,319
as_long,144,177,321,0.85913,2.73627,1.68125,0.4486,0.5514,1.04702,0.96475,145,178
as_fortunate,311,8,319,1.92922,-0.08749,1.66996,0.97492,0.02508,2.27545,0.04388,312,9
as_concerned,241,77,318,1.48068,1.06541,1.66431,0.75786,0.24214,1.76883,0.42365,242,78
too_large,53,265,318,0.27603,4.20663,1.66431,0.16667,0.83333,0.389,1.45803,54,266
always_possible,233,84,317,1.42942,1.18237,1.65867,0.73502,0.26498,1.71551,0.46363,234,85
so_proud,23,294,317,0.0838,4.69117,1.65867,0.07256,0.92744,0.16934,1.62269,24,295
quite_clear,112,205,317,0.65409,3.20411,1.65867,0.35331,0.64669,0.82462,1.13147,113,206
really_concerned,207,106,313,1.26282,1.54996,1.63609,0.66134,0.33866,1.54356,0.59253,208,107
so_large,67,245,312,0.36574,3.87245,1.63044,0.21474,0.78526,0.50121,1.37391,68,246
always_good,103,207,310,0.59642,3.23753,1.61915,0.33226,0.66774,0.77548,1.16831,104,208
as_deep,236,74,310,1.44864,1.01528,1.61915,0.76129,0.23871,1.77683,0.41766,237,75
very_expensive,49,260,309,0.2504,4.12308,1.61351,0.15858,0.84142,0.37011,1.47219,50,261
politically_correct,216,92,308,1.32049,1.31604,1.60786,0.7013,0.2987,1.63682,0.52262,217,93
so_intense,32,276,308,0.14147,4.39042,1.60786,0.1039,0.8961,0.24249,1.56786,33,277
as_impressive,227,79,306,1.39097,1.09882,1.59658,0.74183,0.25817,1.73141,0.4517,228,80
also_possible,10,296,306,0.0005,4.72459,1.59658,0.03268,0.96732,0.07627,1.69246,11,297
so_confident,122,183,305,0.71816,2.83652,1.59093,0.4,0.6,0.93359,1.04978,123,184
pretty_clear,1,302,303,-0.05717,4.82484,1.57964,0.0033,0.9967,0.0077,1.74386,2,303
still_unclear,1,300,301,-0.05717,4.79143,1.56835,0.00332,0.99668,0.00775,1.74383,2,301
relatively_small,2,298,300,-0.05076,4.75801,1.56271,0.00667,0.99333,0.01556,1.73797,3,299
as_powerful,208,90,298,1.26923,1.28262,1.55142,0.69799,0.30201,1.62908,0.52841,209,91
no_good,0,297,297,-0.06358,4.7413,1.54577,0.0,1.0,0.0,1.74964,1,298
particularly_important,22,274,296,0.07739,4.357,1.54013,0.07432,0.92568,0.17347,1.6196,23,275
pretty_much,3,292,295,-0.04436,4.65776,1.53448,0.01017,0.98983,0.02374,1.73184,4,293
that_unusual,290,4,294,1.79466,-0.15432,1.52884,0.98639,0.01361,2.30222,0.0238,291,5
wide_open,10,284,294,0.0005,4.52409,1.52884,0.03401,0.96599,0.07939,1.69013,11,285
as_robust,280,14,294,1.73058,0.01277,1.52884,0.95238,0.04762,2.22284,0.08332,281,15
very_impressed,47,245,292,0.23758,3.87245,1.51755,0.16096,0.83904,0.37567,1.46802,48,246
extremely_important,6,285,291,-0.02513,4.5408,1.5119,0.02062,0.97938,0.04812,1.71356,7,286
as_exciting,220,68,288,1.34612,0.91503,1.49497,0.76389,0.23611,1.7829,0.41311,221,69
that_high,241,43,284,1.48068,0.49731,1.47239,0.84859,0.15141,1.98059,0.26491,242,44
well_worth,3,280,283,-0.04436,4.45725,1.46675,0.0106,0.9894,0.02474,1.73109,4,281
very_careful,36,247,283,0.1671,3.90587,1.46675,0.12721,0.87279,0.2969,1.52707,37,248
too_sure,279,2,281,1.72417,-0.18774,1.45546,0.99288,0.00712,2.31737,0.01245,280,3
mentally_ill,106,175,281,0.61564,2.70285,1.45546,0.37722,0.62278,0.88043,1.08963,107,176
mutually_exclusive,256,25,281,1.5768,0.19656,1.45546,0.91103,0.08897,2.12633,0.15566,257,26
too_close,16,264,280,0.03894,4.18992,1.44981,0.05714,0.94286,0.13337,1.64966,17,265
very_funny,116,163,279,0.67972,2.50235,1.44417,0.41577,0.58423,0.9704,1.02219,117,164
very_small,8,271,279,-0.01232,4.30688,1.44417,0.02867,0.97133,0.06692,1.69947,9,272
very_smart,139,139,278,0.82709,2.10134,1.43852,0.5,0.5,1.16699,0.87482,140,140
very_upset,6,271,277,-0.02513,4.30688,1.43288,0.02166,0.97834,0.05056,1.71174,7,272
as_intense,200,76,276,1.21796,1.0487,1.42723,0.72464,0.27536,1.69129,0.48178,201,77
very_aggressive,37,239,276,0.17351,3.7722,1.42723,0.13406,0.86594,0.31289,1.51508,38,240
so_young,57,218,275,0.30166,3.42132,1.42159,0.20727,0.79273,0.48377,1.38699,58,219
very_supportive,15,256,271,0.03254,4.05625,1.39901,0.05535,0.94465,0.12919,1.65279,16,257
very_competitive,27,243,270,0.10943,3.83904,1.39336,0.1,0.9,0.2334,1.57467,28,244
as_interested,209,61,270,1.27563,0.79807,1.39336,0.77407,0.22593,1.80667,0.39529,210,62
even_clear,267,2,269,1.64728,-0.18774,1.38772,0.99257,0.00743,2.31662,0.01301,268,3
that_interested,257,12,269,1.5832,-0.02065,1.38772,0.95539,0.04461,2.22986,0.07805,258,13
still_strong,1,268,269,-0.05717,4.25675,1.38772,0.00372,0.99628,0.00868,1.74313,2,269
as_interesting,202,67,269,1.23078,0.89832,1.38772,0.75093,0.24907,1.75265,0.43578,203,68
as_safe,180,88,268,1.08981,1.2492,1.38207,0.67164,0.32836,1.5676,0.57451,181,89
cautiously_optimistic,4,263,267,-0.03795,4.17321,1.37643,0.01498,0.98502,0.03497,1.72343,5,264
immediately_apparent,221,46,267,1.35253,0.54744,1.37643,0.82772,0.17228,1.93187,0.30144,222,47
too_important,44,223,267,0.21836,3.50486,1.37643,0.16479,0.83521,0.38463,1.46131,45,224
now_worth,1,265,266,-0.05717,4.20663,1.37078,0.00376,0.99624,0.00877,1.74306,2,266
immediately_able,263,2,265,1.62165,-0.18774,1.36514,0.99245,0.00755,2.31636,0.0132,264,3
so_severe,62,203,265,0.3337,3.17069,1.36514,0.23396,0.76604,0.54606,1.34029,63,204
always_right,162,102,264,0.97447,1.48312,1.35949,0.61364,0.38636,1.43221,0.676,163,103
that_surprising,259,2,261,1.59602,-0.18774,1.34256,0.99234,0.00766,2.31609,0.01341,260,3
as_comfortable,183,77,260,1.10903,1.06541,1.33692,0.70385,0.29615,1.64276,0.51816,184,78
really_excited,35,224,259,0.16069,3.52157,1.33127,0.13514,0.86486,0.3154,1.5132,36,225
as_smart,193,66,259,1.17311,0.88161,1.33127,0.74517,0.25483,1.73922,0.44585,194,67
only_natural,4,254,258,-0.03795,4.02283,1.32563,0.0155,0.9845,0.03619,1.72251,5,255
entirely_sure,257,1,258,1.5832,-0.20445,1.32563,0.99612,0.00388,2.32493,0.00678,258,2
as_dangerous,169,88,257,1.01933,1.2492,1.31998,0.65759,0.34241,1.53479,0.5991,170,89
so_nice,94,162,256,0.53875,2.48564,1.31434,0.36719,0.63281,0.85701,1.10719,95,163
very_frustrating,3,253,256,-0.04436,4.00612,1.31434,0.01172,0.98828,0.02735,1.72913,4,254
too_little,22,233,255,0.07739,3.67195,1.30869,0.08627,0.91373,0.20136,1.59869,23,234
statistically_significant,226,29,255,1.38457,0.26339,1.30869,0.88627,0.11373,2.06854,0.19898,227,30
largely_responsible,1,254,255,-0.05717,4.02283,1.30869,0.00392,0.99608,0.00915,1.74278,2,255
very_encouraging,104,151,255,0.60282,2.30184,1.30869,0.40784,0.59216,0.9519,1.03606,105,152
very_attractive,69,185,254,0.37855,2.86994,1.30305,0.27165,0.72835,0.63403,1.27434,70,186
particularly_strong,64,188,252,0.34652,2.92006,1.29176,0.25397,0.74603,0.59276,1.30529,65,189
so_upset,25,226,251,0.09661,3.55499,1.28611,0.0996,0.9004,0.23247,1.57537,26,227
too_quick,74,177,251,0.41059,2.73627,1.28611,0.29482,0.70518,0.6881,1.23381,75,178
still_open,5,246,251,-0.03154,3.88916,1.28611,0.01992,0.98008,0.04649,1.71478,6,247
yet_sure,250,0,250,1.53835,-0.22116,1.28047,1.0,0.0,2.33398,0.0,251,1
as_funny,183,67,250,1.10903,0.89832,1.28047,0.732,0.268,1.70847,0.4689,184,68
just_right,32,218,250,0.14147,3.42132,1.28047,0.128,0.872,0.29875,1.52568,33,219
particularly_true,1,249,250,-0.05717,3.93929,1.28047,0.004,0.996,0.00934,1.74264,2,250
very_fortunate,5,243,248,-0.03154,3.83904,1.26918,0.02016,0.97984,0.04706,1.71436,6,244
particularly_good,155,93,248,0.92962,1.33274,1.26918,0.625,0.375,1.45874,0.65611,156,94
very_lucky,29,219,248,0.12225,3.43803,1.26918,0.11694,0.88306,0.27292,1.54504,30,220
so_obvious,136,111,247,0.80787,1.6335,1.26353,0.55061,0.44939,1.28511,0.78627,137,112
so_new,40,206,246,0.19273,3.22082,1.25789,0.1626,0.8374,0.37951,1.46514,41,207
still_available,21,225,246,0.07098,3.53828,1.25789,0.08537,0.91463,0.19924,1.60028,22,226
as_optimistic,218,27,245,1.3333,0.22998,1.25224,0.8898,0.1102,2.07676,0.19282,219,28
very_sensitive,13,231,244,0.01972,3.63853,1.2466,0.05328,0.94672,0.12435,1.65642,14,232
very_dangerous,33,210,243,0.14788,3.28765,1.24095,0.1358,0.8642,0.31696,1.51203,34,211
so_impressed,43,199,242,0.21195,3.10386,1.23531,0.17769,0.82231,0.41472,1.43875,44,200
so_funny,139,100,239,0.82709,1.44971,1.21838,0.58159,0.41841,1.35742,0.73207,140,101
very_bad,24,215,239,0.09021,3.37119,1.21838,0.10042,0.89958,0.23437,1.57394,25,216
very_active,58,179,237,0.30807,2.76969,1.20709,0.24473,0.75527,0.57118,1.32146,59,180
very_simple,9,228,237,-0.00591,3.58841,1.20709,0.03797,0.96203,0.08863,1.6832,10,229
so_worried,129,107,236,0.76302,1.56667,1.20144,0.54661,0.45339,1.27578,0.79327,130,108
that_strong,209,26,235,1.27563,0.21327,1.1958,0.88936,0.11064,2.07575,0.19358,210,27
so_powerful,20,214,234,0.06458,3.35449,1.19015,0.08547,0.91453,0.19949,1.6001,21,215
highly_unusual,8,226,234,-0.01232,3.55499,1.19015,0.03419,0.96581,0.07979,1.68982,9,227
real_good,98,135,233,0.56438,2.03451,1.18451,0.4206,0.5794,0.98167,1.01374,99,136
very_sad,7,225,232,-0.01872,3.53828,1.17886,0.03017,0.96983,0.07042,1.69685,8,226
totally_different,4,228,232,-0.03795,3.58841,1.17886,0.01724,0.98276,0.04024,1.71947,5,229
much_interested,186,45,231,1.12826,0.53073,1.17322,0.80519,0.19481,1.87931,0.34084,187,46
as_smooth,166,63,229,1.0001,0.83149,1.16193,0.72489,0.27511,1.69188,0.48134,167,64
real_happy,141,87,228,0.83991,1.23249,1.15628,0.61842,0.38158,1.44338,0.66762,142,88
necessarily_bad,223,5,228,1.36534,-0.13761,1.15628,0.97807,0.02193,2.28279,0.03837,224,6
that_close,176,52,228,1.06418,0.64769,1.15628,0.77193,0.22807,1.80167,0.39904,177,53
so_certain,172,50,222,1.03855,0.61427,1.12241,0.77477,0.22523,1.80831,0.39406,173,51
relatively_easy,3,216,219,-0.04436,3.3879,1.10548,0.0137,0.9863,0.03197,1.72567,4,217
so_tired,23,195,218,0.0838,3.03702,1.09984,0.1055,0.8945,0.24625,1.56504,24,196
seriously_ill,78,140,218,0.43622,2.11805,1.09984,0.3578,0.6422,0.83509,1.12362,79,141
too_tired,48,170,218,0.24399,2.61931,1.09984,0.22018,0.77982,0.5139,1.3644,49,171
necessarily_true,210,5,215,1.28204,-0.13761,1.0829,0.97674,0.02326,2.2797,0.04069,211,6
pretty_hard,2,213,215,-0.05076,3.33778,1.0829,0.0093,0.9907,0.02171,1.73336,3,214
yet_certain,214,0,214,1.30767,-0.22116,1.07726,1.0,0.0,2.33398,0.0,215,1
as_significant,162,52,214,0.97447,0.64769,1.07726,0.75701,0.24299,1.76684,0.42515,163,53
too_tough,64,149,213,0.34652,2.26843,1.07161,0.30047,0.69953,0.70129,1.22393,65,150
really_surprised,122,91,213,0.71816,1.29933,1.07161,0.57277,0.42723,1.33683,0.7475,123,92
very_rare,10,203,213,0.0005,3.17069,1.07161,0.04695,0.95305,0.10958,1.6675,11,204
as_hot,143,69,212,0.85272,0.93174,1.06597,0.67453,0.32547,1.57433,0.56946,144,70
so_weak,35,176,211,0.16069,2.71956,1.06032,0.16588,0.83412,0.38715,1.45941,36,177
so_expensive,44,166,210,0.21836,2.55247,1.05468,0.20952,0.79048,0.48902,1.38305,45,167
so_angry,22,187,209,0.07739,2.90335,1.04903,0.10526,0.89474,0.24568,1.56547,23,188
pretty_close,3,204,207,-0.04436,3.1874,1.03774,0.01449,0.98551,0.03383,1.72428,4,205
still_young,2,205,207,-0.05076,3.20411,1.03774,0.00966,0.99034,0.02255,1.73273,3,206
too_costly,24,183,207,0.09021,2.83652,1.03774,0.11594,0.88406,0.27061,1.54678,25,184
as_confident,163,42,205,0.98088,0.48061,1.02645,0.79512,0.20488,1.8558,0.35846,164,43
very_young,7,197,204,-0.01872,3.07044,1.02081,0.03431,0.96569,0.08009,1.6896,8,198
only_good,146,58,204,0.87195,0.74794,1.02081,0.71569,0.28431,1.6704,0.49745,147,59
overly_optimistic,88,116,204,0.5003,1.71704,1.02081,0.43137,0.56863,1.00681,0.99489,89,117
as_expensive,122,80,202,0.71816,1.11553,1.00952,0.60396,0.39604,1.40963,0.69293,123,81
that_concerned,192,9,201,1.1667,-0.07078,1.00387,0.95522,0.04478,2.22947,0.07834,193,10
relatively_low,0,201,201,-0.06358,3.13727,1.00387,0.0,1.0,0.0,1.74964,1,202
as_familiar,123,77,200,0.72457,1.06541,0.99823,0.615,0.385,1.4354,0.67361,124,78
as_dire,197,3,200,1.19874,-0.17103,0.99823,0.985,0.015,2.29897,0.02624,198,4
entirely_new,181,18,199,1.09622,0.0796,0.99259,0.90955,0.09045,2.12286,0.15826,182,19
quite_enough,164,35,199,0.98729,0.36365,0.99259,0.82412,0.17588,1.92348,0.30773,165,36
too_many,22,177,199,0.07739,2.73627,0.99259,0.11055,0.88945,0.25803,1.55621,23,178
so_surprising,179,20,199,1.0834,0.11302,0.99259,0.8995,0.1005,2.09941,0.17584,180,21
very_unlikely,1,197,198,-0.05717,3.07044,0.98694,0.00505,0.99495,0.01179,1.7408,2,198
completely_different,5,193,198,-0.03154,3.00361,0.98694,0.02525,0.97475,0.05894,1.70546,6,194
readily_apparent,135,61,196,0.80146,0.79807,0.97565,0.68878,0.31122,1.60759,0.54453,136,62
so_full,12,182,194,0.01331,2.81981,0.96436,0.06186,0.93814,0.14437,1.64141,13,183
really_ready,143,50,193,0.85272,0.61427,0.95872,0.74093,0.25907,1.72932,0.45327,144,51
so_common,45,146,191,0.22477,2.2183,0.94743,0.2356,0.7644,0.54989,1.33742,46,147
so_beautiful,20,170,190,0.06458,2.61931,0.94178,0.10526,0.89474,0.24568,1.56547,21,171
also_interested,1,189,190,-0.05717,2.93677,0.94178,0.00526,0.99474,0.01228,1.74043,2,190
very_nervous,9,181,190,-0.00591,2.8031,0.94178,0.04737,0.95263,0.11056,1.66676,10,182
so_poor,22,168,190,0.07739,2.58589,0.94178,0.11579,0.88421,0.27025,1.54705,23,169
too_surprising,189,1,190,1.14748,-0.20445,0.94178,0.99474,0.00526,2.32169,0.00921,190,2
so_unusual,114,75,189,0.6669,1.03199,0.93614,0.60317,0.39683,1.4078,0.6943,115,76
too_complicated,31,158,189,0.13506,2.4188,0.93614,0.16402,0.83598,0.38282,1.46266,32,159
keenly_aware,6,183,189,-0.02513,2.83652,0.93614,0.03175,0.96825,0.07409,1.69409,7,184
as_weak,159,29,188,0.95525,0.26339,0.93049,0.84574,0.15426,1.97395,0.26989,160,30
very_worried,34,154,188,0.15428,2.35197,0.93049,0.18085,0.81915,0.4221,1.43321,35,155
too_harsh,47,141,188,0.23758,2.13476,0.93049,0.25,0.75,0.58349,1.31223,48,142
so_desperate,34,154,188,0.15428,2.35197,0.93049,0.18085,0.81915,0.4221,1.43321,35,155
so_serious,102,86,188,0.59001,1.21578,0.93049,0.54255,0.45745,1.26631,0.80037,103,87
as_steep,168,19,187,1.01292,0.09631,0.92485,0.8984,0.1016,2.09684,0.17777,169,20
yet_final,182,5,187,1.10263,-0.13761,0.92485,0.97326,0.02674,2.27157,0.04678,183,6
very_quiet,3,183,186,-0.04436,2.83652,0.9192,0.01613,0.98387,0.03764,1.72142,4,184
very_special,15,170,185,0.03254,2.61931,0.91356,0.08108,0.91892,0.18924,1.60778,16,171
so_tough,68,116,184,0.37215,1.71704,0.90791,0.36957,0.63043,0.86256,1.10303,69,117
far_different,7,177,184,-0.01872,2.73627,0.90791,0.03804,0.96196,0.08879,1.68308,8,178
yet_over,183,1,184,1.10903,-0.20445,0.90791,0.99457,0.00543,2.32129,0.00951,184,2
so_rare,44,140,184,0.21836,2.11805,0.90791,0.23913,0.76087,0.55813,1.33125,45,141
as_dominant,169,14,183,1.01933,0.01277,0.90227,0.9235,0.0765,2.15542,0.13385,170,15
extremely_rare,3,179,182,-0.04436,2.76969,0.89662,0.01648,0.98352,0.03847,1.7208,4,180
too_heavy,55,126,181,0.28885,1.88413,0.89098,0.30387,0.69613,0.70922,1.21798,56,127
as_consistent,156,24,180,0.93603,0.17985,0.88533,0.86667,0.13333,2.02278,0.23329,157,25
especially_strong,12,168,180,0.01331,2.58589,0.88533,0.06667,0.93333,0.1556,1.633,13,169
all_good,117,63,180,0.68612,0.83149,0.88533,0.65,0.35,1.51709,0.61237,118,64
partly_responsible,2,178,180,-0.05076,2.75298,0.88533,0.01111,0.98889,0.02593,1.7302,3,179
as_different,52,127,179,0.26962,1.90084,0.87969,0.2905,0.7095,0.67803,1.24136,53,128
very_unusual,7,171,178,-0.01872,2.63602,0.87405,0.03933,0.96067,0.09179,1.68083,8,172
particularly_vulnerable,4,173,177,-0.03795,2.66943,0.8684,0.0226,0.9774,0.05275,1.7101,5,174
deeply_concerned,9,168,177,-0.00591,2.58589,0.8684,0.05085,0.94915,0.11868,1.66067,10,169
only_fair,19,157,176,0.05817,2.4021,0.86276,0.10795,0.89205,0.25196,1.56076,20,158
acutely_aware,15,161,176,0.03254,2.46893,0.86276,0.08523,0.91477,0.19892,1.60052,16,162
as_talented,134,42,176,0.79506,0.48061,0.86276,0.76136,0.23864,1.77701,0.41753,135,43
as_profitable,155,20,175,0.92962,0.11302,0.85711,0.88571,0.11429,2.06724,0.19996,156,21
hiv_positive,10,165,175,0.0005,2.53576,0.85711,0.05714,0.94286,0.13337,1.64966,11,166
very_aware,20,154,174,0.06458,2.35197,0.85147,0.11494,0.88506,0.26827,1.54853,21,155
so_deep,33,141,174,0.14788,2.13476,0.85147,0.18966,0.81034,0.44265,1.41781,34,142
only_interested,32,142,174,0.14147,2.15147,0.85147,0.18391,0.81609,0.42924,1.42787,33,143
always_available,119,55,174,0.69894,0.69782,0.85147,0.68391,0.31609,1.59623,0.55305,120,56
so_nervous,22,152,174,0.07739,2.31855,0.85147,0.12644,0.87356,0.2951,1.52842,23,153
too_dangerous,13,161,174,0.01972,2.46893,0.85147,0.07471,0.92529,0.17438,1.61892,14,162
too_shabby,172,1,173,1.03855,-0.20445,0.84582,0.99422,0.00578,2.32049,0.01011,173,2
so_effective,39,134,173,0.18632,2.0178,0.84582,0.22543,0.77457,0.52616,1.35521,40,135
so_sad,54,118,172,0.28244,1.75046,0.84018,0.31395,0.68605,0.73276,1.20033,55,119
probably_right,1,170,171,-0.05717,2.61931,0.83453,0.00585,0.99415,0.01365,1.73941,2,171
very_disappointing,1,170,171,-0.05717,2.61931,0.83453,0.00585,0.99415,0.01365,1.73941,2,171
very_significant,51,119,170,0.26321,1.76717,0.82889,0.3,0.7,0.70019,1.22475,52,120
so_tight,27,143,170,0.10943,2.16818,0.82889,0.15882,0.84118,0.37069,1.47175,28,144
very_real,10,160,170,0.0005,2.45222,0.82889,0.05882,0.94118,0.13729,1.64672,11,161
yet_convinced,168,2,170,1.01292,-0.18774,0.82889,0.98824,0.01176,2.30652,0.02058,169,3
as_bright,116,54,170,0.67972,0.68111,0.82889,0.68235,0.31765,1.5926,0.55577,117,55
quite_possible,8,162,170,-0.01232,2.48564,0.82889,0.04706,0.95294,0.10983,1.6673,9,163
so_fast,42,127,169,0.20555,1.90084,0.82324,0.24852,0.75148,0.58004,1.31482,43,128
very_long,120,49,169,0.70535,0.59757,0.82324,0.71006,0.28994,1.65726,0.50729,121,50
as_attractive,142,26,168,0.84632,0.21327,0.8176,0.84524,0.15476,1.97277,0.27078,143,27
yet_prepared,167,1,168,1.00651,-0.20445,0.8176,0.99405,0.00595,2.32008,0.01041,168,2
as_active,132,36,168,0.78224,0.38035,0.8176,0.78571,0.21429,1.83384,0.37492,133,37
relatively_new,0,168,168,-0.06358,2.58589,0.8176,0.0,1.0,0.0,1.74964,1,169
quite_happy,16,152,168,0.03894,2.31855,0.8176,0.09524,0.90476,0.22228,1.58301,17,153
pretty_tough,5,163,168,-0.03154,2.50235,0.8176,0.02976,0.97024,0.06946,1.69757,6,164
just_good,100,66,166,0.57719,0.88161,0.80631,0.60241,0.39759,1.40601,0.69564,101,67
very_impressive,50,116,166,0.25681,1.71704,0.80631,0.3012,0.6988,0.70301,1.22264,51,117
still_able,2,164,166,-0.05076,2.51906,0.80631,0.01205,0.98795,0.02812,1.72856,3,165
too_cold,31,134,165,0.13506,2.0178,0.80066,0.18788,0.81212,0.4385,1.42092,32,135
still_good,3,162,165,-0.04436,2.48564,0.80066,0.01818,0.98182,0.04244,1.71783,4,163
too_fast,29,136,165,0.12225,2.05122,0.80066,0.17576,0.82424,0.41021,1.44213,30,137
very_useful,78,86,164,0.43622,1.21578,0.79502,0.47561,0.52439,1.11006,0.91749,79,87
really_great,19,145,164,0.05817,2.20159,0.79502,0.11585,0.88415,0.2704,1.54694,20,146
as_rich,113,51,164,0.66049,0.63098,0.79502,0.68902,0.31098,1.60817,0.54409,114,52
as_obvious,123,40,163,0.72457,0.44719,0.78937,0.7546,0.2454,1.76122,0.42936,124,41
so_optimistic,128,35,163,0.75661,0.36365,0.78937,0.78528,0.21472,1.83282,0.37569,129,36
very_bright,76,87,163,0.42341,1.23249,0.78937,0.46626,0.53374,1.08823,0.93386,77,88
really_nice,14,148,162,0.02613,2.25172,0.78373,0.08642,0.91358,0.2017,1.59843,15,149
still_interested,4,158,162,-0.03795,2.4188,0.78373,0.02469,0.97531,0.05763,1.70644,5,159
very_cautious,1,161,162,-0.05717,2.46893,0.78373,0.00617,0.99383,0.01441,1.73884,2,162
very_common,51,110,161,0.26321,1.61679,0.77808,0.31677,0.68323,0.73933,1.1954,52,111
as_accurate,118,43,161,0.69253,0.49731,0.77808,0.73292,0.26708,1.71062,0.46729,119,44
so_afraid,32,129,161,0.14147,1.93425,0.77808,0.19876,0.80124,0.4639,1.40188,33,130
absolutely_necessary,48,112,160,0.24399,1.65021,0.77244,0.3,0.7,0.70019,1.22475,49,113
very_large,79,81,160,0.44263,1.13224,0.77244,0.49375,0.50625,1.1524,0.88575,80,82
terminally_ill,59,100,159,0.31448,1.44971,0.76679,0.37107,0.62893,0.86607,1.1004,60,101
so_pleased,44,115,159,0.21836,1.70033,0.76679,0.27673,0.72327,0.64588,1.26546,45,116
really_tough,9,149,158,-0.00591,2.26843,0.76115,0.05696,0.94304,0.13295,1.64997,10,150
really_necessary,117,41,158,0.68612,0.4639,0.76115,0.74051,0.25949,1.72833,0.45402,118,42
as_enthusiastic,120,38,158,0.70535,0.41377,0.76115,0.75949,0.24051,1.77264,0.4208,121,39
too_smart,36,122,158,0.1671,1.81729,0.76115,0.22785,0.77215,0.53179,1.35099,37,123
as_competitive,111,47,158,0.64768,0.56415,0.76115,0.70253,0.29747,1.63969,0.52046,112,48
so_cold,22,135,157,0.07739,2.03451,0.75551,0.14013,0.85987,0.32705,1.50447,23,136
too_disappointed,154,3,157,0.92321,-0.17103,0.75551,0.98089,0.01911,2.28938,0.03343,155,4
always_true,143,14,157,0.85272,0.01277,0.75551,0.91083,0.08917,2.12585,0.15602,144,15
directly_responsible,97,59,156,0.55797,0.76465,0.74986,0.62179,0.37821,1.45126,0.66172,98,60
very_angry,2,153,155,-0.05076,2.33526,0.74422,0.0129,0.9871,0.03012,1.72706,3,154
pretty_obvious,0,155,155,-0.06358,2.36868,0.74422,0.0,1.0,0.0,1.74964,1,156
any_good,90,65,155,0.51312,0.8649,0.74422,0.58065,0.41935,1.35521,0.73372,91,66
as_efficient,137,18,155,0.81428,0.0796,0.74422,0.88387,0.11613,2.06293,0.20318,138,19
much_alive,2,152,154,-0.05076,2.31855,0.73857,0.01299,0.98701,0.03031,1.72692,3,153
too_keen,146,8,154,0.87195,-0.08749,0.73857,0.94805,0.05195,2.21273,0.09089,147,9
so_glad,3,151,154,-0.04436,2.30184,0.73857,0.01948,0.98052,0.04547,1.71555,4,152
as_generous,127,27,154,0.7502,0.22998,0.73857,0.82468,0.17532,1.92477,0.30675,128,28
so_enthusiastic,86,68,154,0.48748,0.91503,0.73857,0.55844,0.44156,1.30339,0.77257,87,69
highly_regarded,53,100,153,0.27603,1.44971,0.73293,0.34641,0.65359,0.8085,1.14355,54,101
pretty_easy,1,151,152,-0.05717,2.30184,0.72728,0.00658,0.99342,0.01536,1.73813,2,152
really_bad,39,113,152,0.18632,1.66692,0.72728,0.25658,0.74342,0.59885,1.30072,40,114
very_powerful,31,121,152,0.13506,1.80059,0.72728,0.20395,0.79605,0.47601,1.3928,32,122
that_serious,135,16,151,0.80146,0.04618,0.72164,0.89404,0.10596,2.08667,0.18539,136,17
very_sorry,0,151,151,-0.06358,2.30184,0.72164,0.0,1.0,0.0,1.74964,1,152
really_proud,8,143,151,-0.01232,2.16818,0.72164,0.05298,0.94702,0.12365,1.65694,9,144
virtually_certain,0,151,151,-0.06358,2.30184,0.72164,0.0,1.0,0.0,1.74964,1,152
really_serious,60,91,151,0.32088,1.29933,0.72164,0.39735,0.60265,0.92741,1.05442,61,92
particularly_worried,108,42,150,0.62845,0.48061,0.71599,0.72,0.28,1.68046,0.4899,109,43
very_limited,2,148,150,-0.05076,2.25172,0.71599,0.01333,0.98667,0.03112,1.72631,3,149
now_clear,1,149,150,-0.05717,2.26843,0.71599,0.00667,0.99333,0.01556,1.73797,2,150
even_worth,141,9,150,0.83991,-0.07078,0.71599,0.94,0.06,2.19394,0.10498,142,10
as_excited,84,66,150,0.47467,0.88161,0.71599,0.56,0.44,1.30703,0.76984,85,67
very_busy,27,122,149,0.10943,1.81729,0.71035,0.18121,0.81879,0.42294,1.43259,28,123
entirely_happy,145,4,149,0.86554,-0.15432,0.71035,0.97315,0.02685,2.27132,0.04697,146,5
too_upset,123,25,148,0.72457,0.19656,0.7047,0.83108,0.16892,1.93972,0.29555,124,26
too_risky,8,139,147,-0.01232,2.10134,0.69906,0.05442,0.94558,0.12702,1.65442,9,140
always_able,105,42,147,0.60923,0.48061,0.69906,0.71429,0.28571,1.66713,0.4999,106,43
entirely_possible,6,141,147,-0.02513,2.13476,0.69906,0.04082,0.95918,0.09526,1.67822,7,142
as_worried,128,19,147,0.75661,0.09631,0.69906,0.87075,0.12925,2.03231,0.22614,129,20
very_pleasant,105,41,146,0.60923,0.4639,0.69341,0.71918,0.28082,1.67855,0.49134,106,42
that_interesting,142,4,146,0.84632,-0.15432,0.69341,0.9726,0.0274,2.27003,0.04794,143,5
often_difficult,1,145,146,-0.05717,2.20159,0.69341,0.00685,0.99315,0.01599,1.73765,2,146
still_uncertain,0,146,146,-0.06358,2.2183,0.69341,0.0,1.0,0.0,1.74964,1,147
as_tight,111,35,146,0.64768,0.36365,0.69341,0.76027,0.23973,1.77446,0.41943,112,36
racially_motivated,65,80,145,0.35292,1.11553,0.68777,0.44828,0.55172,1.04627,0.96532,66,81
as_productive,113,32,145,0.66049,0.31352,0.68777,0.77931,0.22069,1.81889,0.38613,114,33
absolutely_sure,81,64,145,0.45545,0.8482,0.68777,0.55862,0.44138,1.30381,0.77225,82,65
that_long,129,16,145,0.76302,0.04618,0.68777,0.88966,0.11034,2.07644,0.19306,130,17
very_conservative,7,137,144,-0.01872,2.06792,0.68212,0.04861,0.95139,0.11346,1.66459,8,138
so_quiet,21,123,144,0.07098,1.834,0.68212,0.14583,0.85417,0.34037,1.49448,22,124
dead_wrong,3,141,144,-0.04436,2.13476,0.68212,0.02083,0.97917,0.04862,1.71319,4,142
too_tight,28,116,144,0.11584,1.71704,0.68212,0.19444,0.80556,0.45383,1.40943,29,117
too_conservative,12,132,144,0.01331,1.98438,0.68212,0.08333,0.91667,0.1945,1.60383,13,133
still_high,1,143,144,-0.05717,2.16818,0.68212,0.00694,0.99306,0.01621,1.73749,2,144
so_cool,43,101,144,0.21195,1.46641,0.68212,0.29861,0.70139,0.69695,1.22718,44,102
currently_available,70,74,144,0.38496,1.01528,0.68212,0.48611,0.51389,1.13457,0.89912,71,75
that_complicated,143,1,144,0.85272,-0.20445,0.68212,0.99306,0.00694,2.31777,0.01215,144,2
too_serious,96,48,144,0.55156,0.58086,0.68212,0.66667,0.33333,1.55599,0.58321,97,49
as_surprised,35,109,144,0.16069,1.60008,0.68212,0.24306,0.75694,0.56729,1.32438,36,110
too_familiar,33,110,143,0.14788,1.61679,0.67648,0.23077,0.76923,0.53861,1.34588,34,111
too_severe,53,90,143,0.27603,1.28262,0.67648,0.37063,0.62937,0.86504,1.10117,54,91
even_able,112,30,142,0.65409,0.2801,0.67083,0.78873,0.21127,1.84088,0.36964,113,31
very_slow,4,137,141,-0.03795,2.06792,0.66519,0.02837,0.97163,0.06621,1.7,5,138
so_stupid,50,91,141,0.25681,1.29933,0.66519,0.35461,0.64539,0.82765,1.1292,51,92
very_emotional,11,130,141,0.00691,1.95096,0.66519,0.07801,0.92199,0.18208,1.61314,12,131
as_sweet,101,40,141,0.5836,0.44719,0.66519,0.71631,0.28369,1.67186,0.49635,102,41
as_busy,83,58,141,0.46826,0.74794,0.66519,0.58865,0.41135,1.3739,0.71971,84,59
so_wonderful,31,110,141,0.13506,1.61679,0.66519,0.21986,0.78014,0.51314,1.36497,32,111
so_old,38,103,141,0.17991,1.49983,0.66519,0.2695,0.7305,0.62902,1.2781,39,104
highly_critical,0,140,140,-0.06358,2.11805,0.65954,0.0,1.0,0.0,1.74964,1,141
particularly_sensitive,16,124,140,0.03894,1.85071,0.65954,0.11429,0.88571,0.26674,1.54968,17,125
too_broad,6,134,140,-0.02513,2.0178,0.65954,0.04286,0.95714,0.10003,1.67465,7,135
as_wide,72,67,139,0.39778,0.89832,0.6539,0.51799,0.48201,1.20897,0.84335,73,68
