key,l1,l2,f,E11,am_log_likelihood,am_odds_ratio_disc,am_p1_given2,am_p2_given1,am_p1_given2_simple,am_p2_given1_simple,f1,f2,N,Fyy(O11),Fyn(O12),Fny(O21),Fnn(O22),Fy_(R1),Fn_(R2),F_y(C1),F_n(C2),E12,E21,E22,t_score,dice,mutual_information,deltaP_min,deltaP_max,deltaP_abs_max,deltaP_mean,unexpected_f,unexpected_ratio,conservative_log_ratio,conservative_log_ratio_001,conservative_log_ratio_01,conservative_log_ratio_05,conservative_log_ratio_nc,conservative_log_ratio_dv,f_sqrt,f1_sqrt,f2_sqrt,first_char
too~shabby,too,shabby,5398,382.36317,27289.6639,2.548145,0.8950032,0.012439568,0.9623819,0.012475242,432697,5609,6347362,5398.0,427299.0,211.0,5914454.0,432697.0,5914665.0,5609.0,6341753.0,432314.636827236,5226.636827236,5909438.363172764,68.266815,0.024631195,1.1497568,0.012439568,0.8950032,0.8950032,0.45372137,5015.63683,0.9291658,7.9328313,7.90725,7.944296,7.972094,8.169925,8.047017,73.47108274688756,657.7970811732141,74.89325737341113,t
too~late,too,late,29740,2124.02777,150355.5785,2.4880857,0.89069265,0.06849196,0.95449,0.068731695,432697,31158,6347362,29740.0,402957.0,1418.0,5913247.0,432697.0,5914665.0,31158.0,6316204.0,430572.97223445,29033.97223445,5885631.027765551,160.13632,0.12822972,1.1461807,0.06849196,0.89069265,0.89069265,0.47959232,27615.97223,0.9285801,7.9569716,7.9463367,7.961726,7.973225,8.053852,8.004008,172.45289211839852,657.7970811732141,176.5162882002678,t
ver~first,very,first,6419,643.67884,27544.7356,2.2343867,0.8528538,0.010587846,0.9468948,0.010650513,602694,6779,6347362,6419.0,596275.0,360.0,5744308.0,602694.0,5744668.0,6779.0,6340583.0,602050.321157356,6135.321157356,5738532.678842643,72.084595,0.0210641,0.99879813,0.010587846,0.8528538,0.8528538,0.43172082,5775.3211599999995,0.8997229,7.004899,6.9845743,7.013999,7.03604,7.1919546,7.095283,80.11866199581718,776.3336911406074,82.33468284993876,v
mut~exclusive,mutually,exclusive,5713,8.57336,75805.3076,4.1175094,0.7843672,0.7641359,0.78464496,0.7643832,7474,7281,6347362,5713.0,1761.0,1568.0,6338320.0,7474.0,6339888.0,7281.0,6340081.0,7465.426644014,7272.426644014,6332615.573355987,75.47096,0.7743816,2.8237133,0.7641359,0.7843672,0.7843672,0.7742515,5704.42664,0.99849933,11.375583,11.364247,11.380648,11.392889,11.478412,11.425604,75.58438992278762,86.45229898620394,85.32877591996736,m
too~early,too,early,9508,823.28401,39123.1473,1.71347,0.7204829,0.021539463,0.78728163,0.021973806,432697,12077,6347362,9508.0,423189.0,2569.0,5912096.0,432697.0,5914665.0,12077.0,6335285.0,431873.715985476,11253.715985476,5903411.284014525,89.06581,0.042754296,1.0625395,0.021539463,0.7204829,0.7204829,0.37101117,8684.71599,0.91341144,5.490309,5.4814153,5.494282,5.5038815,5.570869,5.529524,97.50897394599124,657.7970811732141,109.89540481748998,t
mos~recent,most,recent,13493,960.15596,60192.402,1.7647955,0.7101703,0.038480464,0.7624456,0.039180785,344378,17697,6347362,13493.0,330885.0,4204.0,5998780.0,344378.0,6002984.0,17697.0,6329665.0,343417.8440382,16736.8440382,5986247.155961799,107.893524,0.07453152,1.1477667,0.038480464,0.7101703,0.7101703,0.3743254,12532.84404,0.92884046,5.670216,5.663108,5.673391,5.6810603,5.734508,5.7015343,116.15937327654622,586.8372857956454,133.03007178829907,m
ver~best,very,best,6631,947.61983,19216.0132,1.2803509,0.5703738,0.010419291,0.66442883,0.011002266,602694,9980,6347362,6631.0,596063.0,3349.0,5741319.0,602694.0,5744668.0,9980.0,6337382.0,601746.380166753,9032.380166753,5735635.619833247,69.79385,0.021646095,0.8449449,0.010419291,0.5703738,0.5703738,0.29039654,5683.38017,0.8570925,4.074873,4.066303,4.0787,4.087943,4.1522913,4.1126065,81.43095234614415,776.3336911406074,99.89994994993741,v
ver~few,very,few,7274,1114.07049,19627.8437,1.196621,0.5259812,0.011292945,0.6199608,0.012069143,602694,11733,6347362,7274.0,595420.0,4459.0,5740209.0,602694.0,5744668.0,11733.0,6335629.0,601579.929508668,10618.929508668,5734049.070491332,72.22526,0.023677345,0.81486064,0.011292945,0.5259812,0.5259812,0.26863706,6159.92951,0.8468421,3.8119304,3.8042083,3.8153782,3.8237042,3.8816128,3.8459103,85.28774824088158,776.3336911406074,108.31897340724754,v
muc~easier,much,easier,6864,265.23038,36102.1072,1.757634,0.51348794,0.051534705,0.5330434,0.05250195,130738,12877,6347362,6864.0,123874.0,6013.0,6210611.0,130738.0,6216624.0,12877.0,6334485.0,130472.769621458,12611.769621458,6204012.230378541,79.6479,0.0955889,1.412954,0.051534705,0.51348794,0.51348794,0.28251132,6598.76962,0.9613592,5.6256094,5.618393,5.62883,5.6366067,5.6906214,5.657335,82.84926070883192,361.57710104485324,113.47686988985905,m
so~lucky,so,lucky,9241,1403.87757,24669.28,1.1689855,0.49946553,0.01519018,0.58747613,0.016312676,566492,15730,6347362,9241.0,557251.0,6489.0,5774381.0,566492.0,5780870.0,15730.0,6331632.0,565088.122426923,14326.122426923,5766543.877573077,81.52619,0.031743906,0.8183897,0.01519018,0.49946553,0.49946553,0.25732785,7837.122429999999,0.84808165,3.7360337,3.7294378,3.7389781,3.746088,3.7955074,3.7650456,96.13012014972206,752.6566282176753,125.41929676090518,s
too~distant,too,distant,5220,632.40919,15950.1618,1.2501725,0.49523613,0.011377947,0.5626819,0.012063869,432697,9277,6347362,5220.0,427477.0,4057.0,5910608.0,432697.0,5914665.0,9277.0,6338085.0,432064.590808749,8644.590808749,5906020.409191252,63.49645,0.023621298,0.91667235,0.011377947,0.49523613,0.49523613,0.25330704,4587.59081,0.8788488,3.974625,3.9660957,3.978433,3.9876266,4.0515165,4.0121374,72.24956747275377,657.7970811732141,96.317184344228,t
mos~famous,most,famous,7187,750.73052,23595.4484,1.2837328,0.46616542,0.019761726,0.5194045,0.02086951,344378,13837,6347362,7187.0,337191.0,6650.0,5996334.0,344378.0,6002984.0,13837.0,6333525.0,343627.269478249,13086.269478249,5989897.730521751,75.92073,0.04012674,0.98106354,0.019761726,0.46616542,0.46616542,0.24296357,6436.26948,0.8955433,4.1038833,4.096926,4.106989,4.114486,4.166552,4.1344686,84.77617589865682,586.8372857956454,117.63077828527702,m
so~many,so,many,50494,8735.90264,120797.7327,1.073332,0.4332942,0.080936976,0.5158608,0.08913454,566492,97883,6347362,50494.0,515998.0,47389.0,5733481.0,566492.0,5780870.0,97883.0,6249479.0,557756.097362652,89147.097362652,5691722.902637348,185.83214,0.15200451,0.761932,0.080936976,0.4332942,0.4332942,0.2571156,41758.09736,0.82699126,3.3932252,3.390609,3.394393,3.3972123,3.4167905,3.4047263,224.7087003211046,752.6566282176753,312.8625896459978,s
muc~better,much,better,21991,1046.89481,106079.957,1.6374285,0.41539282,0.16356811,0.43266374,0.16820665,130738,50827,6347362,21991.0,108747.0,28836.0,6187788.0,130738.0,6216624.0,50827.0,6296535.0,129691.105191417,49780.105191417,6166843.894808584,141.23402,0.24223831,1.3223419,0.16356811,0.41539282,0.41539282,0.28948048,20944.10519,0.9523944,5.11104,5.1073685,5.112679,5.116635,5.144091,5.127176,148.29362764461592,361.57710104485324,225.44844199949574,m
qui~right,quite,right,8892,403.25442,42700.771,1.6020828,0.39951935,0.072066166,0.41709274,0.07406174,120062,21319,6347362,8892.0,111170.0,12427.0,6214873.0,120062.0,6227300.0,21319.0,6326043.0,119658.745580605,20915.745580605,6206384.254419395,90.02099,0.12578776,1.3434203,0.072066166,0.39951935,0.39951935,0.23579276,8488.74558,0.95464975,5.1060534,5.1003437,5.108601,5.1147513,5.1574135,5.1311345,94.29740187301027,346.49963924945143,146.01027361114012,q
muc~more,much,more,20397,1016.10197,95800.0987,1.5969356,0.39594397,0.15135986,0.4134639,0.15601432,130738,49332,6347362,20397.0,110341.0,28935.0,6187689.0,130738.0,6216624.0,49332.0,6298030.0,129721.8980326,48315.8980326,6168308.1019674,135.7034,0.22654523,1.302629,0.15135986,0.39594397,0.39594397,0.2736519,19380.89803,0.95018375,4.9960437,4.9922915,4.9977183,5.001761,5.029813,5.0125313,142.81806608409175,361.57710104485324,222.10808179802913,m
ver~little,very,little,9883,2003.38987,19724.2541,0.930553,0.37470448,0.01444562,0.46841082,0.016398039,602694,21099,6347362,9883.0,592811.0,11216.0,5733452.0,602694.0,5744668.0,21099.0,6326263.0,600690.6101341,19095.6101341,5725572.3898659,79.26115,0.031686794,0.69312334,0.01444562,0.37470448,0.37470448,0.19457506,7879.61013,0.7972893,2.9632437,2.9575877,2.9657683,2.9718623,3.0141587,2.9881,99.41327879111522,776.3336911406074,145.25494828060076,v
mor~likely,more,likely,22448,4332.57416,46749.3232,0.9520395,0.3677611,0.03583099,0.4521522,0.040525783,553919,49647,6347362,22448.0,531471.0,27199.0,5766244.0,553919.0,5793443.0,49647.0,6297715.0,549586.425838797,45314.425838797,5748128.574161203,120.9093,0.07438458,0.71443164,0.03583099,0.3677611,0.3677611,0.20179605,18115.42584,0.8069951,3.0398438,3.0361476,3.0414934,3.0454757,3.0731177,3.0560873,149.82656640262434,744.2573479650705,222.81606764324695,m
eve~close,even,close,17750,896.33963,81971.901,1.5632117,0.36523607,0.14040974,0.3818436,0.14502582,122392,46485,6347362,17750.0,104642.0,28735.0,6196235.0,122392.0,6224970.0,46485.0,6300877.0,121495.660367882,45588.660367882,6179381.339632118,126.50132,0.21021217,1.2967257,0.14040974,0.36523607,0.36523607,0.2528229,16853.66037,0.949502,4.8994384,4.8955154,4.9011893,4.9054155,4.934733,4.9166737,133.22912594474226,349.8456802648848,215.60380330597138,e
so~much,so,much,44556,9594.47239,83681.2354,0.88955325,0.33081737,0.067763634,0.41446286,0.07865248,566492,107503,6347362,44556.0,521936.0,62947.0,5717923.0,566492.0,5780870.0,107503.0,6239859.0,556897.527607217,97908.527607217,5682961.472392783,165.62935,0.13221464,0.6668851,0.067763634,0.33081737,0.33081737,0.1992905,34961.52761,0.78466487,2.8046803,2.802142,2.805813,2.808548,2.8275304,2.8158355,211.08292209461192,752.6566282176753,327.87650114029213,s
qui~ready,quite,ready,10245,559.57012,44690.6914,1.4763879,0.32893154,0.08222555,0.34631377,0.08533091,120062,29583,6347362,10245.0,109817.0,19338.0,6207962.0,120062.0,6227300.0,29583.0,6317779.0,119502.429875277,29023.429875277,6198276.570124723,95.6892,0.13692406,1.2626574,0.08222555,0.32893154,0.32893154,0.20557855,9685.42988,0.94538116,4.6852946,4.6802583,4.6875415,4.692965,4.730566,4.707409,101.21758740456127,346.49963924945143,171.99709299868996,q
mor~efficient,more,efficient,6316,1369.14126,11416.9302,0.85234207,0.31608874,0.009784526,0.40257505,0.011402389,553919,15689,6347362,6316.0,547603.0,9373.0,5784070.0,553919.0,5793443.0,15689.0,6331673.0,552549.858742419,14319.858742419,5779123.14125758,62.24557,0.022176655,0.66399384,0.009784526,0.31608874,0.31608874,0.16293664,4946.85874,0.78322655,2.6906974,2.6839943,2.6936889,2.7009084,2.7509687,2.720137,79.47326594522211,744.2573479650705,125.25573839150046,m
mos~common,most,common,12163,1869.09492,28965.7382,0.9923291,0.30043772,0.031606097,0.35306242,0.035318747,344378,34450,6347362,12163.0,332215.0,22287.0,5980697.0,344378.0,6002984.0,34450.0,6312912.0,342508.905075211,32580.905075211,5970403.094924789,93.33828,0.064213835,0.8134093,0.031606097,0.30043772,0.30043772,0.16602191,10293.90508,0.84632945,3.1623652,3.1577232,3.1644366,3.1694362,3.204104,3.1827521,110.28599185753374,586.8372857956454,185.60711193270586,m
mos~popular,most,popular,17517,2773.5307,40803.5364,0.9786532,0.29075065,0.045267902,0.34266433,0.05086562,344378,51120,6347362,17517.0,326861.0,33603.0,5969381.0,344378.0,6002984.0,51120.0,6296242.0,341604.469301735,48346.469301735,5954637.530698265,111.39606,0.08858199,0.8004268,0.045267902,0.29075065,0.29075065,0.16800928,14743.4693,0.84166634,3.1114478,3.1076136,3.113159,3.117289,3.1459324,3.12829,132.3518039166826,586.8372857956454,226.09732417700127,m
imm~clear,immediately,clear,24488,770.168,141124.5258,1.8814347,0.28538105,0.41241744,0.29073814,0.42191592,58040,84227,6347362,24488.0,33552.0,59739.0,6229583.0,58040.0,6289322.0,84227.0,6263135.0,57269.832002649,83456.832002649,6205865.167997351,151.56479,0.3442541,1.5023679,0.28538105,0.41241744,0.41241744,0.34889925,23717.832,0.9685492,5.414218,5.4110947,5.4156117,5.418976,5.4423046,5.427936,156.48642113614844,240.91492274244865,290.21888291425836,i
as~simple,as,simple,17952,4844.61366,25704.969,0.74105155,0.28175235,0.022280108,0.38304138,0.027360724,656123,46867,6347362,17952.0,638171.0,28915.0,5662324.0,656123.0,5691239.0,46867.0,6300495.0,651278.386341444,42022.386341444,5649216.613658556,97.82721,0.05107327,0.5688537,0.022280108,0.28175235,0.28175235,0.15201622,13107.386340000001,0.73013514,2.3553226,2.3514183,2.3570652,2.3612714,2.3904502,2.372476,133.9850737955538,810.0141974064405,216.48787494915274,a
as~strong,as,strong,14083,3880.28053,19544.5571,0.72431684,0.27341405,0.017342716,0.3751665,0.021463962,656123,37538,6347362,14083.0,642040.0,23455.0,5667784.0,656123.0,5691239.0,37538.0,6309824.0,652242.719471806,33657.719471806,5657581.280528194,85.97424,0.04060485,0.55983204,0.017342716,0.27341405,0.27341405,0.14537838,10202.71947,0.7244706,2.298029,2.2936447,2.2999854,2.304708,2.337463,2.3172872,118.67181636766162,810.0141974064405,193.74725804511402,a
too~worried,too,worried,5356,1106.32411,9765.4554,0.83286774,0.26252815,0.010539865,0.3300265,0.012378177,432697,16229,6347362,5356.0,427341.0,10873.0,5903792.0,432697.0,5914665.0,16229.0,6331133.0,431590.675890394,15122.675890394,5899542.324109606,58.06782,0.023861393,0.6849582,0.010539865,0.26252815,0.26252815,0.136534,4249.67589,0.79344213,2.6213634,2.6144578,2.6244442,2.6318793,2.68338,2.6516716,73.18469785412795,657.7970811732141,127.39309243440164,t
imm~available,immediately,available,21477,758.54603,116575.8486,1.7745433,0.25305966,0.36026275,0.2588963,0.3700379,58040,82956,6347362,21477.0,36563.0,61479.0,6227843.0,58040.0,6289322.0,82956.0,6264406.0,57281.453970957,82197.453970957,6207124.546029043,141.37433,0.30464694,1.4519917,0.25305966,0.36026275,0.36026275,0.30666122,20718.45397,0.964681,5.1808515,5.1775846,5.1823087,5.185827,5.2102165,5.1951957,146.55033265059484,240.91492274244865,288.0208325798674,i
too~hot,too,hot,5341,1146.61233,9329.0651,0.80803645,0.25003162,0.010402741,0.31753865,0.012343511,432697,16820,6347362,5341.0,427356.0,11479.0,5903186.0,432697.0,5914665.0,16820.0,6330542.0,431550.387668767,15673.387668767,5898991.612331233,57.392784,0.023763284,0.668206,0.010402741,0.25003162,0.25003162,0.13021718,4194.38767,0.7853188,2.540045,2.5331888,2.543104,2.5504854,2.6016085,2.5701344,73.08214556237385,657.7970811732141,129.6919426949878,t
ver~nice,very,nice,7638,2119.70593,10268.1645,0.69968486,0.24806355,0.01011664,0.342143,0.012673098,602694,22324,6347362,7638.0,595056.0,14686.0,5729982.0,602694.0,5744668.0,22324.0,6325038.0,600574.294072404,20204.294072404,5724463.705927596,63.141518,0.024440896,0.55670404,0.01011664,0.24806355,0.24806355,0.1290901,5518.29407,0.7224789,2.1998541,2.1940324,2.202452,2.2087212,2.2521713,2.225415,87.39565206576354,776.3336911406074,149.41218156495808,v
ver~long,very,long,6049,1678.55946,8123.8012,0.698827,0.2479153,0.00801229,0.3421767,0.010036602,602694,17678,6347362,6049.0,596645.0,11629.0,5733039.0,602694.0,5744668.0,17678.0,6329684.0,601015.440539865,15999.440539865,5728668.559460135,56.193157,0.019501204,0.55674684,0.00801229,0.2479153,0.2479153,0.1279638,4370.44054,0.7225063,2.1864161,2.1798668,2.1893384,2.1963906,2.2452533,2.2151663,77.77531742140305,776.3336911406074,132.95864018558552,v
yet~ready,yet,ready,7505,251.1219,39487.3825,1.6624769,0.24635245,0.13578036,0.25369298,0.13928843,53881,29583,6347362,7505.0,46376.0,22078.0,6271403.0,53881.0,6293481.0,29583.0,6317779.0,53629.878097232,29331.878097232,6264149.121902769,83.732666,0.17983802,1.4754661,0.13578036,0.24635245,0.24635245,0.1910664,7253.8781,0.9665394,5.2071695,5.2016344,5.209639,5.2155986,5.2568645,5.23146,86.63140308225418,232.12281232140884,171.99709299868996,y
too~much,too,much,32475,7328.43433,54942.8819,0.80041397,0.237945,0.06236744,0.3020846,0.07505252,432697,107503,6347362,32475.0,400222.0,75028.0,5839637.0,432697.0,5914665.0,107503.0,6239859.0,425368.565669171,100174.565669171,5814490.434330829,139.54173,0.120233245,0.64653796,0.06236744,0.237945,0.237945,0.15015621,25146.56567,0.7743361,2.513239,2.5105078,2.514458,2.5174,2.5378072,2.525237,180.208212909401,657.7970811732141,327.87650114029213,t
alw~possible,always,possible,7538,608.83251,26221.0233,1.2325332,0.22868569,0.05570483,0.2475859,0.05938753,126929,30446,6347362,7538.0,119391.0,22908.0,6197525.0,126929.0,6220433.0,30446.0,6316916.0,126320.167490684,29837.167490684,6190595.832509317,79.809204,0.09579667,1.0927583,0.05570483,0.22868569,0.22868569,0.14219525,6929.16749,0.91923153,3.9078815,3.9023795,3.9103363,3.9162593,3.9572737,3.9320247,86.82165628459296,356.2709642954362,174.48782192462602,a
eve~aware,even,aware,7091,558.66727,24967.9743,1.2414142,0.22649662,0.054421596,0.2447451,0.05793679,122392,28973,6347362,7091.0,115301.0,21882.0,6203088.0,122392.0,6224970.0,28973.0,6318389.0,121833.332727517,28414.332727517,6196555.667272483,77.57371,0.09369405,1.1035542,0.054421596,0.22649662,0.22649662,0.1404591,6532.33273,0.9212146,3.9363208,3.9306557,3.938848,3.9449465,3.9871695,3.9611776,84.20807562223472,349.8456802648848,170.21457046915813,e
tha~great,that,great,11065,1191.08642,32588.4292,1.1053252,0.21925046,0.06083771,0.24394277,0.06638628,166676,45359,6347362,11065.0,155611.0,34294.0,6146392.0,166676.0,6180686.0,45359.0,6302003.0,165484.913579531,44167.913579531,6136518.086420469,93.86715,0.10436956,0.96800816,0.06083771,0.21925046,0.21925046,0.14004408,9873.91358,0.8923555,3.4956257,3.491105,3.4976425,3.50251,3.536231,3.5154688,105.19030373565806,408.2597212559672,212.97652452793946,t
alw~easy,always,easy,24599,2178.147,83881.8364,1.2428606,0.2094353,0.1802453,0.22583844,0.19380125,126929,108923,6347362,24599.0,102330.0,84324.0,6136109.0,126929.0,6220433.0,108923.0,6238439.0,124750.853004918,106744.853004918,6113688.146995082,142.95305,0.20859692,1.0528302,0.1802453,0.2094353,0.2094353,0.1948403,22420.853,0.91145384,3.781294,3.7783072,3.782627,3.785844,3.808146,3.7944112,156.84068349761804,356.2709642954362,330.0348466450172,a
nea~enough,nearly,enough,5727,71.27578,42422.5942,2.1900547,0.2057902,0.345965,0.20747745,0.34942037,16390,27603,6347362,5727.0,10663.0,21876.0,6309096.0,16390.0,6330972.0,27603.0,6319759.0,16318.72422118,27531.72422118,6303440.27577882,74.7351,0.26035962,1.9049852,0.2057902,0.345965,0.345965,0.2758776,5655.72422,0.98755443,6.544119,6.5379457,6.5468726,6.5535164,6.5994835,6.571193,75.67694497005016,128.0234353546256,166.14150595200465,n
mos~powerful,most,powerful,6266,1317.75261,10871.3268,0.7892102,0.20451476,0.015192949,0.25798747,0.018195122,344378,24288,6347362,6266.0,338112.0,18022.0,5984962.0,344378.0,6002984.0,24288.0,6323074.0,343060.247386552,22970.247386552,5980013.752613448,62.510967,0.033992827,0.6771565,0.015192949,0.20451476,0.20451476,0.109853856,4948.24739,0.78969795,2.485167,2.4790854,2.4878802,2.494427,2.539751,2.5118508,79.1580697086532,586.8372857956454,155.84607791022526,m
tha~hard,that,hard,9963,1183.26121,27269.0476,1.0465804,0.19623429,0.054095995,0.22110029,0.059774652,166676,45061,6347362,9963.0,156713.0,35098.0,6145588.0,166676.0,6180686.0,45061.0,6302301.0,165492.738790698,43877.738790698,6136808.261209303,87.960266,0.094107315,0.9253095,0.054095995,0.19623429,0.19623429,0.12516513,8779.73879,0.88123447,3.307525,3.3028247,3.3096218,3.314682,3.3497274,3.3281517,99.81482855768475,408.2597212559672,212.27576404290716,t
as~big,as,big,12397,4435.78768,11442.7926,0.55298424,0.18678693,0.013532573,0.28889355,0.018894322,656123,42912,6347362,12397.0,643726.0,30515.0,5660724.0,656123.0,5691239.0,42912.0,6304450.0,651687.212317495,38476.212317495,5652762.787682505,71.50245,0.035468895,0.44634587,0.013532573,0.18678693,0.18678693,0.10015976,7961.21232,0.6421886,1.7343867,1.7299917,1.7363477,1.7410805,1.7738832,1.7536832,111.34181604410807,810.0141974064405,207.15211801958483,a
mos~important,most,important,32531,7547.67116,52169.4152,0.7612589,0.1836131,0.076708056,0.23384419,0.09446306,344378,139114,6347362,32531.0,311847.0,106583.0,5896401.0,344378.0,6002984.0,139114.0,6208248.0,336830.328842754,131566.328842754,5871417.671157246,138.51653,0.13456686,0.63448447,0.076708056,0.1836131,0.1836131,0.13016059,24983.328840000002,0.7679853,2.3623564,2.3597484,2.3635204,2.3663294,2.3858085,2.3738112,180.36352181081406,586.8372857956454,372.9798922194064,m
qui~sure,quite,sure,26430,2537.27401,86032.5419,1.2051471,0.18196462,0.20284,0.19703442,0.22013627,120062,134139,6347362,26430.0,93632.0,107709.0,6119591.0,120062.0,6227300.0,134139.0,6213223.0,117524.725992625,131601.725992625,6095698.274007375,146.96608,0.20794567,1.0177298,0.18196462,0.20284,0.20284,0.19240232,23892.72599,0.9040002,3.616542,3.6137116,3.617805,3.6208534,3.6419845,3.628971,162.5730604989646,346.49963924945143,366.24991467575796,q
mor~excited,more,excited,8069,2647.26242,8339.6481,0.5833854,0.17958705,0.010723801,0.26599637,0.014567112,553919,30335,6347362,8069.0,545850.0,22266.0,5771177.0,553919.0,5793443.0,30335.0,6317027.0,551271.73758374,27687.73758374,5765755.26241626,60.357136,0.027621549,0.48402274,0.010723801,0.17958705,0.17958705,0.095155425,5421.73758,0.67192185,1.8211242,1.8157462,1.8235236,1.8293138,1.8694174,1.844727,89.8276126811795,744.2573479650705,174.16945771288374,m
too~small,too,small,5294,1463.05552,6777.1839,0.65505856,0.17910455,0.009501345,0.24666853,0.01223489,432697,21462,6347362,5294.0,427403.0,16168.0,5898497.0,432697.0,5914665.0,21462.0,6325900.0,431233.944479612,19998.944479612,5894666.055520388,52.651882,0.023313422,0.5585231,0.009501345,0.17910455,0.17910455,0.094302945,3830.94448,0.72363895,2.0386229,2.032045,2.0415573,2.0486374,2.097635,2.0674772,72.75987905432498,657.7970811732141,146.49914675519446,t
too~hard,too,hard,11025,3071.78943,14042.016,0.6549019,0.1777607,0.019725213,0.24466833,0.025479725,432697,45061,6347362,11025.0,421672.0,34036.0,5880629.0,432697.0,5914665.0,45061.0,6302301.0,429625.210567319,41989.210567319,5872675.789432681,75.744865,0.046153072,0.55498713,0.019725213,0.1777607,0.1777607,0.09874296,7953.21057,0.72137964,2.061319,2.0567882,2.063341,2.0682194,2.1020176,2.0812078,105.0,657.7970811732141,212.27576404290716,t
so~great,so,great,11795,4048.21887,11404.3254,0.5612443,0.17201744,0.015015077,0.2600366,0.020821124,566492,45359,6347362,11795.0,554697.0,33564.0,5747306.0,566492.0,5780870.0,45359.0,6302003.0,562443.781129231,41310.781129231,5739559.218870768,71.33002,0.038555138,0.46443397,0.015015077,0.17201744,0.17201744,0.09351626,7746.781129999999,0.6567852,1.7591681,1.754746,1.7611412,1.765903,1.7988973,1.778581,108.60478810807561,752.6566282176753,212.97652452793946,s
too~many,too,many,22032,6672.64297,25261.0829,0.61593604,0.15937318,0.038093623,0.22508505,0.05091785,432697,97883,6347362,22032.0,410665.0,75851.0,5838814.0,432697.0,5914665.0,97883.0,6249479.0,426024.357026273,91210.357026273,5823454.642973727,103.47753,0.08304874,0.51875603,0.038093623,0.15937318,0.15937318,0.098733395,15359.35703,0.69713855,1.929842,1.9266859,1.9312503,1.9346492,1.9582105,1.9437007,148.43180252223578,657.7970811732141,312.8625896459978,t
as~good,as,good,51616,20802.47149,39467.2659,0.5000086,0.15812875,0.052377243,0.25648466,0.07866818,656123,201244,6347362,51616.0,604507.0,149628.0,5541611.0,656123.0,5691239.0,201244.0,6146118.0,635320.528514681,180441.528514681,5510797.47148532,135.62798,0.120405845,0.3946694,0.052377243,0.15812875,0.15812875,0.105253,30813.52851,0.5969763,1.5416261,1.5395278,1.5425626,1.5448229,1.5605026,1.5508442,227.19154913860683,810.0141974064405,448.60227373476386,a
eve~more,even,more,8475,951.23646,23745.1583,1.0515805,0.15370746,0.06268132,0.17179519,0.06924472,122392,49332,6347362,8475.0,113917.0,40857.0,6184113.0,122392.0,6224970.0,49332.0,6298030.0,121440.763542398,48380.763542398,6176589.236457602,81.72695,0.0987049,0.9498512,0.06268132,0.15370746,0.15370746,0.10819439,7523.76354,0.8877597,3.3061252,3.3011694,3.3083358,3.3136702,3.350591,3.3278654,92.05976319760984,349.8456802648848,222.10808179802913,e
ver~good,very,good,48758,19108.49757,38850.2075,0.5089403,0.15215522,0.054356173,0.242283,0.080900095,602694,201244,6347362,48758.0,553936.0,152486.0,5592182.0,602694.0,5744668.0,201244.0,6146118.0,583585.502432664,182135.502432664,5562532.497567336,134.27478,0.12129791,0.40681934,0.054356173,0.15215522,0.15215522,0.1032557,29649.50243,0.6080951,1.567404,1.5652647,1.5683588,1.5706633,1.5866481,1.576802,220.8121373475652,776.3336911406074,448.60227373476386,v
too~big,too,big,9304,2925.29301,9951.4566,0.58495516,0.14965801,0.015820198,0.21681581,0.021502346,432697,42912,6347362,9304.0,423393.0,33608.0,5881057.0,432697.0,5914665.0,42912.0,6304450.0,429771.706994181,39986.706994181,5874678.293005819,66.12989,0.039124575,0.50250036,0.015820198,0.14965801,0.14965801,0.0827391,6378.706990000001,0.6855876,1.8287451,1.823892,1.8309103,1.8361351,1.8723154,1.850042,96.45724441429995,657.7970811732141,207.15211801958483,t
as~bad,as,bad,29028,12353.5736,19475.5488,0.45717797,0.14220184,0.02834341,0.24289384,0.044241704,656123,119509,6347362,29028.0,627095.0,90481.0,5600758.0,656123.0,5691239.0,119509.0,6227853.0,643769.426404072,107155.426404071,5584083.573595929,97.86837,0.074849926,0.37102452,0.02834341,0.14220184,0.14220184,0.085272625,16674.4264,0.5744256,1.4241678,1.4213899,1.4254074,1.4283994,1.4491459,1.4363682,170.37605465557652,810.0141974064405,345.70073763299956,a
ver~small,very,small,5029,2037.8574,3606.0721,0.46735743,0.13984208,0.005483636,0.23432113,0.008344201,602694,21462,6347362,5029.0,597665.0,16433.0,5728235.0,602694.0,5744668.0,21462.0,6325900.0,600656.142599083,19424.142599083,5725243.857400917,42.179,0.01611456,0.39230785,0.005483636,0.13984208,0.13984208,0.07266286,2991.1426,0.5947788,1.4186907,1.4119896,1.42168,1.428892,1.4787922,1.4480813,70.9154426059656,776.3336911406074,146.49914675519446,v
mor~powerful,more,powerful,5415,2119.55528,4105.0314,0.4801256,0.13620318,0.006518149,0.22294961,0.009775798,553919,24288,6347362,5415.0,548504.0,18873.0,5774570.0,553919.0,5793443.0,24288.0,6323074.0,551799.444715143,22168.444715143,5771274.555284857,44.783165,0.018730316,0.4073537,0.006518149,0.13620318,0.13620318,0.07136067,3295.44472,0.6085771,1.4650685,1.4586585,1.4679278,1.4748267,1.5225599,1.4931823,73.58668357794092,744.2573479650705,155.84607791022526,m
muc~different,much,different,12105,1661.02147,29530.4565,0.96158075,0.13117538,0.08156481,0.15010603,0.09258976,130738,80643,6347362,12105.0,118633.0,68538.0,6148086.0,130738.0,6216624.0,80643.0,6266719.0,129076.978534074,78981.978534074,6137642.021465925,94.92565,0.11453253,0.86258954,0.08156481,0.13117538,0.13117538,0.10637009,10443.97853,0.8627822,2.9932902,2.989204,2.995113,2.9995117,3.02997,3.0112197,110.02272492535349,361.57710104485324,283.9771117537468,m
as~effective,as,effective,9355,4144.69945,5651.8848,0.42544776,0.13077173,0.008856537,0.23331505,0.014257997,656123,40096,6347362,9355.0,646768.0,30741.0,5660498.0,656123.0,5691239.0,40096.0,6307266.0,651978.30054722,35951.300547219,5655287.69945278,53.869244,0.026873728,0.35355076,0.008856537,0.13077173,0.13077173,0.06981413,5210.30055,0.55695355,1.3084104,1.3035216,1.3105915,1.3158548,1.3523068,1.3298651,96.7212489580237,810.0141974064405,200.23985617254124,a
as~easy,as,easy,25239,11259.30513,15230.4389,0.42825943,0.13058564,0.023762869,0.23171414,0.038466875,656123,108923,6347362,25239.0,630884.0,83684.0,5607555.0,656123.0,5691239.0,108923.0,6238439.0,644863.694869932,97663.694869932,5593575.305130068,87.995735,0.065980345,0.35056055,0.023762869,0.13058564,0.13058564,0.077174254,13979.69487,0.55389255,1.3316362,1.3286767,1.3329568,1.3361442,1.3582422,1.3446327,158.86786962756187,810.0141974064405,330.0348466450172,a
mor~comfortable,more,comfortable,5181,2086.3936,3715.9174,0.46414092,0.1299275,0.006120906,0.21670571,0.009353353,553919,23908,6347362,5181.0,548738.0,18727.0,5774716.0,553919.0,5793443.0,23908.0,6323454.0,551832.606400265,21821.606400265,5771621.393599735,42.993088,0.017932704,0.39501736,0.006120906,0.1299275,0.1299275,0.0680242,3094.6064,0.59729904,1.4103049,1.4037737,1.4132184,1.4202473,1.4688741,1.438948,71.97916365171243,744.2573479650705,154.62212002168383,m
mor~expensive,more,expensive,6633,2695.7832,4678.0731,0.45977855,0.12807846,0.007787528,0.21472274,0.011974675,553919,30891,6347362,6633.0,547286.0,24258.0,5769185.0,553919.0,5793443.0,30891.0,6316471.0,551223.21680235,28195.21680235,5765247.78319765,48.343082,0.022684291,0.39102504,0.007787528,0.12807846,0.12807846,0.067933,3937.2168,0.5935801,1.4078871,1.402133,1.4104539,1.4166474,1.4595126,1.4331286,81.44323176298937,744.2573479650705,175.7583568425695,m
ver~happy,very,happy,10341,4451.72427,6575.0715,0.43568596,0.1265485,0.010796758,0.22056565,0.01715796,602694,46884,6347362,10341.0,592353.0,36543.0,5708125.0,602694.0,5744668.0,46884.0,6300478.0,598242.275725254,42432.275725254,5702235.724274746,57.91361,0.031839132,0.36603427,0.010796758,0.1265485,0.1265485,0.06867263,5889.27573,0.56950736,1.3447896,1.3401787,1.3468468,1.351811,1.3861933,1.3650255,101.69070754006975,776.3336911406074,216.527134558235,v
tha~big,that,big,6273,1126.83041,12074.7189,0.8168011,0.12074006,0.03170791,0.14618288,0.037635893,166676,42912,6347362,6273.0,160403.0,36639.0,6144047.0,166676.0,6180686.0,42912.0,6304450.0,165549.169592029,41785.169592029,6138900.830407972,64.97502,0.059860297,0.74561673,0.03170791,0.12074006,0.12074006,0.076223984,5146.1695899999995,0.8203682,2.5597723,2.5540798,2.5623114,2.5684373,2.6108046,2.5847332,79.20227269466452,408.2597212559672,207.15211801958483,t
as~high,as,high,9429,4375.41995,5120.5202,0.39928928,0.12019246,0.008590142,0.22276035,0.014370781,656123,42328,6347362,9429.0,646694.0,32899.0,5658340.0,656123.0,5691239.0,42328.0,6305034.0,651747.580046955,37952.580046955,5653286.419953045,52.04348,0.026999747,0.3334459,0.008590142,0.12019246,0.12019246,0.0643913,5053.58005,0.5359614,1.2228705,1.2180326,1.2250289,1.2302374,1.2663069,1.2441012,97.10303805751909,810.0141974064405,205.73769708053018,a
too~bad,too,bad,21898,8146.87831,18056.9124,0.5019866,0.11727148,0.034104943,0.18323307,0.05060816,432697,119509,6347362,21898.0,410799.0,97611.0,5817054.0,432697.0,5914665.0,119509.0,6227853.0,424550.121694808,111362.121694808,5803302.878305192,92.92571,0.07931098,0.42941323,0.034104943,0.11727148,0.11727148,0.07568821,13751.12169,0.62796247,1.5585061,1.5554196,1.5598832,1.563207,1.5862424,1.5720575,147.97972834141845,657.7970811732141,345.70073763299956,t
mos~likely,most,likely,8463,2693.61265,8681.8879,0.5619636,0.11712428,0.017714152,0.17046347,0.024574742,344378,49647,6347362,8463.0,335915.0,41184.0,5961800.0,344378.0,6002984.0,49647.0,6297715.0,341684.387351785,46953.387351785,5956030.612648215,62.714436,0.042956665,0.4971892,0.017714152,0.11712428,0.11712428,0.067419216,5769.38735,0.68171895,1.7477158,1.7427603,1.7499264,1.7552605,1.7921793,1.769455,91.9945650568554,586.8372857956454,222.81606764324695,m
yet~clear,yet,clear,10409,714.9797,39438.8043,1.304817,0.11664177,0.1814557,0.1235827,0.19318499,53881,84227,6347362,10409.0,43472.0,73818.0,6219663.0,53881.0,6293481.0,84227.0,6263135.0,53166.020298669,83512.020298669,6209968.979701331,95.01659,0.1507371,1.1631153,0.11664177,0.1814557,0.1814557,0.14904873,9694.0203,0.93131137,3.9601753,3.9558282,3.9621146,3.9667935,3.99918,3.9792454,102.02450685987166,232.12281232140884,290.21888291425836,y
ver~interesting,very,interesting,6749,3059.06495,3814.0393,0.405397,0.11511809,0.006764726,0.20948568,0.011198054,602694,32217,6347362,6749.0,595945.0,25468.0,5719200.0,602694.0,5744668.0,32217.0,6315145.0,599634.935053334,29157.935053334,5715510.064946666,44.915787,0.021259673,0.34365073,0.006764726,0.11511809,0.11511809,0.060941406,3689.93505,0.546738,1.2300116,1.2243257,1.2325481,1.2386682,1.2810248,1.254954,82.15229759416349,776.3336911406074,179.49094684690925,v
tha~bad,that,bad,16635,3138.19853,31301.6472,0.81626403,0.115102604,0.08315998,0.13919453,0.09980441,166676,119509,6347362,16635.0,150041.0,102874.0,6077812.0,166676.0,6180686.0,119509.0,6227853.0,163537.801472171,116370.801472171,6064315.19852783,104.64523,0.11625347,0.7243424,0.08315998,0.115102604,0.115102604,0.09913129,13496.80147,0.81134963,2.5190344,2.5155766,2.5205772,2.5242999,2.5500875,2.5342107,128.97674208941703,408.2597212559672,345.70073763299956,t
so~sure,so,sure,26839,11971.69318,15928.9902,0.41991413,0.11322793,0.028816326,0.2000835,0.047377545,566492,134139,6347362,26839.0,539653.0,107300.0,5673570.0,566492.0,5780870.0,134139.0,6213223.0,554520.306816596,122167.306816596,5658702.693183404,90.75053,0.07661379,0.35061076,0.028816326,0.11322793,0.11322793,0.07102213,14867.30682,0.5539442,1.2988995,1.2960857,1.300155,1.3031855,1.3241931,1.3112557,163.82612734237478,752.6566282176753,366.24991467575796,s
so~bad,so,bad,23914,10665.98887,14151.943,0.4185128,0.11298089,0.02567775,0.20010209,0.04221419,566492,119509,6347362,23914.0,542578.0,95595.0,5685275.0,566492.0,5780870.0,119509.0,6227853.0,555826.011132814,108843.011132814,5672026.988867186,85.669174,0.069720015,0.3506511,0.02567775,0.11298089,0.11298089,0.06932932,13248.01113,0.5539856,1.2959038,1.2929214,1.2972345,1.3004463,1.322709,1.3089991,154.6415209444087,752.6566282176753,345.70073763299956,s
les~likely,less,likely,6019,516.51992,19676.2223,1.1565293,0.1117058,0.0842002,0.12123593,0.09114587,66037,49647,6347362,6019.0,60018.0,43628.0,6237697.0,66037.0,6281325.0,49647.0,6297715.0,65520.480075817,49130.480075817,6232194.519924182,70.92451,0.10405933,1.0664372,0.0842002,0.1117058,0.1117058,0.09795301,5502.48008,0.9141851,3.606527,3.600791,3.6090856,3.6152577,3.6579323,3.6316745,77.58221445666526,256.9766526359934,222.81606764324695,l
mos~effective,most,effective,6614,2175.42032,6434.1399,0.54300326,0.11140254,0.013628081,0.16495411,0.01920564,344378,40096,6347362,6614.0,337764.0,33482.0,5969502.0,344378.0,6002984.0,40096.0,6307266.0,342202.579677668,37920.579677668,5965063.420322333,54.577286,0.034405448,0.482921,0.013628081,0.11140254,0.11140254,0.06251531,4438.57968,0.6710886,1.6787877,1.6731886,1.6812853,1.6873112,1.728998,1.703343,81.32650244538985,586.8372857956454,200.23985617254124,m
mor~important,more,important,27008,12140.14385,15720.2592,0.41458258,0.10927019,0.029407535,0.19414294,0.04875803,553919,139114,6347362,27008.0,526911.0,112106.0,5681337.0,553919.0,5793443.0,139114.0,6208248.0,541778.856147168,126973.856147168,5666469.143852832,90.46949,0.077941455,0.34726858,0.029407535,0.10927019,0.10927019,0.069338866,14867.85615,0.55049825,1.280616,1.2778211,1.2818632,1.2848731,1.305739,1.292889,164.3411086733931,744.2573479650705,372.9798922194064,m
tha~simple,that,simple,6219,1230.68514,10895.6763,0.76752204,0.10722728,0.030735293,0.13269465,0.03731191,166676,46867,6347362,6219.0,160457.0,40648.0,6140038.0,166676.0,6180686.0,46867.0,6300495.0,165445.314859937,45636.314859937,6135049.685140063,63.254814,0.05824588,0.7035736,0.030735293,0.10722728,0.10722728,0.06898129,4988.31486,0.8021088,2.3978395,2.3921635,2.4003713,2.406479,2.4487157,2.4227257,78.86063656856949,408.2597212559672,216.48787494915274,t
rea~sure,really,sure,17877,3842.99948,29633.5734,0.75380045,0.10688155,0.079450555,0.1332722,0.09830738,181848,134139,6347362,17877.0,163971.0,116262.0,6049252.0,181848.0,6165514.0,134139.0,6213223.0,178005.000518956,130296.000518956,6035217.999481045,104.9625,0.113150224,0.6676243,0.079450555,0.10688155,0.10688155,0.09316605,14034.00052,0.7850311,2.3197074,2.316384,2.3211899,2.324768,2.349554,2.3342934,133.70489893792225,426.43639619525914,366.24991467575796,r
eve~better,even,better,6350,980.06356,13837.4764,0.88107365,0.1065041,0.04473754,0.1249336,0.051882476,122392,50827,6347362,6350.0,116042.0,44477.0,6180493.0,122392.0,6224970.0,50827.0,6296535.0,121411.936442257,49846.936442257,6175123.063557742,67.387955,0.073317595,0.8115195,0.04473754,0.1065041,0.1065041,0.07562082,5369.9364399999995,0.84565926,2.755443,2.7498505,2.7579377,2.7639558,2.8055718,2.779964,79.68688725254614,349.8456802648848,225.44844199949574,e
rea~available,readily,available,8864,174.31921,60952.3763,2.223705,0.10613763,0.65286994,0.10685182,0.6645674,13338,82956,6347362,8864.0,4474.0,74092.0,6259932.0,13338.0,6334024.0,82956.0,6264406.0,13163.680790224,82781.680790224,6251242.319209776,92.29729,0.18410285,1.7062845,0.10613763,0.65286994,0.65286994,0.3795038,8689.68079,0.98033404,5.7404523,5.7357774,5.7425375,5.7475686,5.782377,5.7609544,94.14881836751856,115.49025932952095,288.0208325798674,r
as~many,as,many,20188,10118.10696,9128.5918,0.36053228,0.10448815,0.017116936,0.20624623,0.030768622,656123,97883,6347362,20188.0,635935.0,77695.0,5613544.0,656123.0,5691239.0,97883.0,6249479.0,646004.893043283,87764.893043283,5603474.106956717,70.872574,0.053548645,0.29999402,0.017116936,0.10448815,0.10448815,0.06080254,10069.89304,0.49880588,1.110984,1.1077237,1.1124388,1.1159497,1.1402832,1.1252987,142.08448191129108,810.0141974064405,312.8625896459978,a
so~easy,so,easy,20368,9721.20514,10247.7432,0.3797408,0.09945271,0.020635983,0.18699448,0.035954613,566492,108923,6347362,20368.0,546124.0,88555.0,5692315.0,566492.0,5780870.0,108923.0,6238439.0,556770.794857454,99201.794857454,5681668.205142546,74.601006,0.06031255,0.32122827,0.020635983,0.09945271,0.09945271,0.06004435,10646.79486,0.52272165,1.170482,1.1672735,1.1719136,1.1753688,1.1993128,1.1845685,142.71650219929018,752.6566282176753,330.0348466450172,s
ver~high,very,high,8170,4019.12348,3788.7364,0.36125502,0.0987229,0.007609766,0.19301644,0.013555801,602694,42328,6347362,8170.0,594524.0,34158.0,5710510.0,602694.0,5744668.0,42328.0,6305034.0,598674.876522877,38308.876522877,5706359.123477124,45.922844,0.02533247,0.30809072,0.007609766,0.0987229,0.0987229,0.053166334,4150.87652,0.5080632,1.0929071,1.0877963,1.0951871,1.1006886,1.1387705,1.1153294,90.38805230781334,776.3336911406074,205.73769708053018,v
any~better,any,better,5004,130.02706,28923.0683,1.7860448,0.09666745,0.3009283,0.09845161,0.30816603,16238,50827,6347362,5004.0,11234.0,45823.0,6285301.0,16238.0,6331124.0,50827.0,6296535.0,16107.972938994,50696.972938994,6280427.027061006,68.90083,0.14922836,1.5852835,0.09666745,0.3009283,0.3009283,0.19879788,4873.97294,0.97401536,5.2954946,5.289266,5.2982726,5.3049736,5.351274,5.322791,70.73895673530957,127.42841127472319,225.44844199949574,a
too~happy,too,happy,7635,3196.06258,4936.1115,0.4295892,0.095383696,0.011009263,0.16284873,0.017645141,432697,46884,6347362,7635.0,425062.0,39249.0,5875416.0,432697.0,5914665.0,46884.0,6300478.0,429500.937423452,43687.937423452,5870977.062576547,50.80126,0.031840295,0.37819377,0.011009263,0.095383696,0.095383696,0.05319648,4438.93742,0.58139324,1.3133322,1.3081331,1.3156513,1.3212471,1.3599678,1.3361363,87.37848705488096,657.7970811732141,216.527134558235,t
eve~sure,even,sure,14473,2586.51397,28422.733,0.83520836,0.0905263,0.09902765,0.10789554,0.11825119,122392,134139,6347362,14473.0,107919.0,119666.0,6105304.0,122392.0,6224970.0,134139.0,6213223.0,119805.486029629,131552.486029629,6093417.51397037,98.803925,0.112836264,0.74784374,0.0905263,0.09902765,0.09902765,0.09477697,11886.48603,0.821287,2.5523698,2.5487227,2.553997,2.5579236,2.5851114,2.5683744,120.30378215168466,349.8456802648848,366.24991467575796,e
mor~effective,more,effective,6995,3499.08139,3068.4611,0.347492,0.087742984,0.006914672,0.1744563,0.0126282,553919,40096,6347362,6995.0,546924.0,33101.0,5760342.0,553919.0,5793443.0,40096.0,6307266.0,550419.918614064,36596.918614064,5756846.081385937,41.79915,0.023551594,0.30083367,0.006914672,0.087742984,0.087742984,0.047328826,3495.91861,0.49977392,1.0415162,1.036045,1.0439569,1.0498453,1.0905898,1.0655133,83.63611660042568,744.2573479650705,200.23985617254124,m
ent~sure,entirely,sure,12947,1538.71714,35299.7188,1.0406531,0.08688435,0.15850168,0.096519284,0.17781654,72811,134139,6347362,12947.0,59864.0,121192.0,6153359.0,72811.0,6274551.0,134139.0,6213223.0,71272.282855933,132600.282855933,6141950.717144067,100.26185,0.12512201,0.9250104,0.08688435,0.15850168,0.15850168,0.12269302,11408.28286,0.88115263,3.1305618,3.126726,3.132273,3.1364021,3.1649868,3.1473913,113.7848847606746,269.8351348508937,366.24991467575796,e
mor~difficult,more,difficult,10466,5366.08426,4313.6737,0.33595526,0.08375028,0.010087261,0.17020653,0.018894458,553919,61490,6347362,10466.0,543453.0,51024.0,5742419.0,553919.0,5793443.0,61490.0,6285872.0,548552.915741689,56123.915741689,5737319.08425831,49.850857,0.034013152,0.29012325,0.010087261,0.08375028,0.08375028,0.04691877,5099.91574,0.48728412,1.0176095,1.0131607,1.0195942,1.0243834,1.0575424,1.0371301,102.30347012687302,744.2573479650705,247.9717725871233,m
yet~available,yet,available,7461,704.19053,23183.8743,1.121845,0.08252913,0.12647606,0.089939244,0.13847181,53881,82956,6347362,7461.0,46420.0,75495.0,6217986.0,53881.0,6293481.0,82956.0,6264406.0,53176.809466043,82251.809466043,6211229.190533957,78.22456,0.109049454,1.0251069,0.08252913,0.12647606,0.12647606,0.104502596,6756.80947,0.9056171,3.4342036,3.4291453,3.4364595,3.4419024,3.4795432,3.456381,86.37708029332781,232.12281232140884,288.0208325798674,y
ver~strong,very,strong,6592,3564.30394,2346.4403,0.3100368,0.081136666,0.005550649,0.17560872,0.010937557,602694,37538,6347362,6592.0,596102.0,30946.0,5713722.0,602694.0,5744668.0,37538.0,6309824.0,599129.69606208,33973.696062081,5710694.303937919,37.29097,0.020592535,0.26704246,0.005550649,0.081136666,0.081136666,0.04334366,3027.69606,0.45929855,0.9158902,0.9102478,0.91840714,0.9244797,0.9664935,0.94063663,81.19113252073775,776.3336911406074,193.74725804511402,v
too~high,too,high,6202,2885.48197,3172.8152,0.37409586,0.07887883,0.008225487,0.1465224,0.014333356,432697,42328,6347362,6202.0,426495.0,36126.0,5878539.0,432697.0,5914665.0,42328.0,6305034.0,429811.51802875,39442.51802875,5875222.481971251,42.11303,0.02611231,0.3323134,0.008225487,0.07887883,0.07887883,0.043552157,3316.51803,0.53474975,1.1232758,1.1175491,1.1258302,1.1319926,1.174613,1.148386,78.75277772878871,657.7970811732141,205.73769708053018,t
ent~clear,entirely,clear,7485,966.17336,18751.969,0.9663337,0.078436755,0.09056973,0.08886699,0.1028004,72811,84227,6347362,7485.0,65326.0,76742.0,6197809.0,72811.0,6274551.0,84227.0,6263135.0,71844.826635853,83260.826635853,6191290.173364148,75.34831,0.09532724,0.88913673,0.078436755,0.09056973,0.09056973,0.08450324,6518.82664,0.87091875,2.9766836,2.9716365,2.9789348,2.9843657,3.021924,2.9988127,86.51589449343976,269.8351348508937,290.21888291425836,e
so~simple,so,simple,7765,4182.80548,2777.6721,0.30981052,0.07700175,0.006943132,0.16568162,0.013707166,566492,46867,6347362,7765.0,558727.0,39102.0,5741768.0,566492.0,5780870.0,46867.0,6300495.0,562309.19451892,42684.19451892,5738185.80548108,40.651672,0.025319593,0.26867378,0.006943132,0.07700175,0.07700175,0.041972443,3582.19452,0.46132576,0.92206275,0.91689986,0.9243658,0.9299227,0.96837676,0.94470894,88.11923740024082,752.6566282176753,216.48787494915274,s
mor~interesting,more,interesting,5229,2811.50003,1870.2737,0.30886292,0.075420834,0.004781639,0.16230561,0.009440008,553919,32217,6347362,5229.0,548690.0,26988.0,5766455.0,553919.0,5793443.0,32217.0,6315145.0,551107.499974793,29405.499974793,5764037.500025207,33.4316,0.017842276,0.26948056,0.004781639,0.075420834,0.075420834,0.040101238,2417.49997,0.46232548,0.900877,0.8945756,0.90368754,0.91046786,0.95735085,0.928503,72.3118247591637,744.2573479650705,179.49094684690925,m
ver~difficult,very,difficult,10159,5838.59154,2991.7931,0.27914092,0.070949286,0.007920567,0.16521385,0.016855983,602694,61490,6347362,10159.0,592535.0,51331.0,5693337.0,602694.0,5744668.0,61490.0,6285872.0,596855.408462287,55651.408462287,5689016.591537713,42.864655,0.030590922,0.24054287,0.007920567,0.070949286,0.070949286,0.03943493,4320.40846,0.4252789,0.8310404,0.8265367,0.83304954,0.8378976,0.8714615,0.8508005,100.79186475107998,776.3336911406074,247.9717725871233,v
tha~easy,that,easy,10231,2860.21972,12207.944,0.6053381,0.06885115,0.045414757,0.09392874,0.061382562,166676,108923,6347362,10231.0,156445.0,98692.0,6081994.0,166676.0,6180686.0,108923.0,6238439.0,163815.780282265,106062.780282265,6074623.219717734,72.87095,0.07424555,0.5535187,0.045414757,0.06885115,0.06885115,0.057132952,7370.78028,0.720436,1.861655,1.8573383,1.8635806,1.8682266,1.9003773,1.8805894,101.14840582035883,408.2597212559672,330.0348466450172,t
all~bad,all,bad,8674,879.53758,26056.5684,1.1049969,0.06647226,0.16809204,0.07258031,0.18568309,46714,119509,6347362,8674.0,38040.0,110835.0,6189813.0,46714.0,6300648.0,119509.0,6227853.0,45834.46241793,118629.46241793,6182018.53758207,83.69056,0.104365826,0.993965,0.06647226,0.16809204,0.16809204,0.11728215,7794.46242,0.8986007,3.3128803,3.308237,3.3149514,3.3199482,3.35451,3.3332412,93.13431161500041,216.1342175593675,345.70073763299956,a
too~difficult,too,difficult,8171,4191.74746,3272.0995,0.3255083,0.06534686,0.009869172,0.1328834,0.018883884,432697,61490,6347362,8171.0,424526.0,53319.0,5861346.0,432697.0,5914665.0,61490.0,6285872.0,428505.252541765,57298.252541765,5857366.747458235,44.021404,0.033068456,0.2898801,0.009869172,0.06534686,0.06534686,0.037608016,3979.2525400000004,0.486997,0.974105,0.9691645,0.9763088,0.98162603,1.0184159,0.99577355,90.39358384310249,657.7970811732141,247.9717725871233,t
tha~difficult,that,difficult,5571,1614.67193,6251.6001,0.5783881,0.0649704,0.024376752,0.090600096,0.033424128,166676,61490,6347362,5571.0,161105.0,55919.0,6124767.0,166676.0,6180686.0,61490.0,6285872.0,165061.328071725,59875.328071725,6120810.671928275,53.006084,0.048832867,0.5378489,0.024376752,0.0649704,0.0649704,0.044673577,3956.32807,0.7101648,1.7754074,1.7695347,1.7780266,1.7843447,1.8280096,1.8011463,74.63913182774837,408.2597212559672,247.9717725871233,t
ver~different,very,different,12818,7657.20503,3309.585,0.25979003,0.0648191,0.00946124,0.15894745,0.02126784,602694,80643,6347362,12818.0,589876.0,67825.0,5676843.0,602694.0,5744668.0,80643.0,6266719.0,595036.794968682,72985.794968681,5671682.205031319,45.583374,0.037515897,0.22375,0.00946124,0.0648191,0.0648191,0.03714017,5160.79497,0.4026209,0.77408826,0.77009916,0.775868,0.7801627,0.80990416,0.7915943,113.21660655575224,776.3336911406074,283.9771117537468,v
as~much,as,much,17518,11112.52058,3642.4788,0.23237704,0.060610734,0.010888118,0.16295359,0.026699262,656123,107503,6347362,17518.0,638605.0,89985.0,5601254.0,656123.0,5691239.0,107503.0,6239859.0,645010.479417591,96390.479417591,5594848.520582409,48.39599,0.0458811,0.19767195,0.010888118,0.060610734,0.060610734,0.035749428,6405.47942,0.3656513,0.6916218,0.68820775,0.69314504,0.69682115,0.72228926,0.70660806,132.3555816730069,810.0141974064405,327.87650114029213,a
exa~sure,exactly,sure,8810,940.48329,25681.6108,1.085173,0.059933458,0.17807971,0.06567814,0.19796418,44503,134139,6347362,8810.0,35693.0,125329.0,6177530.0,44503.0,6302859.0,134139.0,6213223.0,43562.516706783,133198.516706783,6169660.483293217,83.841705,0.09863302,0.97162485,0.059933458,0.17807971,0.17807971,0.11900658,7869.51671,0.8932482,3.2294686,3.224878,3.2315164,3.2364564,3.2706256,3.2495985,93.86160024205851,210.95734165939805,366.24991467575796,e
now~available,now,available,5153,267.50379,22304.8825,1.4317888,0.0596725,0.23946166,0.062117267,0.25175884,20468,82956,6347362,5153.0,15315.0,77803.0,6249091.0,20468.0,6326894.0,82956.0,6264406.0,20200.496207401,82688.496207401,6244205.503792599,68.05791,0.09964805,1.2847302,0.0596725,0.23946166,0.23946166,0.14956708,4885.49621,0.94808775,4.242999,4.2369742,4.245686,4.2521667,4.2969365,4.2693973,71.78439941937245,143.06641814206435,288.0208325798674,n
cur~available,currently,available,5021,160.06053,27463.2818,1.7465488,0.05937256,0.3976759,0.06052606,0.40997794,12247,82956,6347362,5021.0,7226.0,77935.0,6257180.0,12247.0,6335115.0,82956.0,6264406.0,12086.939469027,82795.939469027,6252319.060530974,68.60016,0.105479866,1.496506,0.05937256,0.3976759,0.3976759,0.22852422,4860.93947,0.96812177,4.9445343,4.9384336,4.947255,4.9538174,4.999145,4.9712634,70.8590149522275,110.66616465749593,288.0208325798674,c
tha~different,that,different,6547,2117.61243,6298.8617,0.52760524,0.055632688,0.027291488,0.081184976,0.0392798,166676,80643,6347362,6547.0,160129.0,74096.0,6106590.0,166676.0,6180686.0,80643.0,6266719.0,164558.387570143,78525.387570143,6102160.612429856,54.742233,0.05294377,0.49019587,0.027291488,0.055632688,0.055632688,0.041462086,4429.38757,0.67655224,1.6113656,1.6059833,1.6137662,1.6195573,1.6595919,1.6349596,80.9135340965898,408.2597212559672,283.9771117537468,t
als~available,also,available,5081,654.89288,12621.6879,0.9548506,0.054061424,0.08903245,0.061249338,0.10139895,50109,82956,6347362,5081.0,45028.0,77875.0,6219378.0,50109.0,6297253.0,82956.0,6264406.0,49454.107116311,82301.107116311,6214951.892883689,62.09367,0.07636869,0.8897789,0.054061424,0.08903245,0.08903245,0.071546935,4426.10712,0.8711094,2.9221354,2.9160695,2.9248405,2.9313653,2.9764366,2.9487126,71.28113354878694,223.8503964704999,288.0208325798674,a
so~hard,so,hard,6180,4021.62284,1118.1703,0.21191268,0.04824148,0.004183441,0.13714743,0.010909245,566492,45061,6347362,6180.0,560312.0,38881.0,5741989.0,566492.0,5780870.0,45061.0,6302301.0,562470.377156998,41039.377156998,5739830.622843002,27.455736,0.02021084,0.18658714,0.004183441,0.04824148,0.04824148,0.026212461,2158.37716,0.34925196,0.5907882,0.5850802,0.59333414,0.5994762,0.64195174,0.6158147,78.61297602813418,752.6566282176753,212.27576404290716,s
so~happy,so,happy,6326,4184.3227,1064.2401,0.20370004,0.04602027,0.004151072,0.13492876,0.011166971,566492,46884,6347362,6326.0,560166.0,40558.0,5740312.0,566492.0,5780870.0,46884.0,6300478.0,562307.677295859,42699.677295859,5738170.322704141,26.927092,0.020626826,0.17950402,0.004151072,0.04602027,0.04602027,0.02508567,2141.6773000000003,0.33855158,0.5649394,0.55930567,0.5674522,0.5735145,0.6154393,0.58964086,79.5361553005927,752.6566282176753,216.527134558235,s
pre~good,pretty,good,10355,2233.75392,16876.6915,0.73985153,0.041676585,0.11656402,0.05145495,0.14697532,70454,201244,6347362,10355.0,60099.0,190889.0,6086019.0,70454.0,6276908.0,201244.0,6146118.0,68220.246075771,199010.246075771,6077897.753924228,79.80822,0.076224335,0.66611475,0.041676585,0.11656402,0.11656402,0.0791203,8121.24608,0.78428257,2.1941571,2.1899588,2.1960297,2.200548,2.2318063,2.212569,101.75952043912157,265.43172380105585,448.60227373476386,p
as~great,as,great,6476,4688.7326,693.3852,0.16112679,0.03968631,0.003038021,0.14277211,0.009870101,656123,45359,6347362,6476.0,649647.0,38883.0,5652356.0,656123.0,5691239.0,45359.0,6302003.0,651434.267396282,40670.267396282,5650568.732603718,22.209364,0.018463766,0.14025137,0.003038021,0.03968631,0.03968631,0.021362165,1787.2673999999997,0.27598324,0.4259214,0.4203308,0.4284151,0.43443123,0.47604167,0.4504357,80.47359815492284,810.0141974064405,212.97652452793946,a
rea~good,really,good,13095,5765.51627,7422.3571,0.39187604,0.037613418,0.04149434,0.065070264,0.07201069,181848,201244,6347362,13095.0,168753.0,188149.0,5977365.0,181848.0,6165514.0,201244.0,6146118.0,176082.483725365,195478.483725365,5970035.516274635,64.050224,0.06836478,0.3562673,0.037613418,0.04149434,0.04149434,0.039553877,7329.48373,0.5597162,1.1681838,1.1644317,1.1698576,1.1738964,1.2018512,1.1846442,114.4333867365639,426.43639619525914,448.60227373476386,r
ver~effective,very,effective,5015,3807.19087,391.4125,0.13537244,0.030314429,0.002214266,0.12507482,0.008320972,602694,40096,6347362,5015.0,597679.0,35081.0,5709587.0,602694.0,5744668.0,40096.0,6307266.0,598886.809134882,36288.809134882,5708379.190865118,17.055437,0.015603852,0.119666286,0.002214266,0.030314429,0.030314429,0.016264347,1207.80913,0.2408393,0.32825878,0.32195002,0.33107245,0.33785972,0.38476986,0.35590956,70.81666470542086,776.3336911406074,200.23985617254124,v
ver~important,very,important,17228,13209.13682,1274.7281,0.1327411,0.029536335,0.007367747,0.123840876,0.028584987,602694,139114,6347362,17228.0,585466.0,121886.0,5622782.0,602694.0,5744668.0,139114.0,6208248.0,589484.86317812,125904.86317812,5618763.13682188,30.618633,0.046448678,0.115360424,0.007367747,0.029536335,0.029536335,0.01845204,4018.8631800000003,0.23327509,0.36667866,0.36331028,0.36818147,0.37180805,0.39692777,0.38146222,131.25547607623844,776.3336911406074,372.9798922194064,v
tha~good,that,good,10941,5284.48589,4982.2467,0.3446971,0.02902808,0.034852374,0.05436684,0.06564233,166676,201244,6347362,10941.0,155735.0,190303.0,5990383.0,166676.0,6180686.0,201244.0,6146118.0,161391.514107436,195959.514107436,5984726.485892564,54.07797,0.059474885,0.31605428,0.02902808,0.034852374,0.034852374,0.03194023,5656.51411,0.51700157,1.0154707,1.0113823,1.0172944,1.0216947,1.0521398,1.0334022,104.59923517884822,408.2597212559672,448.60227373476386,t
ver~popular,very,popular,6248,4853.94047,412.7807,0.12408336,0.027491746,0.002555717,0.12222222,0.010366786,602694,51120,6347362,6248.0,596446.0,44872.0,5699796.0,602694.0,5744668.0,51120.0,6296242.0,597840.059531503,46266.059531503,5698401.940468497,17.636435,0.01911247,0.10964657,0.002555717,0.027491746,0.027491746,0.015023732,1394.0595300000004,0.22312093,0.30286282,0.29723185,0.3053744,0.31143346,0.35333052,0.32755032,79.04429138147802,776.3336911406074,226.09732417700127,v
so~good,so,good,23060,17960.70809,1522.8073,0.1252495,0.026168529,0.009883623,0.11458727,0.040706664,566492,201244,6347362,23060.0,543432.0,178184.0,5602686.0,566492.0,5780870.0,201244.0,6146118.0,548531.291906149,183283.291906149,5597586.708093851,33.579964,0.06007273,0.10853585,0.009883623,0.026168529,0.026168529,0.018026076,5099.29191,0.22113147,0.34683374,0.3439415,0.3481242,0.3512385,0.37281626,0.35953006,151.85519418182574,752.6566282176753,448.60227373476386,s
ver~hard,very,hard,5443,4278.62698,327.5644,0.11808244,0.026024682,0.002134635,0.120791815,0.009031117,602694,45061,6347362,5443.0,597251.0,39618.0,5705050.0,602694.0,5744668.0,45061.0,6302301.0,598415.373015435,40782.373015435,5703885.626984565,15.782397,0.016805736,0.10453391,0.002134635,0.026024682,0.026024682,0.014079658,1164.37302,0.21392119,0.27600244,0.26996568,0.27869484,0.2851898,0.33008668,0.30246356,73.77669008569035,776.3336911406074,212.27576404290716,v
ver~close,very,close,5570,4413.83847,313.9395,0.11410217,0.025055204,0.002119581,0.1198236,0.009241837,602694,46485,6347362,5570.0,597124.0,40915.0,5703753.0,602694.0,5744668.0,46485.0,6300877.0,598280.161528206,42071.161528207,5702596.838471794,15.491409,0.017160136,0.10103876,0.002119581,0.025055204,0.025055204,0.013587393,1156.1615300000003,0.20756939,0.26417366,0.2582106,0.26683325,0.27324903,0.31760058,0.2903126,74.63243262818116,776.3336911406074,215.60380330597138,v
tha~important,that,important,5592,3653.00814,935.6716,0.19654956,0.014250476,0.011947018,0.04019725,0.03355012,166676,139114,6347362,5592.0,161084.0,133522.0,6047164.0,166676.0,6180686.0,139114.0,6208248.0,163022.99185835,135460.99185835,6045225.00814165,25.929396,0.036574118,0.18491653,0.011947018,0.014250476,0.014250476,0.013098747,1938.99186,0.34674388,0.5282028,0.5224863,0.53075206,0.5369011,0.5793807,0.55325025,74.77967638335967,408.2597212559672,372.9798922194064,t
as~important,as,important,15875,14380.13068,172.1497,0.04932818,0.01098643,0.002540999,0.114115044,0.024195159,656123,139114,6347362,15875.0,640248.0,123239.0,5568000.0,656123.0,5691239.0,139114.0,6208248.0,641742.869321775,124733.869321775,5566505.130678225,11.864416,0.039925206,0.042950902,0.002540999,0.01098643,0.01098643,0.0067637144,1494.8693199999998,0.094165,0.09442763,0.090935506,0.09598563,0.09974527,0.12578249,0.1097529,125.99603168354153,810.0141974064405,372.9798922194064,a
as~close,as,close,5277,4805.12655,50.6363,0.04601373,0.010225981,0.000802097,0.11352049,0.008042699,656123,46485,6347362,5277.0,650846.0,41208.0,5650031.0,656123.0,5691239.0,46485.0,6300877.0,651317.873452152,41679.873452152,5649559.126547848,6.4957905,0.015021178,0.040682264,0.000802097,0.010225981,0.010225981,0.005514039,471.87345000000005,0.08942078,0.037200898,0.031091325,0.039925728,0.046498735,0.09192878,0.06397892,72.64296249465602,810.0141974064405,215.60380330597138,a
as~popular,as,popular,5580,5284.24372,18.3153,0.02671673,0.005832503,0.00050273,0.10915493,0.008504503,656123,51120,6347362,5580.0,650543.0,45540.0,5645699.0,656123.0,5691239.0,51120.0,6296242.0,650838.756284264,45835.756284264,5645403.243715736,3.959286,0.015779585,0.02365136,0.00050273,0.005832503,0.005832503,0.0031676164,295.7562799999996,0.053002916,0.0,0.0,0.0,0.0,0.030059947,0.00295314,74.6993975879324,810.0141974064405,226.09732417700127,a
so~different,so,different,7182,7197.25996,-0.036,-0.0009981,-0.000191664,-2.9577e-05,0.08905919,0.012678025,566492,80643,6347362,7182.0,559310.0,73461.0,5707409.0,566492.0,5780870.0,80643.0,6266719.0,559294.740042871,73445.740042871,5707424.259957128,-0.18006554,0.022196297,-0.000921788,-0.000191664,-2.9577e-05,0.000191664,-0.0001106205,-15.25996000000032,-0.0021247508,0.0,0.0,0.0,0.0,0.0,0.0,84.74668135095321,752.6566282176753,283.9771117537468,s
mor~different,more,different,6940,7037.52046,-1.5058,-0.00669208,-0.001224848,-0.000192888,0.0860583,0.012528908,553919,80643,6347362,6940.0,546979.0,73703.0,5719740.0,553919.0,5793443.0,80643.0,6266719.0,546881.479543943,73605.479543943,5719837.520456057,-1.1706201,0.021873355,-0.0060602,-0.001224848,-0.000192888,0.001224848,-0.000708868,-97.52045999999973,-0.014051939,0.0,0.0,0.0,0.0,0.0,0.0,83.30666239863412,744.2573479650705,283.9771117537468,m
too~sure,too,sure,8078,9144.19926,-141.3989,-0.0586778,-0.008120067,-0.002644342,0.060221113,0.018668953,432697,134139,6347362,8078.0,424619.0,126061.0,5788604.0,432697.0,5914665.0,134139.0,6213223.0,423552.800743206,124994.800743206,5789670.199256794,-11.86278,0.028502071,-0.053841833,-0.008120067,-0.002644342,0.008120067,-0.0053822044,-1066.1992599999994,-0.13198802,-0.103009194,-0.09839872,-0.10506847,-0.110043675,-0.14473087,-0.12332794,89.87769467448528,657.7970811732141,366.24991467575796,t
ver~clear,very,clear,6443,7997.51259,-359.8662,-0.10385636,-0.018704427,-0.002849874,0.07649566,0.010690334,602694,84227,6347362,6443.0,596251.0,77784.0,5666884.0,602694.0,5744668.0,84227.0,6263135.0,594696.487405319,76229.487405319,5668438.512594681,-19.366457,0.018759072,-0.0938668,-0.018704427,-0.002849874,0.018704427,-0.01077715,-1554.5125900000003,-0.24127156,-0.24148789,-0.23628843,-0.24381036,-0.2494218,-0.28855824,-0.26440725,80.26830009412184,776.3336911406074,290.21888291425836,v
as~difficult,as,difficult,5044,6356.18439,-325.671,-0.11157491,-0.021548552,-0.002230468,0.082029596,0.007687583,656123,61490,6347362,5044.0,651079.0,56446.0,5634793.0,656123.0,5691239.0,61490.0,6285872.0,649766.815608752,55133.815608752,5636105.184391248,-18.475973,0.014057716,-0.10042141,-0.021548552,-0.002230468,0.021548552,-0.011889511,-1312.1843900000003,-0.26014757,-0.25489095,-0.24901064,-0.25751778,-0.26386514,-0.30815658,-0.28081977,71.02112361825881,810.0141974064405,247.9717725871233,a
ver~easy,very,easy,7854,10342.4444,-727.3537,-0.13234591,-0.023244793,-0.004562043,0.07210598,0.013031489,602694,108923,6347362,7854.0,594840.0,101069.0,5643599.0,602694.0,5744668.0,108923.0,6238439.0,592351.555601524,98580.555601524,5646087.444398476,-28.079056,0.022073671,-0.119532295,-0.023244793,-0.004562043,0.023244793,-0.013903418,-2488.4444000000003,-0.31683785,-0.34311417,-0.3384079,-0.3452162,-0.35029474,-0.38570106,-0.36385465,88.6227961644181,776.3336911406074,330.0348466450172,v
so~important,so,important,7766,12415.70405,-2223.0117,-0.2233873,-0.03417265,-0.009012216,0.05582472,0.013708931,566492,139114,6347362,7766.0,558726.0,131348.0,5649522.0,566492.0,5780870.0,139114.0,6208248.0,554076.295950349,126698.295950349,5654171.704049651,-52.762653,0.022012284,-0.20377396,-0.03417265,-0.009012216,0.03417265,-0.021592434,-4649.70405,-0.59872574,-0.63929313,-0.63460433,-0.64138746,-0.64644736,-0.6817293,-0.6599586,88.12491134747314,752.6566282176753,372.9798922194064,s
too~good,too,good,5717,13718.71891,-6494.7807,-0.4070791,-0.041063193,-0.019845521,0.0284083,0.013212479,432697,201244,6347362,5717.0,426980.0,195527.0,5719138.0,432697.0,5914665.0,201244.0,6146118.0,418978.281094729,187525.281094729,5727139.718905271,-105.82766,0.018036379,-0.38014537,-0.041063193,-0.019845521,0.041063193,-0.030454358,-8001.71891,-1.399636,-1.2203078,-1.214943,-1.2227044,-1.2284956,-1.2689135,-1.243966,75.61084578286372,657.7970811732141,448.60227373476386,t
